date,tmax_f,tmin_f,humidity_pct,pressure_hpa,precip_in,wind_mph,warm_half
2006-01-01,43.0,30.0,   76,1017.3,0.00,4.5,0
2006-01-02,45.0,33.1,   83,1021.3,0.65,4.7,0
2006-01-03,41.0,33.1,   89,1012.9,1.05,15.4,0
2006-01-04,37.9,28.9,   70,1015.2,0.00,8.3,0
2006-01-05,51.1,36.0,   75,1005.4,0.02,8.9,0
2006-01-06,42.1,30.0,   59,1006.8,0.00,13.4,0
2006-01-07,35.1,23.0,   52,1013.9,0.00,9.6,0
2006-01-08,46.9,32.0,   58,1017.3,0.00,7.2,0
2006-01-09,62.1,41.0,   60,1016.3,0.00,9.6,0
2006-01-10,48.0,36.0,   60,1030.5,0.00,6.0,0
2006-01-11,51.1,35.1,   87,1020.7,0.20,4.3,0
2006-01-12,57.9,42.1,   59,1015.6,0.00,9.2,0
2006-01-13,48.9,39.0,   90,1012.5,0.00,3.8,0
2006-01-14,57.0,30.0,   89,991.2,0.84,12.8,0
2006-01-15,30.0,15.1,   50,1001.4,0.16,23.7,0
2006-01-16,30.9,15.1,   47,1013.9,0.00,9.8,0
2006-01-17,44.1,21.9,   61,1019.6,0.14,7.4,0
2006-01-18,62.1,37.0,   72,1005.4,0.61,19.7,0
2006-01-19,46.9,32.0,   49,1024.0,0.00,12.3,0
2006-01-20,62.1,36.0,   57,1021.3,0.00,10.1,0
2006-01-21,63.0,37.9,   56,1019.0,0.00,12.5,0
2006-01-22,42.1,30.0,   44,1035.9,0.00,6.9,0
2006-01-23,41.0,34.0,   87,1017.9,0.75,8.5,0
2006-01-24,46.0,30.0,   62,1009.8,0.00,6.9,0
2006-01-25,44.1,34.0,   63,1004.4,0.00,16.8,0
2006-01-26,36.0,24.1,   48,1021.3,0.00,19.7,0
2006-01-27,43.0,23.0,   41,1032.2,0.00,9.8,0
2006-01-28,59.0,32.0,   38,1023.4,0.00,10.1,0
2006-01-29,52.0,35.1,   72,1012.2,0.16,4.3,0
2006-01-30,61.0,39.9,   82,1008.1,0.00,6.9,0
2006-01-31,43.0,39.0,   79,1005.4,0.24,14.8,0
2006-02-01,43.0,36.0,   54,1013.9,0.00,11.0,0
2006-02-02,52.0,34.0,   70,1015.2,0.00,6.0,0
2006-02-03,63.0,46.0,   72,1006.4,0.43,12.8,0
2006-02-04,52.0,41.0,   81,1006.4,0.25,7.2,0
2006-02-05,55.0,37.9,   58,996.6,0.11,17.7,0
2006-02-06,39.9,33.1,   43,1007.8,0.00,20.8,0
2006-02-07,45.0,30.0,   44,1012.9,0.00,13.4,0
2006-02-08,39.0,27.0,   49,1016.3,0.00,9.6,0
2006-02-09,39.0,23.0,   40,1016.9,0.00,11.6,0
2006-02-10,37.9,24.1,   52,1020.0,0.00,8.7,0
2006-02-11,37.0,28.0,   70,1016.9,0.26,9.8,0
2006-02-12,28.0,23.0,   79,1003.7,1.25,18.1,0
2006-02-13,35.1,15.1,   59,1012.5,0.00,12.5,0
2006-02-14,39.9,21.9,   60,1018.3,0.00,10.3,0
2006-02-15,55.0,27.0,   60,1022.7,0.00,5.8,0
2006-02-16,57.0,35.1,   60,1023.0,0.00,3.4,0
2006-02-17,60.1,32.0,   50,1015.2,0.05,18.8,0
2006-02-18,36.0,15.1,   39,1022.7,0.00,19.5,0
2006-02-19,30.9,14.0,   36,1027.1,0.00,13.0,0
2006-02-20,37.0,19.0,   38,1020.0,0.00,9.6,0
2006-02-21,43.0,26.1,   42,1015.2,0.00,10.1,0
2006-02-22,45.0,27.0,   59,1017.3,0.00,6.5,0
2006-02-23,48.0,35.1,   68,1011.5,0.00,7.4,0
2006-02-24,41.0,28.9,   34,1018.6,0.00,20.1,0
2006-02-25,51.1,26.1,   38,1017.9,0.00,13.9,0
2006-02-26,30.0,19.0,   35,1020.0,0.00,21.3,0
2006-02-27,32.0,17.1,   36,1016.3,0.00,12.3,0
2006-02-28,35.1,21.0,   44,1011.2,0.01,11.4,0
2006-03-01,44.1,27.0,   32,1011.9,0.00,11.6,0
2006-03-02,35.1,28.0,   71,1005.4,0.49,6.7,0
2006-03-03,34.0,23.0,   51,1012.2,0.00,19.0,0
2006-03-04,41.0,25.0,   46,1014.6,0.00,18.3,0
2006-03-05,48.0,30.0,   32,1017.9,0.00,14.8,0
2006-03-06,44.1,30.9,   42,1016.3,0.00,7.2,0
2006-03-07,46.0,30.0,   39,1020.0,0.00,11.9,0
2006-03-08,50.0,26.1,   44,1019.3,0.00,5.8,0
2006-03-09,52.0,41.0,   70,1012.9,0.00,5.8,0
2006-03-10,75.9,43.0,   53,1006.4,0.00,15.9,0
2006-03-11,66.0,46.9,   42,1022.7,0.00,9.8,0
2006-03-12,54.0,48.9,   81,1019.6,0.26,4.5,0
2006-03-13,62.1,48.0,   83,1008.8,0.00,4.3,0
2006-03-14,62.1,39.0,   51,1000.0,0.03,17.2,0
2006-03-15,48.0,35.1,   35,1008.1,0.00,20.4,0
2006-03-16,51.1,35.1,   35,1015.2,0.00,14.8,0
2006-03-17,48.0,32.0,   33,1016.3,0.00,14.8,0
2006-03-18,45.0,30.0,   31,1014.9,0.00,15.4,0
2006-03-19,44.1,30.0,   42,1014.9,0.00,16.1,0
2006-03-20,44.1,27.0,   41,1016.6,0.00,15.2,0
2006-03-21,45.0,24.1,   35,1010.5,0.00,10.5,0
2006-03-22,46.9,30.9,   43,1012.2,0.00,16.1,0
2006-03-23,53.1,35.1,   40,1019.3,0.00,13.4,0
2006-03-24,52.0,33.1,   56,1017.6,0.00,7.2,0
2006-03-25,46.9,39.9,   60,1013.9,0.00,8.9,0
2006-03-26,52.0,33.1,   58,1014.6,0.01,12.1,0
2006-03-27,60.1,36.0,   35,1020.3,0.00,12.5,0
2006-03-28,54.0,39.0,   46,1023.0,0.00,6.0,0
2006-03-29,62.1,37.0,   42,1023.7,0.00,6.0,0
2006-03-30,66.0,41.0,   39,1025.4,0.00,6.5,0
2006-03-31,73.9,45.0,   42,1020.7,0.00,10.1,0
2006-04-01,75.0,55.9,   53,1009.5,0.00,14.5,0
2006-04-02,68.0,46.9,   33,1015.6,0.00,9.4,0
2006-04-03,57.0,48.0,   62,1011.2,0.46,7.8,0
2006-04-04,57.9,43.0,   50,1004.1,0.04,14.5,0
2006-04-05,48.0,33.1,   59,1006.4,0.35,12.1,0
2006-04-06,54.0,39.0,   46,1011.9,0.00,11.4,0
2006-04-07,66.9,39.0,   65,1005.4,0.01,7.6,0
2006-04-08,61.0,37.9,   71,1009.1,0.58,12.5,0
2006-04-09,59.0,36.0,   37,1018.6,0.00,12.3,0
2006-04-10,60.1,39.0,   41,1024.4,0.00,8.9,0
2006-04-11,66.9,42.1,   48,1027.4,0.00,6.5,0
2006-04-12,68.0,48.0,   54,1026.1,0.00,9.2,0
2006-04-13,78.1,57.0,   49,1016.3,0.00,11.4,0
2006-04-14,66.0,51.1,   71,1009.1,0.16,4.3,0
2006-04-15,82.0,51.1,   56,999.3,0.00,11.0,0
2006-04-16,69.1,51.1,   36,1006.4,0.00,14.5,0
2006-04-17,64.0,44.1,   44,1008.8,0.00,14.3,0
2006-04-18,73.9,46.0,   41,1011.2,0.00,13.9,0
2006-04-19,78.1,50.0,   35,1009.1,0.00,12.5,0
2006-04-20,82.9,55.9,   26,1011.5,0.00,8.5,0
2006-04-21,59.0,48.0,   58,1023.7,0.00,11.9,0
2006-04-22,48.9,44.1,   76,1022.7,1.21,12.3,0
2006-04-23,63.0,46.0,   87,1012.2,0.80,7.4,0
2006-04-24,64.0,50.0,   73,1009.8,0.44,8.3,0
2006-04-25,73.0,48.0,   51,1008.5,0.00,11.4,0
2006-04-26,59.0,41.0,   46,1013.2,0.00,9.6,0
2006-04-27,75.0,43.0,   37,1011.2,0.00,7.8,0
2006-04-28,64.9,46.9,   42,1022.7,0.00,11.0,0
2006-04-29,64.0,43.0,   41,1029.8,0.00,9.2,0
2006-04-30,70.0,39.9,   39,1029.5,0.00,7.8,0
2006-05-01,72.0,46.0,   36,1025.1,0.00,11.9,1
2006-05-02,70.0,50.0,   44,1014.9,0.00,8.7,1
2006-05-03,73.0,51.1,   62,1010.5,0.00,10.7,1
2006-05-04,82.9,55.0,   48,1009.5,0.00,7.2,1
2006-05-05,82.0,62.1,   37,1007.1,0.00,9.2,1
2006-05-06,80.1,51.1,   37,1009.1,0.00,12.1,1
2006-05-07,66.9,46.0,   42,1019.3,0.00,8.1,1
2006-05-08,66.0,54.0,   33,1020.3,0.00,7.2,1
2006-05-09,66.0,55.0,   36,1014.9,0.00,13.4,1
2006-05-10,71.1,53.1,   66,1011.5,0.00,9.2,1
2006-05-11,63.0,55.0,   81,1009.5,0.24,10.7,1
2006-05-12,73.9,57.9,   79,1005.4,1.20,8.7,1
2006-05-13,73.0,53.1,   71,1012.2,0.00,8.9,1
2006-05-14,62.1,51.1,   73,1015.9,0.00,9.8,1
2006-05-15,64.9,52.0,   81,1012.2,0.37,9.8,1
2006-05-16,66.9,53.1,   74,1003.7,0.61,9.6,1
2006-05-17,72.0,51.1,   60,1001.0,0.00,12.3,1
2006-05-18,73.9,54.0,   63,998.6,0.00,8.7,1
2006-05-19,63.0,51.1,   75,1001.0,0.91,9.6,1
2006-05-20,71.1,48.0,   54,1004.4,0.00,13.6,1
2006-05-21,72.0,46.9,   46,1020.7,0.02,15.7,1
2006-05-22,66.9,48.9,   45,1014.9,0.00,16.6,1
2006-05-23,71.1,45.0,   43,1015.2,0.00,14.8,1
2006-05-24,75.9,52.0,   37,1014.9,0.00,9.6,1
2006-05-25,78.1,53.1,   44,1011.2,0.00,8.5,1
2006-05-26,75.9,61.0,   77,1004.1,0.00,4.5,1
2006-05-27,86.0,64.9,   60,1007.8,0.00,10.3,1
2006-05-28,82.9,64.9,   59,1019.3,0.00,8.3,1
2006-05-29,93.9,63.0,   56,1017.9,0.00,6.0,1
2006-05-30,87.1,64.9,   64,1019.0,0.00,8.1,1
2006-05-31,73.9,64.0,   77,1021.0,0.00,6.0,1
2006-06-01,93.0,64.9,   72,1014.9,0.65,8.9,1
2006-06-02,82.9,66.9,   82,1010.2,1.53,7.6,1
2006-06-03,68.0,59.0,   88,1005.1,0.68,9.2,1
2006-06-04,70.0,57.9,   70,1007.8,0.03,7.4,1
2006-06-05,71.1,59.0,   69,1011.5,0.00,6.9,1
2006-06-06,73.9,57.9,   69,1014.6,0.00,7.4,1
2006-06-07,64.9,57.0,   85,1007.5,0.79,15.4,1
2006-06-08,69.1,57.9,   82,1008.1,0.15,4.9,1
2006-06-09,78.1,60.1,   63,1005.4,0.00,8.9,1
2006-06-10,69.1,57.0,   50,1003.7,0.00,17.2,1
2006-06-11,73.0,52.0,   49,1007.1,0.00,14.8,1
2006-06-12,75.9,57.0,   60,1012.2,0.00,6.9,1
2006-06-13,82.9,63.0,   55,1014.9,0.00,7.6,1
2006-06-14,79.0,64.0,   65,1013.2,0.00,6.5,1
2006-06-15,82.0,64.9,   46,1012.9,0.00,12.3,1
2006-06-16,88.0,59.0,   36,1019.3,0.00,8.7,1
2006-06-17,88.0,63.0,   48,1019.6,0.00,9.2,1
2006-06-18,95.0,69.1,   50,1016.6,0.00,10.5,1
2006-06-19,91.0,73.9,   58,1012.2,0.00,11.4,1
2006-06-20,88.0,69.1,   59,1011.5,0.00,10.1,1
2006-06-21,84.0,69.1,   50,1017.6,0.00,7.8,1
2006-06-22,93.0,69.1,   59,1016.9,0.00,9.2,1
2006-06-23,91.0,73.9,   62,1016.6,0.22,7.8,1
2006-06-24,77.0,71.1,   87,1018.3,0.75,4.7,1
2006-06-25,78.1,70.0,   84,1019.3,0.02,6.7,1
2006-06-26,79.0,70.0,   83,1019.3,0.11,7.4,1
2006-06-27,80.1,71.1,   78,1020.7,0.02,11.4,1
2006-06-28,89.1,71.1,   70,1015.6,0.81,12.3,1
2006-06-29,87.1,66.9,   71,1015.2,0.22,8.3,1
2006-06-30,84.0,63.0,   58,1015.2,0.01,10.3,1
2006-07-01,87.1,62.1,   54,1019.6,0.00,12.1,1
2006-07-02,91.9,71.1,   63,1015.9,0.13,15.2,1
2006-07-03,91.0,72.0,   62,1015.9,0.00,8.7,1
2006-07-04,89.1,75.9,   64,1012.9,0.15,9.4,1
2006-07-05,80.1,69.1,   78,1012.9,1.61,6.5,1
2006-07-06,80.1,63.0,   61,1016.9,0.25,9.4,1
2006-07-07,82.9,64.0,   51,1022.7,0.00,8.1,1
2006-07-08,84.0,66.9,   57,1021.0,0.00,6.3,1
2006-07-09,84.9,66.0,   57,1016.9,0.04,10.7,1
2006-07-10,88.0,64.9,   63,1017.3,0.00,8.5,1
2006-07-11,93.0,72.0,   61,1018.3,0.00,10.7,1
2006-07-12,86.0,73.0,   76,1016.3,1.06,8.7,1
2006-07-13,86.0,70.0,   70,1012.9,0.00,11.4,1
2006-07-14,88.0,68.0,   66,1015.6,0.00,5.1,1
2006-07-15,82.9,69.1,   68,1013.5,0.00,4.0,1
2006-07-16,96.1,73.0,   50,1013.9,0.00,8.5,1
2006-07-17,98.1,75.0,   51,1013.9,0.00,7.8,1
2006-07-18,98.1,73.0,   58,1014.2,0.17,11.2,1
2006-07-19,88.0,73.0,   67,1019.6,0.00,7.8,1
2006-07-20,84.9,71.1,   69,1018.3,0.00,11.2,1
2006-07-21,91.9,71.1,   77,1012.2,3.23,7.8,1
2006-07-22,82.9,73.0,   83,1007.1,0.07,8.3,1
2006-07-23,81.0,69.1,   71,1010.8,0.00,6.3,1
2006-07-24,87.1,64.0,   57,1015.9,0.00,6.0,1
2006-07-25,84.0,70.0,   64,1016.9,0.00,10.5,1
2006-07-26,88.0,70.0,   70,1014.6,0.00,8.1,1
2006-07-27,93.0,75.0,   69,1014.6,0.00,10.5,1
2006-07-28,93.9,73.9,   70,1012.5,0.00,13.0,1
2006-07-29,93.0,72.0,   60,1011.9,0.00,10.3,1
2006-07-30,93.0,79.0,   52,1009.1,0.00,10.1,1
2006-07-31,93.9,72.0,   55,1011.5,0.00,7.8,1
2006-08-01,100.0,78.1,   60,1011.9,0.00,11.2,1
2006-08-02,100.0,81.0,   57,1009.8,0.00,11.4,1
2006-08-03,100.9,80.1,   57,1008.1,0.17,12.5,1
2006-08-04,91.0,77.0,   56,1010.2,0.00,10.7,1
2006-08-05,91.9,73.9,   38,1017.3,0.00,10.7,1
2006-08-06,84.0,71.1,   63,1022.0,0.00,11.0,1
2006-08-07,90.0,73.9,   65,1016.6,0.00,11.6,1
2006-08-08,89.1,73.0,   46,1015.9,0.00,12.3,1
2006-08-09,84.0,66.0,   49,1018.6,0.00,8.9,1
2006-08-10,86.0,66.0,   67,1011.5,0.51,8.7,1
2006-08-11,82.0,64.9,   46,1012.9,0.00,12.3,1
2006-08-12,80.1,61.0,   37,1016.9,0.00,9.8,1
2006-08-13,82.9,59.0,   39,1017.6,0.00,7.2,1
2006-08-14,91.0,61.0,   51,1013.5,0.00,11.6,1
2006-08-15,84.9,72.0,   61,1011.9,0.00,8.9,1
2006-08-16,89.1,66.0,   46,1019.3,0.00,7.6,1
2006-08-17,87.1,70.0,   58,1022.7,0.00,7.6,1
2006-08-18,82.9,70.0,   64,1022.0,0.00,5.4,1
2006-08-19,82.0,68.0,   74,1015.6,0.02,6.7,1
2006-08-20,93.9,73.9,   57,1009.1,0.03,13.6,1
2006-08-21,88.0,69.1,   44,1015.2,0.00,11.6,1
2006-08-22,88.0,69.1,   47,1016.9,0.00,7.4,1
2006-08-23,90.0,68.0,   41,1014.6,0.00,8.1,1
2006-08-24,82.9,66.9,   59,1014.9,0.00,5.8,1
2006-08-25,81.0,66.9,   76,1015.9,0.00,7.6,1
2006-08-26,71.1,64.9,   77,1021.3,0.69,10.1,1
2006-08-27,75.0,66.0,   81,1019.6,0.24,9.4,1
2006-08-28,80.1,71.1,   82,1011.9,0.42,6.0,1
2006-08-29,73.9,64.9,   86,1009.8,0.59,7.8,1
2006-08-30,75.9,63.0,   80,1014.2,0.15,6.9,1
2006-08-31,73.0,62.1,   59,1021.3,0.00,12.5,1
2006-09-01,69.1,61.0,   69,1023.4,0.08,14.3,1
2006-09-02,68.0,61.0,   83,1016.9,1.09,18.3,1
2006-09-03,78.1,62.1,   69,1017.3,0.00,8.9,1
2006-09-04,78.1,57.0,   61,1017.9,0.00,9.2,1
2006-09-05,72.0,61.0,   78,1017.3,0.28,3.6,1
2006-09-06,78.1,61.0,   71,1014.9,0.00,6.0,1
2006-09-07,82.0,60.1,   64,1017.9,0.00,4.3,1
2006-09-08,84.0,63.0,   64,1017.9,0.00,6.3,1
2006-09-09,84.9,64.9,   60,1016.6,0.00,7.8,1
2006-09-10,75.0,62.1,   64,1021.7,0.00,9.6,1
2006-09-11,70.0,55.9,   52,1026.8,0.00,10.5,1
2006-09-12,69.1,51.1,   49,1024.4,0.00,7.6,1
2006-09-13,69.1,54.0,   65,1018.3,0.00,5.4,1
2006-09-14,69.1,64.9,   87,1015.6,0.61,7.4,1
2006-09-15,68.0,64.9,   90,1015.9,0.85,9.4,1
2006-09-16,80.1,64.9,   73,1017.9,0.02,7.8,1
2006-09-17,81.0,63.0,   70,1014.2,0.00,5.1,1
2006-09-18,82.9,62.1,   71,1011.5,0.00,6.3,1
2006-09-19,81.0,64.9,   71,1006.4,0.00,7.8,1
2006-09-20,73.0,55.9,   55,1007.5,0.00,12.3,1
2006-09-21,70.0,51.1,   53,1017.9,0.00,8.5,1
2006-09-22,71.1,50.0,   61,1021.3,0.00,6.9,1
2006-09-23,75.9,63.0,   78,1012.2,0.10,10.5,1
2006-09-24,82.0,64.9,   70,1004.7,0.01,12.8,1
2006-09-25,73.0,60.1,   54,1009.5,0.00,10.5,1
2006-09-26,75.0,53.1,   52,1014.9,0.00,8.1,1
2006-09-27,72.0,53.1,   68,1015.6,0.00,6.7,1
2006-09-28,73.9,57.0,   71,1009.8,0.31,8.9,1
2006-09-29,64.0,50.0,   64,1009.5,0.02,10.7,1
2006-09-30,66.0,46.0,   62,1020.0,0.01,6.5,1
2006-10-01,71.1,55.9,   70,1015.9,0.24,9.2,1
2006-10-02,70.0,48.9,   61,1020.3,0.00,7.8,1
2006-10-03,81.0,52.0,   62,1021.0,0.00,7.6,1
2006-10-04,82.0,62.1,   69,1016.3,0.93,8.5,1
2006-10-05,66.9,52.0,   60,1020.3,0.05,12.8,1
2006-10-06,57.0,51.1,   59,1027.4,0.02,16.1,1
2006-10-07,64.0,50.0,   64,1028.1,0.00,11.6,1
2006-10-08,72.0,48.0,   64,1025.7,0.00,3.6,1
2006-10-09,80.1,51.1,   66,1019.3,0.00,6.5,1
2006-10-10,78.1,55.0,   63,1015.9,0.00,4.9,1
2006-10-11,64.9,59.0,   81,1011.5,1.61,10.5,1
2006-10-12,70.0,48.9,   64,1002.0,0.15,11.4,1
2006-10-13,55.9,39.0,   43,1011.9,0.00,9.8,1
2006-10-14,60.1,37.9,   48,1011.5,0.00,11.4,1
2006-10-15,60.1,35.1,   51,1018.6,0.00,8.5,1
2006-10-16,61.0,37.9,   58,1025.4,0.00,4.7,1
2006-10-17,62.1,51.1,   79,1019.0,1.09,8.9,1
2006-10-18,75.0,62.1,   72,1009.8,0.00,8.5,1
2006-10-19,70.0,57.0,   75,1009.1,0.04,5.4,1
2006-10-20,68.0,46.0,   76,1001.0,0.41,12.3,1
2006-10-21,59.0,41.0,   55,1014.6,0.00,11.2,1
2006-10-22,60.1,41.0,   68,1012.9,0.00,4.9,1
2006-10-23,55.9,43.0,   54,1006.4,0.00,13.0,1
2006-10-24,53.1,39.9,   54,1007.1,0.00,13.4,1
2006-10-25,55.9,39.9,   52,1013.2,0.00,13.4,1
2006-10-26,52.0,37.0,   55,1019.6,0.00,11.2,1
2006-10-27,51.1,33.1,   70,1019.3,0.39,4.9,1
2006-10-28,69.1,45.0,   71,992.9,1.82,20.8,1
2006-10-29,54.0,43.0,   38,1004.4,0.00,21.3,1
2006-10-30,63.0,37.9,   41,1016.6,0.00,10.1,1
2006-10-31,71.1,43.0,   59,1014.2,0.00,8.9,1
2006-11-01,70.0,55.0,   64,1013.9,0.00,6.5,0
2006-11-02,57.0,43.0,   59,1014.9,0.33,11.0,0
2006-11-03,48.9,36.0,   42,1025.1,0.00,11.2,0
2006-11-04,48.0,32.0,   46,1032.2,0.00,8.1,0
2006-11-05,51.1,33.1,   52,1033.2,0.00,3.6,0
2006-11-06,57.9,34.0,   54,1029.8,0.00,5.8,0
2006-11-07,59.0,43.0,   73,1023.0,0.02,3.8,0
2006-11-08,59.0,55.9,   93,1004.1,4.34,9.2,0
2006-11-09,68.0,55.0,   66,1000.0,0.00,11.0,0
2006-11-10,62.1,50.0,   51,1013.2,0.00,9.4,0
2006-11-11,68.0,44.1,   77,1013.5,0.00,4.7,0
2006-11-12,63.0,48.9,   88,1013.5,0.13,12.1,0
2006-11-13,62.1,51.1,   86,1012.5,0.22,17.7,0
2006-11-14,63.0,55.9,   80,1008.8,0.01,8.7,0
2006-11-15,63.0,55.9,   86,1014.2,0.00,4.3,0
2006-11-16,66.9,57.9,   87,1007.5,0.49,11.6,0
2006-11-17,66.0,46.9,   61,1007.1,0.00,13.2,0
2006-11-18,51.1,43.0,   57,1014.2,0.00,9.6,0
2006-11-19,48.9,42.1,   57,1013.5,0.00,9.8,0
2006-11-20,46.0,37.9,   55,1020.3,0.00,11.2,0
2006-11-21,46.9,32.0,   56,1031.5,0.00,10.5,0
2006-11-22,46.0,37.9,   57,1026.8,0.06,16.6,0
2006-11-23,45.0,39.0,   86,1018.6,1.26,17.2,0
2006-11-24,61.0,41.0,   39,1020.3,0.09,10.7,0
2006-11-25,53.1,35.1,   71,1028.4,0.00,4.5,0
2006-11-26,60.1,39.0,   75,1027.4,0.00,6.0,0
2006-11-27,64.9,39.9,   71,1025.1,0.00,6.7,0
2006-11-28,60.1,46.0,   77,1027.4,0.00,5.8,0
2006-11-29,57.9,50.0,   82,1027.8,0.00,4.3,0
2006-11-30,70.0,55.0,   75,1021.0,0.00,11.4,0
2006-12-01,72.0,48.0,   74,1007.1,0.24,16.6,0
2006-12-02,51.1,37.0,   46,1021.0,0.00,13.9,0
2006-12-03,46.0,32.0,   54,1028.4,0.00,6.5,0
2006-12-04,39.9,30.0,   44,1019.6,0.00,12.3,0
2006-12-05,39.0,26.1,   47,1024.7,0.00,10.7,0
2006-12-06,50.0,25.0,   58,1024.0,0.00,8.7,0
2006-12-07,55.0,26.1,   54,1014.2,0.00,12.3,0
2006-12-08,30.9,18.0,   39,1023.0,0.00,18.6,0
2006-12-09,39.9,21.9,   41,1027.8,0.00,12.3,0
2006-12-10,55.9,32.0,   36,1026.1,0.00,12.8,0
2006-12-11,60.1,37.0,   41,1029.5,0.00,6.9,0
2006-12-12,48.9,43.0,   64,1034.5,0.00,6.7,0
2006-12-13,54.0,48.9,   85,1023.0,0.17,8.3,0
2006-12-14,57.9,46.0,   80,1016.3,0.00,7.6,0
2006-12-15,53.1,44.1,   81,1008.5,0.00,8.1,0
2006-12-16,52.0,39.9,   49,1018.3,0.00,9.2,0
2006-12-17,57.0,34.0,   62,1019.6,0.00,8.9,0
2006-12-18,61.0,44.1,   59,1018.3,0.00,11.0,0
2006-12-19,46.9,36.0,   45,1024.7,0.00,10.7,0
2006-12-20,46.0,32.0,   51,1029.5,0.00,8.5,0
2006-12-21,54.0,35.1,   53,1025.7,0.00,10.1,0
2006-12-22,50.0,35.1,   71,1026.8,0.56,7.4,0
2006-12-23,60.1,46.0,   72,1009.8,0.64,10.5,0
2006-12-24,54.0,37.0,   52,1017.6,0.00,12.5,0
2006-12-25,46.0,34.0,   72,1019.0,0.52,7.6,0
2006-12-26,55.0,43.0,   78,998.0,0.06,11.9,0
2006-12-27,45.0,35.1,   51,1012.5,0.00,13.9,0
2006-12-28,48.9,30.9,   54,1028.4,0.00,8.5,0
2006-12-29,48.9,33.1,   59,1035.9,0.00,8.3,0
2006-12-30,48.0,32.0,   58,1031.2,0.00,8.9,0
2006-12-31,45.0,30.9,   59,1029.5,0.00,7.2,0
2007-01-01,55.9,45.0,   88,1012.2,1.39,7.2,0
2007-01-02,50.0,39.0,   47,1020.7,0.00,14.3,0
2007-01-03,53.1,32.0,   57,1026.8,0.00,10.3,0
2007-01-04,57.0,36.0,   66,1021.0,0.00,8.5,0
2007-01-05,62.1,46.9,   88,1013.5,0.08,7.8,0
2007-01-06,72.0,55.0,   63,1007.5,0.00,16.8,0
2007-01-07,55.0,45.0,   54,1023.0,0.25,8.7,0
2007-01-08,57.0,37.0,   69,1005.4,1.26,13.2,0
2007-01-09,45.0,32.0,   49,1010.2,0.00,13.0,0
2007-01-10,37.0,28.0,   43,1021.0,0.01,14.8,0
2007-01-11,37.9,24.1,   48,1034.9,0.00,7.6,0
2007-01-12,50.0,34.0,   60,1027.8,0.00,11.0,0
2007-01-13,55.9,42.1,   80,1022.4,0.02,9.2,0
2007-01-14,46.0,39.9,   91,1023.0,0.06,8.1,0
2007-01-15,51.1,39.0,   91,1013.9,0.02,5.1,0
2007-01-16,55.0,21.9,   50,1016.6,0.00,16.8,0
2007-01-17,30.9,19.0,   42,1037.6,0.00,12.1,0
2007-01-18,37.0,21.0,   71,1031.5,0.03,4.0,0
2007-01-19,44.1,30.9,   65,1010.5,0.11,12.8,0
2007-01-20,34.0,21.0,   45,1016.9,0.00,19.5,0
2007-01-21,28.9,19.0,   40,1026.4,0.00,7.6,0
2007-01-22,33.1,24.1,   72,1013.2,0.00,4.3,0
2007-01-23,39.0,28.9,   53,1011.9,0.00,10.3,0
2007-01-24,43.0,27.0,   50,1014.2,0.00,9.8,0
2007-01-25,37.0,15.1,   50,1010.8,0.00,12.8,0
2007-01-26,24.1,9.0,   40,1015.2,0.00,15.9,0
2007-01-27,37.0,21.0,   50,1009.1,0.00,5.8,0
2007-01-28,42.1,28.9,   67,1003.7,0.15,5.6,0
2007-01-29,30.0,21.0,   51,1011.9,0.09,15.9,0
2007-01-30,36.0,19.0,   55,1014.2,0.02,10.3,0
2007-01-31,35.1,24.1,   47,1016.6,0.01,12.1,0
2007-02-01,35.1,24.1,   59,1016.6,0.00,8.5,0
2007-02-02,39.9,30.9,   77,1005.4,0.21,6.7,0
2007-02-03,35.1,21.9,   41,1012.9,0.00,15.9,0
2007-02-04,26.1,17.1,   29,1017.6,0.00,17.2,0
2007-02-05,19.0,8.1,   34,1021.7,0.00,19.7,0
2007-02-06,25.0,9.0,   39,1021.3,0.00,15.0,0
2007-02-07,27.0,12.9,   41,1015.2,0.00,12.5,0
2007-02-08,30.0,14.0,   38,1014.2,0.00,17.2,0
2007-02-09,34.0,18.0,   40,1013.9,0.00,15.7,0
2007-02-10,35.1,21.9,   44,1016.9,0.00,10.7,0
2007-02-11,34.0,15.1,   39,1023.0,0.00,9.6,0
2007-02-12,42.1,21.9,   42,1023.0,0.00,10.3,0
2007-02-13,33.1,19.0,   47,1025.7,0.02,13.9,0
2007-02-14,30.0,18.0,   77,999.7,0.52,22.1,0
2007-02-15,24.1,15.1,   46,1009.8,0.00,17.0,0
2007-02-16,27.0,14.0,   49,1009.5,0.00,18.3,0
2007-02-17,35.1,16.0,   46,1010.2,0.00,12.5,0
2007-02-18,33.1,18.0,   53,1006.4,0.00,14.1,0
2007-02-19,28.0,12.0,   43,1017.6,0.00,15.4,0
2007-02-20,46.9,26.1,   55,1008.5,0.11,8.3,0
2007-02-21,51.1,36.0,   52,1010.2,0.01,8.3,0
2007-02-22,46.9,32.0,   69,1005.4,0.18,6.9,0
2007-02-23,39.0,21.9,   45,1010.8,0.00,20.8,0
2007-02-24,44.1,19.9,   44,1018.3,0.00,15.9,0
2007-02-25,36.0,24.1,   60,1018.6,0.20,6.7,0
2007-02-26,36.0,30.9,   85,1009.1,0.18,7.6,0
2007-02-27,43.0,30.9,   78,1013.5,0.00,3.6,0
2007-02-28,48.0,30.0,   50,1018.6,0.00,8.9,0
2007-03-01,44.1,30.0,   56,1019.6,0.14,7.4,0
2007-03-02,61.0,35.1,   58,1000.3,1.86,11.6,0
2007-03-03,59.0,34.0,   45,1003.4,0.00,7.8,0
2007-03-04,42.1,33.1,   47,1007.5,0.00,15.2,0
2007-03-05,42.1,21.9,   43,1009.8,0.01,19.0,0
2007-03-06,24.1,12.0,   27,1026.4,0.00,20.6,0
2007-03-07,23.0,12.0,   66,1026.1,0.10,5.8,0
2007-03-08,36.0,15.1,   43,1024.7,0.00,14.3,0
2007-03-09,32.0,14.0,   47,1032.2,0.00,7.8,0
2007-03-10,61.0,26.1,   70,1023.4,0.05,4.5,0
2007-03-11,52.0,37.0,   57,1023.0,0.12,12.8,0
2007-03-12,57.9,30.0,   42,1024.7,0.00,6.9,0
2007-03-13,57.9,37.9,   59,1020.3,0.00,4.7,0
2007-03-14,79.0,46.9,   56,1013.9,0.00,7.6,0
2007-03-15,68.0,36.0,   72,1015.2,0.24,12.5,0
2007-03-16,37.0,25.0,   88,1017.6,1.15,18.6,0
2007-03-17,37.9,26.1,   64,1004.4,0.04,17.0,0
2007-03-18,39.0,26.1,   43,1015.6,0.00,15.4,0
2007-03-19,43.0,25.0,   51,1024.7,0.00,8.9,0
2007-03-20,50.0,33.1,   42,1027.1,0.00,14.8,0
2007-03-21,39.9,24.1,   52,1039.3,0.00,10.5,0
2007-03-22,69.1,39.9,   71,1023.4,0.03,11.6,0
2007-03-23,61.0,46.9,   72,1021.0,0.14,6.9,0
2007-03-24,54.0,43.0,   59,1025.4,0.04,8.5,0
2007-03-25,53.1,37.9,   71,1030.1,0.00,8.5,0
2007-03-26,55.9,37.9,   70,1025.7,0.00,8.9,0
2007-03-27,80.1,48.9,   56,1015.2,0.01,11.4,0
2007-03-28,66.9,46.0,   41,1023.0,0.00,11.2,0
2007-03-29,57.9,37.0,   18,1029.1,0.00,16.3,0
2007-03-30,69.1,37.9,   18,1024.7,0.00,9.4,0
2007-03-31,55.9,39.0,   42,1024.0,0.00,7.6,0
2007-04-01,48.9,42.1,   70,1022.0,0.08,7.4,0
2007-04-02,55.0,42.1,   87,1014.6,0.17,5.8,0
2007-04-03,62.1,41.0,   76,1019.3,0.00,7.2,0
2007-04-04,44.1,39.9,   87,1010.2,0.89,11.4,0
2007-04-05,46.9,34.0,   49,1006.1,0.00,17.0,0
2007-04-06,44.1,30.9,   43,1008.5,0.00,12.3,0
2007-04-07,46.0,30.0,   41,1006.1,0.00,11.4,0
2007-04-08,44.1,30.0,   44,1011.5,0.00,15.7,0
2007-04-09,50.0,32.0,   40,1015.2,0.00,11.0,0
2007-04-10,51.1,34.0,   38,1017.6,0.00,10.7,0
2007-04-11,48.9,30.9,   51,1020.7,0.00,7.4,0
2007-04-12,45.0,39.9,   80,1008.1,1.48,13.4,0
2007-04-13,55.0,41.0,   52,1011.2,0.00,18.6,0
2007-04-14,57.9,37.9,   40,1015.6,0.00,9.4,0
2007-04-15,54.0,41.0,   89,999.0,6.18,13.2,0
2007-04-16,46.0,39.0,   81,979.3,0.52,18.1,0
2007-04-17,52.0,42.1,   67,999.0,0.03,17.7,0
2007-04-18,51.1,43.0,   67,1008.5,0.00,13.4,0
2007-04-19,61.0,44.1,   64,1013.2,0.02,8.5,0
2007-04-20,71.1,39.9,   43,1018.3,0.00,8.7,0
2007-04-21,79.0,39.0,   35,1019.3,0.00,5.6,0
2007-04-22,75.0,48.0,   30,1021.3,0.00,4.7,0
2007-04-23,86.0,52.0,   34,1015.6,0.00,12.3,0
2007-04-24,77.0,59.0,   36,1013.2,0.00,14.3,0
2007-04-25,64.0,48.0,   53,1017.3,0.12,10.5,0
2007-04-26,57.9,46.0,   69,1021.0,0.00,8.5,0
2007-04-27,57.9,48.0,   89,1011.5,2.36,4.7,0
2007-04-28,70.0,54.0,   62,1007.8,0.00,10.1,0
2007-04-29,70.0,53.1,   58,1009.1,0.00,10.1,0
2007-04-30,81.0,50.0,   38,1008.5,0.00,16.1,0
2007-05-01,69.1,51.1,   41,1014.2,0.54,6.7,1
2007-05-02,69.1,50.0,   54,1012.9,0.19,10.1,1
2007-05-03,72.0,46.9,   31,1021.7,0.00,8.1,1
2007-05-04,71.1,48.0,   28,1022.4,0.00,10.3,1
2007-05-05,72.0,46.9,   32,1019.6,0.00,8.1,1
2007-05-06,61.0,46.9,   47,1028.1,0.00,13.9,1
2007-05-07,64.0,42.1,   49,1030.1,0.00,6.3,1
2007-05-08,68.0,45.0,   55,1023.4,0.00,5.8,1
2007-05-09,81.0,54.0,   69,1018.3,0.00,8.9,1
2007-05-10,78.1,59.0,   77,1014.9,0.00,6.9,1
2007-05-11,78.1,61.0,   76,1011.2,0.11,5.6,1
2007-05-12,73.9,55.0,   64,1015.2,0.16,9.4,1
2007-05-13,70.0,51.1,   34,1020.0,0.00,13.4,1
2007-05-14,71.1,46.0,   32,1024.0,0.00,9.2,1
2007-05-15,86.0,54.0,   46,1012.9,0.00,18.1,1
2007-05-16,87.1,62.1,   64,1006.8,0.53,15.0,1
2007-05-17,68.0,54.0,   65,1017.3,0.00,9.2,1
2007-05-18,59.0,50.0,   67,1019.6,0.00,11.2,1
2007-05-19,57.0,52.0,   70,1014.2,0.29,9.6,1
2007-05-20,78.1,52.0,   57,1009.1,0.01,13.2,1
2007-05-21,72.0,53.1,   43,1018.3,0.00,11.0,1
2007-05-22,73.0,51.1,   47,1026.4,0.00,7.4,1
2007-05-23,75.9,53.1,   56,1030.1,0.00,9.4,1
2007-05-24,84.9,55.9,   50,1027.8,0.00,11.4,1
2007-05-25,91.9,63.0,   42,1021.3,0.00,11.2,1
2007-05-26,89.1,66.9,   47,1019.0,0.00,9.2,1
2007-05-27,82.9,69.1,   49,1019.3,0.04,8.1,1
2007-05-28,86.0,66.0,   55,1018.3,0.00,10.1,1
2007-05-29,82.0,62.1,   43,1022.4,0.00,7.8,1
2007-05-30,82.9,60.1,   49,1021.3,0.00,6.3,1
2007-05-31,93.9,64.0,   54,1018.6,0.00,7.6,1
2007-06-01,91.9,64.0,   56,1016.3,0.00,7.8,1
2007-06-02,91.9,68.0,   54,1012.5,0.00,9.6,1
2007-06-03,80.1,64.0,   76,1007.8,1.32,10.1,1
2007-06-04,71.1,62.1,   85,997.3,1.41,10.7,1
2007-06-05,84.0,66.0,   57,1000.0,0.00,13.4,1
2007-06-06,73.0,57.0,   42,1010.8,0.00,13.4,1
2007-06-07,73.9,54.0,   56,1017.9,0.00,5.8,1
2007-06-08,84.9,64.0,   72,1012.9,0.00,5.8,1
2007-06-09,84.0,66.0,   66,1012.2,0.00,10.5,1
2007-06-10,75.9,62.1,   61,1016.3,0.00,4.9,1
2007-06-11,86.0,64.9,   53,1015.9,0.07,7.6,1
2007-06-12,84.9,66.0,   69,1015.6,0.49,8.3,1
2007-06-13,69.1,57.9,   72,1018.3,0.02,8.1,1
2007-06-14,66.0,57.0,   60,1019.6,0.00,8.1,1
2007-06-15,78.1,60.1,   62,1017.9,0.00,6.7,1
2007-06-16,82.9,57.9,   65,1015.2,0.43,6.0,1
2007-06-17,90.0,64.0,   52,1012.5,0.00,8.3,1
2007-06-18,82.9,69.1,   57,1015.9,0.00,8.3,1
2007-06-19,84.0,66.0,   65,1015.6,0.35,8.1,1
2007-06-20,81.0,66.9,   58,1012.2,0.14,11.0,1
2007-06-21,84.0,61.0,   57,1012.2,0.64,10.5,1
2007-06-22,78.1,61.0,   45,1009.8,0.00,15.4,1
2007-06-23,77.0,55.9,   36,1012.9,0.00,13.0,1
2007-06-24,82.9,57.9,   41,1018.3,0.00,8.3,1
2007-06-25,80.1,64.0,   67,1022.4,0.00,8.5,1
2007-06-26,93.9,70.0,   62,1022.4,0.00,8.5,1
2007-06-27,96.1,72.0,   62,1017.3,0.23,11.9,1
2007-06-28,90.0,71.1,   70,1012.9,0.14,11.4,1
2007-06-29,79.0,66.9,   64,1015.2,0.00,8.5,1
2007-06-30,84.9,64.0,   39,1014.6,0.00,8.7,1
2007-07-01,77.0,62.1,   42,1017.6,0.00,13.0,1
2007-07-02,78.1,57.9,   40,1021.3,0.00,11.9,1
2007-07-03,84.0,60.1,   42,1022.0,0.00,8.3,1
2007-07-04,73.0,63.0,   70,1018.6,0.11,9.6,1
2007-07-05,80.1,68.0,   79,1011.9,1.66,10.5,1
2007-07-06,87.1,68.0,   58,1010.8,0.01,9.4,1
2007-07-07,87.1,66.0,   49,1011.9,0.00,9.8,1
2007-07-08,91.9,69.1,   46,1009.5,0.00,11.9,1
2007-07-09,97.0,75.0,   47,1011.2,0.00,8.9,1
2007-07-10,93.0,75.9,   61,1012.5,0.00,7.8,1
2007-07-11,84.9,73.0,   81,1007.8,1.63,6.9,1
2007-07-12,82.9,68.0,   45,1010.5,0.00,10.5,1
2007-07-13,82.0,64.0,   47,1012.9,0.00,9.8,1
2007-07-14,84.9,63.0,   50,1012.9,0.00,6.7,1
2007-07-15,91.9,69.1,   56,1009.5,0.02,11.0,1
2007-07-16,84.0,71.1,   53,1013.9,0.00,8.3,1
2007-07-17,87.1,70.0,   58,1015.9,0.00,5.4,1
2007-07-18,80.1,71.1,   82,1012.5,0.50,5.6,1
2007-07-19,87.1,70.0,   73,1006.8,0.00,8.9,1
2007-07-20,81.0,66.9,   53,1008.8,0.00,13.9,1
2007-07-21,84.9,62.1,   44,1016.6,0.00,11.2,1
2007-07-22,84.0,66.9,   47,1021.0,0.00,9.4,1
2007-07-23,73.0,60.1,   83,1015.9,2.50,13.9,1
2007-07-24,82.0,55.9,   70,1019.6,0.00,6.9,1
2007-07-25,82.9,68.0,   70,1021.3,0.00,5.6,1
2007-07-26,84.9,72.0,   72,1020.0,0.00,5.6,1
2007-07-27,84.0,71.1,   74,1013.9,0.10,7.8,1
2007-07-28,88.0,71.1,   70,1010.8,0.00,4.3,1
2007-07-29,81.0,72.0,   82,1013.2,0.18,3.8,1
2007-07-30,86.0,69.1,   70,1013.5,0.00,5.8,1
2007-07-31,89.1,72.0,   52,1013.2,0.00,7.6,1
2007-08-01,91.9,72.0,   53,1013.9,0.00,6.7,1
2007-08-02,93.9,72.0,   54,1015.2,0.00,7.4,1
2007-08-03,93.9,75.0,   58,1014.6,0.03,11.0,1
2007-08-04,91.9,72.0,   53,1013.9,0.51,8.1,1
2007-08-05,82.9,68.0,   53,1015.9,0.00,9.2,1
2007-08-06,86.0,73.9,   72,1010.5,0.00,7.6,1
2007-08-07,91.0,75.9,   62,1011.2,0.00,5.8,1
2007-08-08,95.0,75.0,   63,1006.4,3.12,12.3,1
2007-08-09,82.9,73.0,   62,1012.2,0.00,8.9,1
2007-08-10,73.9,57.9,   87,1010.8,1.94,13.0,1
2007-08-11,82.9,57.9,   58,1015.2,0.00,8.9,1
2007-08-12,89.1,66.9,   58,,0.00,5.8,1
2007-08-13,88.0,72.0,   50,1011.2,0.00,11.9,1
2007-08-14,82.9,62.1,   42,1013.5,0.00,7.8,1
2007-08-15,88.0,63.0,   54,1012.9,0.00,9.6,1
2007-08-16,86.0,75.9,   60,1012.2,0.00,6.5,1
2007-08-17,86.0,64.0,   59,1010.8,0.47,7.8,1
2007-08-18,75.9,59.0,   47,1019.3,0.00,12.8,1
2007-08-19,72.0,62.1,   67,1021.0,0.24,4.0,1
2007-08-20,70.0,61.0,   68,1020.7,0.05,9.2,1
2007-08-21,61.0,57.0,   83,1022.0,0.96,11.0,1
2007-08-22,66.9,57.9,   80,1022.0,0.00,7.4,1
2007-08-23,75.0,63.0,   81,1021.0,0.00,4.7,1
2007-08-24,84.9,64.9,   76,1015.9,0.00,6.9,1
2007-08-25,90.0,73.0,   75,1011.2,0.00,9.8,1
2007-08-26,82.9,72.0,   62,1013.9,0.00,8.7,1
2007-08-27,84.0,66.9,   65,1019.6,0.00,7.6,1
2007-08-28,82.9,66.9,   61,1021.0,0.00,4.7,1
2007-08-29,84.9,66.0,   56,1019.0,0.00,5.1,1
2007-08-30,86.0,66.0,   61,1014.6,0.00,5.4,1
2007-08-31,81.0,69.1,   66,1014.2,0.00,11.4,1
2007-09-01,82.0,62.1,   47,1020.3,0.00,11.4,1
2007-09-02,79.0,57.0,   53,1024.0,0.00,8.3,1
2007-09-03,86.0,59.0,   59,1017.6,0.00,11.4,1
2007-09-04,84.9,64.9,   50,1014.9,0.00,8.9,1
2007-09-05,80.1,64.0,   52,1020.3,0.00,7.4,1
2007-09-06,79.0,66.9,   65,1024.4,0.00,6.0,1
2007-09-07,89.1,68.0,   68,1021.3,0.00,9.6,1
2007-09-08,91.9,70.0,   60,1017.9,0.00,11.4,1
2007-09-09,86.0,69.1,   70,1016.6,0.00,7.8,1
2007-09-10,81.0,73.0,   82,1013.9,0.29,5.1,1
2007-09-11,75.9,69.1,   84,1006.4,1.05,10.1,1
2007-09-12,75.9,61.0,   49,1014.9,0.00,10.7,1
2007-09-13,75.0,57.0,   57,1022.0,0.00,5.6,1
2007-09-14,73.9,63.0,   64,1019.0,0.00,6.7,1
2007-09-15,72.0,55.0,   60,1015.2,0.06,10.5,1
2007-09-16,66.9,46.9,   54,1025.4,0.00,7.2,1
2007-09-17,69.1,48.9,   56,1028.8,0.00,6.5,1
2007-09-18,71.1,51.1,   61,1028.4,0.00,6.9,1
2007-09-19,75.9,53.1,   63,1025.1,0.00,5.6,1
2007-09-20,82.0,55.0,   62,1021.0,0.00,6.0,1
2007-09-21,84.0,61.0,   64,1020.3,0.00,4.7,1
2007-09-22,75.0,63.0,   86,1017.9,0.37,3.8,1
2007-09-23,80.1,62.1,   44,1020.7,0.00,9.8,1
2007-09-24,78.1,57.0,   49,1023.0,0.00,5.1,1
2007-09-25,88.0,57.9,   61,1019.0,0.00,9.8,1
2007-09-26,90.0,66.9,   61,1015.6,0.00,10.7,1
2007-09-27,82.0,69.1,   77,1013.2,0.04,6.9,1
2007-09-28,78.1,60.1,   59,1011.9,0.00,11.2,1
2007-09-29,77.0,57.9,   48,1024.4,0.00,11.9,1
2007-09-30,71.1,54.0,   62,1031.8,0.00,6.9,1
2007-10-01,70.0,59.0,   66,1031.2,0.00,6.7,1
2007-10-02,73.9,54.0,   74,1026.8,0.00,6.7,1
2007-10-03,79.0,66.9,   82,1020.7,0.00,5.6,1
2007-10-04,87.1,68.0,   72,1021.7,0.00,6.3,1
2007-10-05,82.9,66.0,   78,1024.7,0.00,4.7,1
2007-10-06,84.9,63.0,   69,1020.3,0.00,8.1,1
2007-10-07,82.9,66.0,   72,1016.6,0.00,8.3,1
2007-10-08,89.1,66.0,   62,1012.2,0.00,11.9,1
2007-10-09,81.0,60.1,   74,1010.2,0.60,9.2,1
2007-10-10,73.9,62.1,   82,1006.4,0.04,6.9,1
2007-10-11,70.0,54.0,   81,1000.7,0.68,10.7,1
2007-10-12,62.1,46.9,   61,1004.1,0.17,15.2,1
2007-10-13,64.0,43.0,   54,1014.2,0.00,8.9,1
2007-10-14,66.9,45.0,   55,1017.9,0.00,10.3,1
2007-10-15,69.1,48.9,   58,1021.0,0.00,8.3,1
2007-10-16,72.0,55.9,   56,1021.3,0.00,4.7,1
2007-10-17,73.9,57.0,   74,1019.0,0.00,3.1,1
2007-10-18,79.0,59.0,   73,1013.5,0.00,6.9,1
2007-10-19,75.0,63.0,   85,1005.8,0.48,8.1,1
2007-10-20,72.0,57.0,   60,1007.8,0.00,11.9,1
2007-10-21,75.9,50.0,   51,1021.3,0.00,8.5,1
2007-10-22,78.1,53.1,   66,1022.0,0.00,7.6,1
2007-10-23,80.1,64.0,   68,1010.5,0.01,14.1,1
2007-10-24,69.1,53.1,   83,1013.2,0.14,10.5,1
2007-10-25,57.9,50.0,   70,1026.1,0.13,12.5,1
2007-10-26,57.9,51.1,   78,1028.4,0.29,10.5,1
2007-10-27,71.1,53.1,   78,1016.9,1.16,11.2,1
2007-10-28,57.9,43.0,   47,1026.8,0.00,15.0,1
2007-10-29,55.0,39.0,   52,1031.2,0.00,7.8,1
2007-10-30,64.0,37.9,   57,1028.8,0.00,6.0,1
2007-10-31,66.0,42.1,   66,1025.1,0.00,7.4,1
2007-11-01,68.0,48.0,   66,1018.6,0.00,10.5,0
2007-11-02,55.9,41.0,   51,1026.1,0.00,11.6,0
2007-11-03,53.1,45.0,   48,1011.2,0.00,16.1,0
2007-11-04,57.0,42.1,   49,1011.2,0.00,8.7,0
2007-11-05,57.9,39.0,   56,1014.6,0.00,6.9,0
2007-11-06,55.0,41.0,   59,1008.8,0.36,12.8,0
2007-11-07,51.1,37.0,   47,1017.6,0.00,12.5,0
2007-11-08,46.0,33.1,   49,1022.4,0.00,5.4,0
2007-11-09,46.0,35.1,   73,1019.3,0.08,8.1,0
2007-11-10,45.0,36.0,   74,1019.0,0.11,11.4,0
2007-11-11,48.9,30.0,   52,1025.4,0.00,8.1,0
2007-11-12,50.0,34.0,   67,1023.0,0.00,5.1,0
2007-11-13,61.0,44.1,   72,1014.9,0.14,6.7,0
2007-11-14,59.0,39.0,   84,1011.9,0.00,2.2,0
2007-11-15,63.0,42.1,   78,999.7,0.17,9.4,0
2007-11-16,48.9,36.0,   51,1006.1,0.00,15.7,0
2007-11-17,46.9,33.1,   54,1017.6,0.00,10.5,0
2007-11-18,44.1,37.9,   62,1027.1,0.01,11.4,0
2007-11-19,45.0,33.1,   73,1029.5,0.26,10.5,0
2007-11-20,48.0,41.0,   83,1020.7,0.08,5.1,0
2007-11-21,57.0,41.0,   83,1015.9,0.00,2.9,0
2007-11-22,69.1,39.9,   72,1007.8,0.05,9.2,0
2007-11-23,42.1,30.0,   43,1021.0,0.00,14.3,0
2007-11-24,41.0,25.0,   41,1030.1,0.00,7.6,0
2007-11-25,50.0,28.0,   50,1026.4,0.00,7.4,0
2007-11-26,63.0,39.0,   89,1016.6,1.06,3.8,0
2007-11-27,64.9,41.0,   57,1013.9,0.02,15.2,0
2007-11-28,46.0,34.0,   46,1028.4,0.00,9.6,0
2007-11-29,51.1,37.0,   59,1018.6,0.01,9.2,0
2007-11-30,42.1,33.1,   44,1023.0,0.00,11.0,0
2007-12-01,36.0,26.1,   38,1029.8,0.00,13.4,0
2007-12-02,32.0,19.9,   75,1026.4,0.30,6.7,0
2007-12-03,50.0,32.0,   63,1001.4,0.09,14.3,0
2007-12-04,36.0,28.0,   48,1003.0,0.00,19.2,0
2007-12-05,34.0,23.0,   67,1008.8,0.01,6.7,0
2007-12-06,35.1,21.0,   52,1023.7,0.00,9.8,0
2007-12-07,34.0,21.9,   66,1026.8,0.00,6.7,0
2007-12-08,46.9,33.1,   67,1025.4,0.00,8.3,0
2007-12-09,39.9,34.0,   63,1029.5,0.38,4.9,0
2007-12-10,43.0,35.1,   84,1024.0,0.05,7.4,0
2007-12-11,45.0,35.1,   79,1025.1,0.02,7.2,0
2007-12-12,53.1,35.1,   66,1016.9,0.00,13.0,0
2007-12-13,37.0,30.0,   73,1021.0,0.99,7.2,0
2007-12-14,43.0,30.9,   75,1020.7,0.00,8.5,0
2007-12-15,36.0,28.9,   47,1028.8,0.00,11.9,0
2007-12-16,39.0,27.0,   81,998.6,0.63,19.0,0
2007-12-17,35.1,27.0,   48,1011.9,0.00,17.9,0
2007-12-18,37.0,25.0,   55,1026.4,0.00,8.9,0
2007-12-19,44.1,28.9,   66,1022.0,0.03,3.6,0
2007-12-20,46.9,35.1,   62,1021.0,0.00,9.6,0
2007-12-21,41.0,34.0,   72,1029.5,0.00,10.3,0
2007-12-22,41.0,36.0,   77,1032.8,0.00,8.7,0
2007-12-23,62.1,39.0,   86,1017.3,0.69,13.4,0
2007-12-24,48.9,33.1,   43,1014.2,0.00,13.2,0
2007-12-25,46.0,32.0,   57,1023.7,0.00,9.4,0
2007-12-26,37.9,28.9,   74,1021.3,0.54,8.5,0
2007-12-27,42.1,36.0,   84,1016.9,0.05,8.7,0
2007-12-28,50.0,34.0,   61,1025.1,0.02,6.7,0
2007-12-29,52.0,37.9,   71,1015.2,0.63,8.7,0
2007-12-30,42.1,30.9,   67,1018.6,0.11,5.1,0
2007-12-31,45.0,33.1,   70,1014.6,0.24,10.7,0
2008-01-01,48.0,28.0,   65,1010.5,0.17,13.4,0
2008-01-02,37.9,18.0,   46,1013.9,0.00,19.9,0
2008-01-03,21.9,14.0,   39,1035.2,0.00,14.8,0
2008-01-04,37.9,14.0,   43,1033.9,0.00,10.5,0
2008-01-05,42.1,25.0,   56,1027.1,0.03,5.6,0
2008-01-06,46.9,33.1,   74,1023.7,0.00,4.9,0
2008-01-07,63.0,41.0,   68,1023.0,0.00,5.8,0
2008-01-08,64.9,46.0,   72,1019.0,0.00,9.2,0
2008-01-09,66.0,45.0,   55,1012.2,0.01,16.3,0
2008-01-10,52.0,35.1,   44,1020.7,0.00,6.0,0
2008-01-11,53.1,41.0,   83,1008.1,0.77,7.4,0
2008-01-12,50.0,37.0,   54,1016.9,0.00,8.9,0
2008-01-13,46.0,30.0,   67,1019.6,0.31,9.6,0
2008-01-14,39.9,33.1,   81,1010.5,0.15,9.6,0
2008-01-15,41.0,32.0,   68,1010.2,0.00,12.3,0
2008-01-16,42.1,27.0,   50,1023.7,0.00,11.9,0
2008-01-17,39.9,27.0,   68,1025.1,0.34,7.4,0
2008-01-18,48.9,35.1,   62,1012.9,0.40,12.3,0
2008-01-19,37.0,30.0,   44,1016.9,0.00,9.2,0
2008-01-20,34.0,17.1,   37,1021.3,0.00,17.4,0
2008-01-21,28.0,14.0,   38,1038.3,0.00,12.3,0
2008-01-22,39.9,18.0,   57,1023.0,0.00,10.5,0
2008-01-23,42.1,28.0,   39,1015.9,0.00,10.7,0
2008-01-24,35.1,23.0,   41,1017.6,0.00,8.9,0
2008-01-25,35.1,19.0,   39,1025.7,0.00,13.2,0
2008-01-26,32.0,23.0,   39,1024.0,0.00,4.3,0
2008-01-27,39.9,28.9,   56,1018.3,0.00,11.2,0
2008-01-28,44.1,27.0,   48,1017.3,0.00,11.4,0
2008-01-29,41.0,26.1,   67,1010.5,0.02,3.8,0
2008-01-30,48.9,32.0,   49,1007.1,0.10,16.1,0
2008-01-31,39.9,26.1,   31,1032.8,0.00,8.1,0
2008-02-01,45.0,32.0,   75,1020.3,1.81,12.3,0
2008-02-02,46.0,32.0,   64,1019.6,0.00,14.5,0
2008-02-03,52.0,28.9,   62,1023.4,0.00,3.8,0
2008-02-04,39.9,34.0,   79,1026.1,0.03,7.2,0
2008-02-05,52.0,39.9,   85,1013.5,0.01,6.7,0
2008-02-06,69.1,44.1,   80,1001.4,0.06,8.7,0
2008-02-07,51.1,39.0,   61,1007.1,0.04,11.2,0
2008-02-08,48.0,33.1,   54,1015.2,0.00,8.7,0
2008-02-09,44.1,35.1,   75,1014.2,0.12,4.3,0
2008-02-10,46.0,15.1,   58,1007.8,0.00,18.1,0
2008-02-11,26.1,10.0,   33,1024.7,0.00,17.0,0
2008-02-12,33.1,17.1,   62,1028.1,0.60,5.6,0
2008-02-13,48.0,32.0,   87,1004.1,1.78,11.2,0
2008-02-14,42.1,28.9,   49,1015.9,0.00,14.3,0
2008-02-15,48.9,28.9,   57,1019.3,0.00,12.8,0
2008-02-16,36.0,23.0,   40,1026.8,0.00,9.2,0
2008-02-17,55.9,26.1,   73,1021.3,0.19,6.3,0
2008-02-18,68.0,39.0,   74,1001.7,0.22,15.9,0
2008-02-19,44.1,28.0,   44,1010.5,0.00,17.0,0
2008-02-20,36.0,23.0,   38,1019.3,0.00,13.0,0
2008-02-21,35.1,19.9,   34,1028.1,0.00,10.5,0
2008-02-22,34.0,24.1,   88,1017.3,0.71,7.6,0
2008-02-23,35.1,26.1,   76,1014.2,0.00,9.4,0
2008-02-24,37.9,21.9,   56,1019.6,0.00,8.3,0
2008-02-25,48.0,25.0,   49,1013.2,0.00,7.4,0
2008-02-26,45.0,33.1,   75,1002.0,0.15,5.1,0
2008-02-27,44.1,21.9,   55,999.0,0.00,16.6,0
2008-02-28,30.9,18.0,   39,1019.6,0.00,15.4,0
2008-02-29,35.1,16.0,   52,1030.8,0.10,8.9,0
2008-03-01,48.0,32.0,   62,1014.6,0.06,14.5,0
2008-03-02,45.0,28.0,   38,1024.0,0.00,12.1,0
2008-03-03,64.0,32.0,   48,1021.3,0.00,8.5,0
2008-03-04,64.9,42.1,   78,1012.2,0.06,12.8,0
2008-03-05,59.0,37.0,   66,1005.4,0.39,15.9,0
2008-03-06,46.9,33.1,   62,1022.4,0.00,5.1,0
2008-03-07,48.0,32.0,   79,1018.6,0.89,7.4,0
2008-03-08,62.1,36.0,   83,999.7,0.79,14.1,0
2008-03-09,44.1,28.9,   37,1018.3,0.00,19.5,0
2008-03-10,46.9,28.0,   43,1026.8,0.00,10.7,0
2008-03-11,50.0,32.0,   57,1017.9,0.00,7.2,0
2008-03-12,51.1,35.1,   53,1007.5,0.00,15.2,0
2008-03-13,44.1,30.9,   56,1014.6,0.00,8.3,0
2008-03-14,55.0,36.0,   66,1008.5,0.01,6.9,0
2008-03-15,57.9,42.1,   68,1006.1,0.09,11.2,0
2008-03-16,48.9,35.1,   65,1015.9,0.04,12.3,0
2008-03-17,51.1,30.9,   30,1030.8,0.00,15.0,0
2008-03-18,43.0,33.1,   52,1029.1,0.00,9.4,0
2008-03-19,57.0,41.0,   87,1007.8,0.93,5.6,0
2008-03-20,57.9,36.0,   51,1003.0,0.21,21.9,0
2008-03-21,48.0,33.1,   29,1015.9,0.00,19.5,0
2008-03-22,52.0,35.1,   20,1013.9,0.00,11.6,0
2008-03-23,48.9,30.0,   29,1020.7,0.00,8.9,0
2008-03-24,48.0,30.0,   36,1023.7,0.00,8.5,0
2008-03-25,46.9,28.9,   42,1024.0,0.00,11.0,0
2008-03-26,64.9,41.0,   37,1015.9,0.00,14.3,0
2008-03-27,48.9,43.0,   55,1017.3,0.02,3.4,0
2008-03-28,50.0,37.9,   66,1012.2,0.00,10.7,0
2008-03-29,48.9,32.0,   32,1028.4,0.00,16.1,0
2008-03-30,46.0,26.1,   35,1038.6,0.00,8.1,0
2008-03-31,57.0,37.9,   76,1030.1,0.12,7.8,0
2008-04-01,69.1,55.0,   75,1013.2,0.26,16.6,0
2008-04-02,55.0,37.9,   28,1025.4,0.00,17.0,0
2008-04-03,48.9,33.1,   35,1031.8,0.03,6.7,0
2008-04-04,54.0,41.0,   83,1011.9,0.52,8.1,0
2008-04-05,59.0,48.9,   60,1014.6,0.07,10.7,0
2008-04-06,50.0,43.0,   63,1023.7,0.00,13.6,0
2008-04-07,50.0,42.1,   67,1027.1,0.00,9.8,0
2008-04-08,55.0,42.1,   64,1027.4,0.00,8.1,0
2008-04-09,52.0,39.9,   75,1024.4,0.01,4.7,0
2008-04-10,77.0,46.9,   52,1019.3,0.00,5.6,0
2008-04-11,61.0,51.1,   67,1013.5,0.09,8.1,0
2008-04-12,75.9,51.1,   62,1000.7,0.67,9.8,0
2008-04-13,57.9,43.0,   43,1006.4,0.00,13.4,0
2008-04-14,57.0,39.0,   32,1015.2,0.00,10.5,0
2008-04-15,60.1,36.0,   30,1021.0,0.00,9.2,0
2008-04-16,66.0,37.9,   34,1024.0,0.00,6.3,0
2008-04-17,73.9,41.0,   36,1019.3,0.00,3.6,0
2008-04-18,82.0,48.9,   32,1015.2,0.00,4.3,0
2008-04-19,73.0,52.0,   54,1016.6,0.00,6.9,0
2008-04-20,63.0,51.1,   72,1021.0,0.00,9.8,0
2008-04-21,64.0,48.9,   70,1025.1,0.00,10.7,0
2008-04-22,68.0,48.0,   65,1024.4,0.00,7.6,0
2008-04-23,79.0,52.0,   50,1020.7,0.00,7.6,0
2008-04-24,80.1,61.0,   33,1020.0,0.00,8.7,0
2008-04-25,70.0,57.9,   33,1020.0,0.02,7.6,0
2008-04-26,61.0,52.0,   52,1020.7,0.03,10.7,0
2008-04-27,54.0,48.9,   69,1022.7,0.07,6.3,0
2008-04-28,62.1,48.0,   88,1010.5,0.89,7.6,0
2008-04-29,59.0,46.0,   57,1007.5,0.04,12.8,0
2008-04-30,59.0,39.9,   34,1017.6,0.00,10.7,0
2008-05-01,57.9,37.0,   56,1021.3,0.01,7.8,1
2008-05-02,59.0,51.1,   81,1017.3,0.06,10.5,1
2008-05-03,57.9,48.0,   81,1016.6,0.00,10.1,1
2008-05-04,71.1,48.9,   71,1014.2,0.07,8.1,1
2008-05-05,73.0,48.0,   45,1017.6,0.00,7.6,1
2008-05-06,79.0,48.0,   38,1014.2,0.00,5.8,1
2008-05-07,73.0,55.9,   40,1011.9,0.00,6.9,1
2008-05-08,75.0,64.0,   57,1005.1,0.01,13.9,1
2008-05-09,64.9,48.9,   81,1005.8,1.18,15.2,1
2008-05-10,66.9,50.0,   54,1007.1,0.00,7.6,1
2008-05-11,59.0,50.0,   58,1009.5,0.00,11.4,1
2008-05-12,55.9,46.9,   58,1005.8,0.36,19.2,1
2008-05-13,72.0,46.0,   37,1016.3,0.00,13.9,1
2008-05-14,75.0,46.0,   51,1017.3,0.00,6.3,1
2008-05-15,75.9,55.0,   61,1013.2,0.00,5.4,1
2008-05-16,63.0,50.0,   83,1005.1,0.69,12.8,1
2008-05-17,75.0,46.9,   54,1000.0,0.02,13.6,1
2008-05-18,66.0,52.0,   69,996.6,0.17,8.5,1
2008-05-19,63.0,46.9,   48,1000.3,0.00,13.9,1
2008-05-20,54.0,44.1,   74,1000.3,0.48,6.9,1
2008-05-21,70.0,45.0,   64,999.0,0.05,8.3,1
2008-05-22,64.9,46.9,   60,1003.7,0.04,11.9,1
2008-05-23,72.0,48.9,   45,1011.2,0.00,13.6,1
2008-05-24,73.0,53.1,   40,1013.9,0.00,12.3,1
2008-05-25,79.0,55.0,   37,1017.3,0.00,7.6,1
2008-05-26,84.0,54.0,   47,1013.5,0.00,14.5,1
2008-05-27,87.1,60.1,   64,1011.2,0.13,13.4,1
2008-05-28,71.1,54.0,   32,1021.3,0.00,12.1,1
2008-05-29,78.1,50.0,   31,1019.6,0.00,9.4,1
2008-05-30,84.0,54.0,   39,1017.6,0.00,7.6,1
2008-05-31,80.1,64.0,   69,1008.1,0.68,12.1,1
2008-06-01,84.9,64.0,   51,1007.1,0.00,13.6,1
2008-06-02,82.9,60.1,   41,1012.2,0.00,9.6,1
2008-06-03,84.0,60.1,   44,1013.2,0.12,10.3,1
2008-06-04,73.9,59.0,   81,1009.5,0.60,6.5,1
2008-06-05,75.0,62.1,   69,1016.9,0.04,7.8,1
2008-06-06,75.9,59.0,   78,1021.0,0.00,5.1,1
2008-06-07,97.0,63.0,   62,1016.3,0.18,7.6,1
2008-06-08,96.1,73.9,   59,1012.2,0.00,9.8,1
2008-06-09,99.0,73.9,   48,1010.5,0.00,10.5,1
2008-06-10,99.0,71.1,   52,1010.8,0.08,8.7,1
2008-06-11,88.0,71.1,   44,1016.9,0.00,10.5,1
2008-06-12,87.1,71.1,   37,1022.4,0.00,8.5,1
2008-06-13,81.0,63.0,   51,1022.7,0.00,6.5,1
2008-06-14,91.9,68.0,   65,1013.9,2.16,6.3,1
2008-06-15,82.0,64.9,   77,1010.2,0.03,6.9,1
2008-06-16,82.9,64.9,   72,1008.5,0.02,6.9,1
2008-06-17,79.0,61.0,   53,1007.1,0.00,10.1,1
2008-06-18,77.0,55.9,   61,1007.8,0.06,9.6,1
2008-06-19,78.1,55.9,   53,1011.5,0.00,7.2,1
2008-06-20,82.0,57.9,   48,1015.6,0.00,7.6,1
2008-06-21,86.0,63.0,   53,1016.6,0.00,4.9,1
2008-06-22,82.0,66.9,   69,1014.2,0.62,8.7,1
2008-06-23,84.0,70.0,   65,1012.9,0.00,5.8,1
2008-06-24,81.0,64.0,   53,1016.3,0.24,12.1,1
2008-06-25,86.0,62.1,   45,1020.3,0.00,9.4,1
2008-06-26,84.0,71.1,   62,1012.2,0.02,9.4,1
2008-06-27,88.0,71.1,   56,1010.5,0.00,7.4,1
2008-06-28,93.0,70.0,   67,1009.8,0.15,6.7,1
2008-06-29,89.1,73.0,   69,1008.5,1.30,7.2,1
2008-06-30,86.0,69.1,   61,1007.1,0.01,7.8,1
2008-07-01,88.0,69.1,   54,1010.8,0.00,7.6,1
2008-07-02,87.1,69.1,   43,1014.6,0.00,9.6,1
2008-07-03,91.9,66.9,   48,1014.2,0.00,12.8,1
2008-07-04,81.0,70.0,   68,1015.9,0.06,4.3,1
2008-07-05,75.9,69.1,   82,1016.3,0.14,2.7,1
2008-07-06,79.0,68.0,   79,1017.9,0.00,4.9,1
2008-07-07,84.0,71.1,   73,1017.3,0.00,5.1,1
2008-07-08,91.9,73.0,   61,1013.5,0.00,11.0,1
2008-07-09,87.1,73.0,   71,1009.1,0.12,11.4,1
2008-07-10,87.1,73.0,   44,1013.9,0.00,10.7,1
2008-07-11,86.0,64.9,   47,1017.9,0.00,6.3,1
2008-07-12,86.0,69.1,   57,1018.3,0.00,8.3,1
2008-07-13,82.9,70.0,   67,1011.5,0.00,11.4,1
2008-07-14,84.0,69.1,   63,1010.5,0.64,7.2,1
2008-07-15,91.0,66.0,   46,1017.3,0.00,5.8,1
2008-07-16,91.9,66.0,   45,1020.0,0.00,4.9,1
2008-07-17,91.9,70.0,   49,1018.6,0.00,6.5,1
2008-07-18,97.0,71.1,   48,1016.3,0.00,10.1,1
2008-07-19,98.1,75.9,   43,1014.6,0.00,11.9,1
2008-07-20,98.1,75.0,   58,1012.2,0.04,12.5,1
2008-07-21,93.0,73.0,   54,1009.5,0.00,8.7,1
2008-07-22,84.0,73.9,   66,1012.2,0.01,6.5,1
2008-07-23,82.0,68.0,   78,1013.9,1.40,6.9,1
2008-07-24,84.9,70.0,   65,1014.6,0.51,9.8,1
2008-07-25,88.0,64.9,   46,1019.0,0.00,7.4,1
2008-07-26,89.1,66.9,   49,1014.2,0.00,10.5,1
2008-07-27,81.0,66.9,   73,1009.8,0.22,8.1,1
2008-07-28,88.0,64.9,   56,1010.8,0.00,7.2,1
2008-07-29,91.0,68.0,   47,1011.5,0.00,8.9,1
2008-07-30,87.1,71.1,   61,1008.5,0.00,6.7,1
2008-07-31,90.0,75.0,   55,1003.0,0.00,9.6,1
2008-08-01,91.0,73.0,   49,1005.4,0.00,6.9,1
2008-08-02,81.0,69.1,   65,1006.1,0.43,5.6,1
2008-08-03,84.9,66.0,   57,1009.8,0.02,10.7,1
2008-08-04,86.0,66.9,   50,1013.2,0.00,10.3,1
2008-08-05,84.9,69.1,   60,1013.9,0.07,6.7,1
2008-08-06,89.1,73.0,   58,1008.5,0.04,10.5,1
2008-08-07,87.1,70.0,   47,1006.8,0.02,8.5,1
2008-08-08,82.0,66.0,   58,1005.4,0.00,10.1,1
2008-08-09,82.9,62.1,   53,1010.2,0.00,7.8,1
2008-08-10,81.0,64.0,   65,1010.8,0.05,6.3,1
2008-08-11,75.0,61.0,   68,1008.1,0.60,6.7,1
2008-08-12,82.9,60.1,   56,1008.1,0.00,10.3,1
2008-08-13,81.0,64.9,   59,1009.5,0.00,6.7,1
2008-08-14,84.0,66.0,   67,1009.1,0.18,5.8,1
2008-08-15,81.0,66.0,   71,1014.6,0.19,5.1,1
2008-08-16,82.9,64.0,   55,1014.2,0.00,7.6,1
2008-08-17,86.0,62.1,   47,1014.2,0.00,7.6,1
2008-08-18,90.0,64.9,   47,1013.5,0.00,10.5,1
2008-08-19,87.1,64.9,   49,1014.2,0.00,12.5,1
2008-08-20,81.0,55.9,   45,1022.0,0.00,8.5,1
2008-08-21,82.9,59.0,   55,1024.7,0.00,5.8,1
2008-08-22,82.0,64.0,   57,1027.4,0.00,5.1,1
2008-08-23,79.0,62.1,   68,1025.1,0.00,6.3,1
2008-08-24,82.0,68.0,   68,1016.6,0.00,7.4,1
2008-08-25,84.9,66.9,   58,1012.2,0.00,11.0,1
2008-08-26,82.0,59.0,   41,1017.3,0.00,9.4,1
2008-08-27,78.1,60.1,   48,1019.0,0.00,6.7,1
2008-08-28,81.0,61.0,   45,1017.6,0.00,6.5,1
2008-08-29,79.0,70.0,   62,1016.3,0.00,6.5,1
2008-08-30,86.0,66.0,   69,1015.9,1.20,7.2,1
2008-08-31,86.0,64.0,   40,1020.0,0.00,8.7,1
2008-09-01,86.0,61.0,   43,1020.7,0.00,7.6,1
2008-09-02,90.0,66.0,   47,1016.6,0.00,7.4,1
2008-09-03,82.9,70.0,   62,1013.5,0.00,7.6,1
2008-09-04,91.9,70.0,   63,1014.9,0.00,5.8,1
2008-09-05,86.0,71.1,   69,1017.3,0.11,8.3,1
2008-09-06,81.0,71.1,   84,1008.1,3.64,11.6,1
2008-09-07,82.9,66.9,   54,1013.5,0.00,11.4,1
2008-09-08,84.0,64.9,   52,1020.3,0.00,7.6,1
2008-09-09,75.0,66.9,   76,1015.9,0.55,9.4,1
2008-09-10,73.9,59.0,   52,1023.7,0.00,8.1,1
2008-09-11,73.0,61.0,   58,1027.1,0.00,8.1,1
2008-09-12,71.1,64.9,   74,1019.6,0.32,7.4,1
2008-09-13,82.9,66.0,   76,1012.9,0.01,3.8,1
2008-09-14,91.9,71.1,   69,1007.5,0.00,7.8,1
2008-09-15,84.9,66.0,   47,1009.1,0.00,17.0,1
2008-09-16,73.9,59.0,   58,1020.0,0.00,7.8,1
2008-09-17,75.0,55.9,   54,1020.3,0.00,6.3,1
2008-09-18,75.9,57.9,   52,1022.7,0.00,11.0,1
2008-09-19,66.9,51.1,   55,1030.1,0.00,9.4,1
2008-09-20,71.1,51.1,   63,1025.4,0.00,6.5,1
2008-09-21,81.0,51.1,   58,1023.4,0.00,4.3,1
2008-09-22,75.0,59.0,   64,1028.1,0.00,11.2,1
2008-09-23,71.1,54.0,   60,1030.8,0.00,7.6,1
2008-09-24,72.0,53.1,   61,1030.1,0.00,8.3,1
2008-09-25,66.0,53.1,   67,1028.8,0.13,15.2,1
2008-09-26,68.0,57.0,   88,1021.0,1.71,14.1,1
2008-09-27,70.0,64.9,   89,1016.9,0.01,6.9,1
2008-09-28,73.0,66.9,   86,1011.9,0.59,3.8,1
2008-09-29,73.9,61.0,   71,1013.5,0.00,10.5,1
2008-09-30,72.0,57.9,   69,1011.5,0.07,6.0,1
2008-10-01,73.0,59.0,   71,1003.7,0.30,6.5,1
2008-10-02,64.0,51.1,   58,1005.4,0.00,13.4,1
2008-10-03,66.0,46.9,   55,1014.2,0.00,12.3,1
2008-10-04,64.0,45.0,   57,1023.0,0.00,6.3,1
2008-10-05,64.9,53.1,   75,1024.4,0.21,7.4,1
2008-10-06,68.0,46.0,   58,1026.8,0.00,9.2,1
2008-10-07,66.0,43.0,   47,1026.8,0.00,6.7,1
2008-10-08,66.0,44.1,   59,1020.0,0.00,6.3,1
2008-10-09,78.1,59.0,   69,1014.6,0.02,11.2,1
2008-10-10,75.0,57.0,   42,1022.7,0.00,5.4,1
2008-10-11,71.1,50.0,   54,1029.8,0.00,6.3,1
2008-10-12,71.1,50.0,   64,1032.2,0.00,5.4,1
2008-10-13,78.1,54.0,   63,1026.4,0.00,6.0,1
2008-10-14,70.0,61.0,   72,1022.0,0.00,6.9,1
2008-10-15,73.9,57.0,   52,1018.3,0.00,6.7,1
2008-10-16,79.0,55.9,   65,1013.9,0.00,10.7,1
2008-10-17,62.1,46.0,   50,1018.6,0.00,10.5,1
2008-10-18,57.9,42.1,   48,1022.4,0.00,14.5,1
2008-10-19,55.9,39.0,   48,1026.4,0.00,13.4,1
2008-10-20,64.0,37.0,   41,1022.0,0.00,5.8,1
2008-10-21,63.0,39.0,   52,1014.2,0.00,13.4,1
2008-10-22,54.0,39.9,   52,1024.7,0.00,16.6,1
2008-10-23,55.9,37.0,   55,1036.2,0.00,7.8,1
2008-10-24,57.0,33.1,   66,1031.2,0.00,4.3,1
2008-10-25,64.9,50.0,   79,,0.56,14.1,1
2008-10-26,64.0,46.9,   61,1011.5,0.00,8.3,1
2008-10-27,64.0,45.0,   58,1011.5,0.09,10.1,1
2008-10-28,46.0,37.9,   77,997.0,1.57,19.5,1
2008-10-29,46.0,37.0,   56,1009.5,0.04,12.8,1
2008-10-30,50.0,35.1,   45,1027.8,0.00,9.6,1
2008-10-31,64.9,34.0,   43,1028.1,0.00,9.2,1
2008-11-01,68.0,45.0,   49,1023.7,0.00,9.2,0
2008-11-02,50.0,37.0,   48,1032.8,0.00,9.8,0
2008-11-03,57.9,44.1,   74,1032.2,0.01,2.9,0
2008-11-04,63.0,46.9,   73,1027.8,0.00,3.8,0
2008-11-05,64.9,54.0,   78,1020.0,0.20,13.4,0
2008-11-06,63.0,57.9,   86,1012.9,0.11,15.9,0
2008-11-07,64.9,57.9,   81,1011.2,0.00,6.7,0
2008-11-08,60.1,53.1,   85,1005.1,0.18,5.8,0
2008-11-09,57.0,44.1,   53,1008.5,0.00,10.5,0
2008-11-10,53.1,42.1,   44,1016.6,0.00,13.0,0
2008-11-11,52.0,33.1,   49,1025.4,0.00,9.6,0
2008-11-12,51.1,37.9,   55,1028.4,0.00,4.9,0
2008-11-13,57.9,45.0,   80,1020.7,0.52,5.1,0
2008-11-14,62.1,57.0,   87,1012.9,0.07,4.9,0
2008-11-15,70.0,57.0,   85,1001.7,0.69,10.5,0
2008-11-16,60.1,39.9,   52,1004.4,0.07,18.1,0
2008-11-17,48.9,35.1,   49,1015.9,0.00,11.0,0
2008-11-18,39.9,28.9,   49,1017.6,0.00,15.4,0
2008-11-19,37.9,25.0,   40,1018.3,0.00,13.0,0
2008-11-20,41.0,30.0,   50,1012.2,0.00,7.6,0
2008-11-21,39.0,25.0,   44,1018.3,0.00,11.4,0
2008-11-22,34.0,23.0,   40,1027.1,0.00,15.2,0
2008-11-23,39.0,24.1,   48,1029.8,0.00,9.6,0
2008-11-24,50.0,26.1,   58,1022.7,0.13,5.6,0
2008-11-25,46.0,32.0,   75,1007.5,0.34,9.6,0
2008-11-26,46.9,32.0,   59,1012.9,0.00,12.3,0
2008-11-27,44.1,33.1,   57,1015.9,0.00,7.6,0
2008-11-28,51.1,30.9,   54,1009.8,0.00,7.8,0
2008-11-29,48.0,30.9,   52,1013.9,0.00,8.1,0
2008-11-30,43.0,30.9,   80,1007.5,0.75,10.5,0
2008-12-01,55.0,42.1,   69,1001.0,0.08,13.4,0
2008-12-02,46.9,34.0,   54,1017.6,0.00,11.4,0
2008-12-03,44.1,27.0,   57,1024.0,0.00,7.8,0
2008-12-04,51.1,34.0,   66,1019.3,0.02,9.2,0
2008-12-05,41.0,28.9,   52,1022.7,0.00,8.5,0
2008-12-06,37.0,24.1,   55,1018.6,0.00,5.6,0
2008-12-07,37.9,19.9,   54,1009.8,0.00,15.4,0
2008-12-08,30.9,18.0,   40,1028.4,0.00,10.1,0
2008-12-09,57.9,28.0,   58,1026.4,0.04,7.2,0
2008-12-10,64.9,44.1,   76,1014.6,0.24,14.3,0
2008-12-11,44.1,37.0,   87,1012.9,1.97,14.3,0
2008-12-12,46.0,33.1,   68,1004.1,0.93,14.3,0
2008-12-13,34.0,27.0,   46,1026.8,0.00,11.4,0
2008-12-14,48.0,26.1,   57,1032.2,0.00,8.1,0
2008-12-15,66.9,46.9,   68,1025.4,0.01,13.4,0
2008-12-16,57.9,30.0,   71,1030.1,0.21,10.7,0
2008-12-17,42.1,30.9,   83,1020.0,0.28,7.4,0
2008-12-18,44.1,32.0,   65,1025.7,0.00,5.1,0
2008-12-19,35.1,30.0,   81,1017.6,0.88,10.5,0
2008-12-20,30.0,23.0,   77,1018.3,0.02,13.6,0
2008-12-21,36.0,24.1,   73,1005.1,0.49,13.4,0
2008-12-22,26.1,12.0,   48,1017.9,0.00,17.7,0
2008-12-23,30.0,17.1,   55,1036.2,0.00,8.9,0
2008-12-24,53.1,30.0,   83,1022.7,0.50,6.7,0
2008-12-25,55.0,33.1,   47,1023.0,0.11,14.8,0
2008-12-26,41.0,26.1,   65,1033.9,0.00,4.5,0
2008-12-27,45.0,39.0,   87,1025.7,0.01,3.1,0
2008-12-28,66.0,45.0,   65,1013.9,0.07,15.9,0
2008-12-29,46.9,33.1,   46,1013.5,0.00,10.1,0
2008-12-30,44.1,30.9,   33,1010.2,0.00,15.2,0
2008-12-31,36.0,18.0,   57,1006.1,0.02,16.1,0
2009-01-01,28.0,16.0,   39,1023.4,0.00,12.3,0
2009-01-02,34.0,21.0,   64,1013.2,0.00,8.5,0
2009-01-03,42.1,26.1,   44,1015.2,0.00,13.9,0
2009-01-04,45.0,24.1,   36,1018.3,0.00,9.2,0
2009-01-05,45.0,37.9,   46,1014.6,0.00,9.2,0
2009-01-06,39.0,30.0,   41,1015.9,0.11,7.2,0
2009-01-07,39.0,30.9,   86,993.9,1.17,10.7,0
2009-01-08,39.0,30.0,   55,998.6,0.00,19.0,0
2009-01-09,35.1,25.0,   49,1016.3,0.00,13.2,0
2009-01-10,28.9,24.1,   69,1022.4,0.09,7.2,0
2009-01-11,32.0,25.0,   72,1012.5,0.16,11.4,0
2009-01-12,35.1,19.9,   57,1021.7,0.00,8.1,0
2009-01-13,39.0,24.1,   67,1017.3,0.00,4.0,0
2009-01-14,35.1,17.1,   38,1018.3,0.00,12.3,0
2009-01-15,23.0,15.1,   61,1024.0,0.04,11.9,0
2009-01-16,18.0,8.1,   46,1032.8,0.00,12.8,0
2009-01-17,21.0,5.0,   44,1032.2,0.00,6.7,0
2009-01-18,35.1,21.0,   70,1013.9,0.14,5.1,0
2009-01-19,33.1,19.0,   81,1004.7,0.15,3.8,0
2009-01-20,28.9,17.1,   59,1005.8,0.00,10.7,0
2009-01-21,28.0,16.0,   51,1013.2,0.00,11.2,0
2009-01-22,37.9,17.1,   53,1015.9,0.00,10.3,0
2009-01-23,48.0,27.0,   50,1013.2,0.00,5.1,0
2009-01-24,45.0,17.1,   38,1017.3,0.00,16.6,0
2009-01-25,30.0,12.9,   40,1027.1,0.00,8.9,0
2009-01-26,30.9,18.0,   40,1029.5,0.00,6.5,0
2009-01-27,30.9,26.1,   36,1030.8,0.00,6.9,0
2009-01-28,39.9,25.0,   82,1011.9,1.00,11.4,0
2009-01-29,35.1,26.1,   53,1013.5,0.00,11.2,0
2009-01-30,36.0,21.9,   61,1012.9,0.00,9.4,0
2009-01-31,30.0,19.0,   44,1015.6,0.00,13.4,0
2009-02-01,54.0,25.0,   46,1013.2,0.00,9.4,0
2009-02-02,54.0,30.9,   54,1013.5,0.00,8.1,0
2009-02-03,34.0,26.1,   80,1008.8,0.20,13.6,0
2009-02-04,30.9,14.0,   44,1016.6,0.00,12.1,0
2009-02-05,23.0,12.0,   44,1026.8,0.00,13.9,0
2009-02-06,32.0,15.1,   44,1029.5,0.00,7.6,0
2009-02-07,50.0,21.9,   55,1023.7,0.00,3.6,0
2009-02-08,60.1,37.0,   49,1016.9,0.00,13.9,0
2009-02-09,48.0,32.0,   42,1027.8,0.00,8.1,0
2009-02-10,48.9,37.0,   59,1023.0,0.00,2.7,0
2009-02-11,64.0,42.1,   66,1010.5,0.04,3.8,0
2009-02-12,57.0,44.1,   48,997.0,0.06,24.6,0
2009-02-13,46.9,32.0,   33,1011.2,0.00,17.9,0
2009-02-14,44.1,28.0,   36,1013.9,0.00,8.1,0
2009-02-15,44.1,28.9,   33,1017.3,0.00,13.0,0
2009-02-16,42.1,28.0,   40,1020.7,0.00,11.6,0
2009-02-17,42.1,24.1,   44,1023.4,0.00,8.5,0
2009-02-18,44.1,27.0,   72,1010.5,0.18,6.9,0
2009-02-19,50.0,26.1,   58,997.3,0.01,14.8,0
2009-02-20,35.1,21.9,   36,1009.1,0.00,19.9,0
2009-02-21,43.0,26.1,   40,1022.4,0.00,10.7,0
2009-02-22,42.1,30.9,   65,1014.6,0.07,8.3,0
2009-02-23,37.0,24.1,   37,1018.6,0.00,19.9,0
2009-02-24,39.0,21.0,   36,1026.1,0.00,15.0,0
2009-02-25,42.1,23.0,   44,1030.5,0.00,6.0,0
2009-02-26,51.1,30.0,   54,1026.8,0.00,3.4,0
2009-02-27,66.0,37.0,   64,1015.9,0.02,9.8,0
2009-02-28,53.1,30.0,   46,1021.0,0.00,16.3,0
2009-03-01,37.9,28.0,   57,1018.3,0.15,13.6,0
2009-03-02,28.0,16.0,   68,1013.5,0.35,20.4,0
2009-03-03,27.0,12.0,   39,1024.0,0.00,15.7,0
2009-03-04,35.1,16.0,   42,1028.8,0.00,8.5,0
2009-03-05,45.0,19.0,   48,1029.8,0.00,6.3,0
2009-03-06,55.9,35.1,   52,1018.6,0.00,8.5,0
2009-03-07,72.0,43.0,   60,1016.3,0.00,6.5,0
2009-03-08,64.9,51.1,   57,1011.5,0.00,9.4,0
2009-03-09,51.1,42.1,   76,1014.2,0.08,10.1,0
2009-03-10,45.0,37.9,   69,1027.1,0.00,8.1,0
2009-03-11,57.9,41.0,   69,1016.9,0.00,10.5,0
2009-03-12,46.9,32.0,   32,1029.8,0.00,15.7,0
2009-03-13,39.0,27.0,   43,1032.5,0.00,7.6,0
2009-03-14,50.0,30.9,   48,1025.4,0.00,6.7,0
2009-03-15,50.0,41.0,   51,1022.4,0.00,4.5,0
2009-03-16,50.0,34.0,   57,1026.1,0.00,6.0,0
2009-03-17,54.0,34.0,   55,1025.4,0.00,7.2,0
2009-03-18,66.0,35.1,   51,1020.7,0.00,12.3,0
2009-03-19,52.0,42.1,   71,1017.6,0.11,6.9,0
2009-03-20,46.0,33.1,   51,1025.7,0.01,11.9,0
2009-03-21,48.0,26.1,   33,1032.5,0.00,8.5,0
2009-03-22,57.0,28.0,   42,1026.4,0.00,13.2,0
2009-03-23,45.0,28.9,   18,1027.1,0.00,18.1,0
2009-03-24,50.0,26.1,   27,1030.1,0.00,14.3,0
2009-03-25,51.1,32.0,   36,1027.8,0.00,6.9,0
2009-03-26,45.0,41.0,   74,1017.3,0.42,6.7,0
2009-03-27,64.0,42.1,   61,1014.6,0.00,5.8,0
2009-03-28,60.1,46.0,   71,1014.2,0.07,6.9,0
2009-03-29,57.0,44.1,   86,999.0,0.42,8.5,0
2009-03-30,57.0,42.1,   47,1005.8,0.00,18.8,0
2009-03-31,60.1,39.0,   48,1021.0,0.00,8.9,0
2009-04-01,48.9,43.0,   75,1020.7,0.31,8.3,0
2009-04-02,63.0,45.0,   79,1015.6,0.00,6.9,0
2009-04-03,62.1,52.0,   80,995.3,0.50,12.8,0
2009-04-04,55.0,48.0,   45,999.3,0.00,23.5,0
2009-04-05,68.0,45.0,   35,1007.5,0.00,13.0,0
2009-04-06,55.0,46.9,   77,995.6,0.59,7.6,0
2009-04-07,50.0,37.9,   45,995.6,0.00,17.0,0
2009-04-08,51.1,34.0,   45,1004.7,0.00,11.4,0
2009-04-09,63.0,35.1,   34,1010.5,0.00,9.2,0
2009-04-10,57.9,42.1,   53,1014.6,0.00,6.9,0
2009-04-11,51.1,42.1,   68,1011.5,0.56,15.7,0
2009-04-12,51.1,36.0,   29,1019.6,0.00,19.0,0
2009-04-13,59.0,33.1,   27,1020.0,0.00,10.3,0
2009-04-14,51.1,44.1,   64,1015.9,0.36,8.7,0
2009-04-15,55.0,42.1,   54,1016.6,0.06,10.5,0
2009-04-16,61.0,34.0,   44,1025.1,0.00,8.1,0
2009-04-17,72.0,37.0,   30,1022.4,0.00,7.6,0
2009-04-18,81.0,48.0,   25,1014.2,0.00,8.5,0
2009-04-19,61.0,48.0,   50,1017.9,0.00,11.4,0
2009-04-20,50.0,45.0,   70,1016.9,2.10,13.0,0
2009-04-21,63.0,48.9,   83,1006.4,0.10,6.7,0
2009-04-22,55.0,46.9,   71,1005.8,0.03,9.2,0
2009-04-23,62.1,43.0,   42,1014.2,0.00,14.5,0
2009-04-24,72.0,41.0,   39,1023.7,0.00,8.1,0
2009-04-25,90.0,53.1,   43,1021.3,0.00,8.5,0
2009-04-26,93.0,66.0,   38,1022.0,0.00,6.5,0
2009-04-27,82.0,63.0,   48,1025.1,0.00,6.0,0
2009-04-28,90.0,68.0,   35,1021.0,0.00,16.6,0
2009-04-29,70.0,48.9,   44,1030.5,0.00,12.1,0
2009-04-30,57.9,48.0,   60,1027.8,0.00,6.7,0
2009-05-01,73.0,52.0,   82,1012.9,0.83,12.3,1
2009-05-02,69.1,55.9,   62,1011.9,0.06,9.6,1
2009-05-03,60.1,53.1,   84,1015.9,0.47,3.8,1
2009-05-04,57.0,53.1,   84,1017.9,0.38,6.3,1
2009-05-05,55.9,52.0,   85,1018.6,0.37,9.2,1
2009-05-06,64.9,50.0,   78,1016.9,0.87,6.7,1
2009-05-07,72.0,52.0,   83,1008.1,0.16,7.4,1
2009-05-08,75.9,55.9,   62,1009.5,0.00,6.3,1
2009-05-09,81.0,59.0,   65,1003.7,0.41,9.2,1
2009-05-10,72.0,55.0,   37,1011.2,0.00,18.6,1
2009-05-11,68.0,50.0,   46,1017.6,0.00,9.6,1
2009-05-12,71.1,48.9,   39,1021.0,0.00,9.4,1
2009-05-13,64.9,46.0,   58,1028.8,0.00,7.6,1
2009-05-14,73.0,57.0,   67,1024.0,0.00,11.2,1
2009-05-15,73.9,62.1,   69,1023.0,0.00,4.9,1
2009-05-16,72.0,57.0,   81,1016.9,0.20,6.9,1
2009-05-17,69.1,52.0,   50,1016.6,0.00,14.8,1
2009-05-18,59.0,46.9,   36,1024.7,0.00,10.1,1
2009-05-19,69.1,42.1,   43,1029.5,0.00,6.3,1
2009-05-20,84.0,48.0,   41,1027.8,0.00,8.1,1
2009-05-21,87.1,55.9,   31,1024.0,0.00,11.4,1
2009-05-22,86.0,59.0,   46,1019.6,0.00,10.5,1
2009-05-23,75.9,59.0,   59,1020.3,0.00,8.3,1
2009-05-24,87.1,59.0,   66,1015.6,0.03,7.2,1
2009-05-25,84.0,63.0,   50,1015.9,0.00,7.6,1
2009-05-26,66.0,54.0,   46,1023.7,0.00,11.4,1
2009-05-27,69.1,54.0,   77,1016.3,0.00,5.6,1
2009-05-28,64.9,55.9,   85,1011.9,0.01,6.3,1
2009-05-29,75.9,55.0,   78,1006.8,0.29,6.0,1
2009-05-30,80.1,61.0,   47,1006.8,0.00,9.2,1
2009-05-31,84.0,54.0,   39,1008.5,0.00,12.3,1
2009-06-01,75.0,48.9,   36,1018.3,0.00,10.5,1
2009-06-02,82.9,61.0,   63,1014.9,0.01,8.9,1
2009-06-03,73.9,55.9,   69,1016.3,0.49,8.5,1
2009-06-04,68.0,55.0,   72,1015.9,0.60,6.0,1
2009-06-05,61.0,57.0,   83,1013.2,0.84,8.9,1
2009-06-06,79.0,57.0,   66,1013.5,0.00,6.3,1
2009-06-07,82.0,60.1,   58,1014.9,0.00,7.6,1
2009-06-08,75.9,62.1,   68,1014.6,0.00,7.2,1
2009-06-09,73.0,62.1,   81,1012.9,0.77,5.6,1
2009-06-10,70.0,61.0,   80,1013.9,0.00,6.0,1
2009-06-11,64.9,61.0,   88,1012.2,0.39,5.6,1
2009-06-12,82.0,63.0,   72,1006.8,0.54,6.3,1
2009-06-13,75.9,63.0,   73,1012.9,0.19,6.5,1
2009-06-14,72.0,61.0,   74,1014.6,0.00,6.0,1
2009-06-15,72.0,57.9,   73,1017.6,0.52,6.9,1
2009-06-16,66.9,57.0,   72,1023.0,0.00,6.0,1
2009-06-17,66.9,55.9,   68,1023.0,0.02,6.9,1
2009-06-18,66.9,62.1,   85,,1.45,6.9,1
2009-06-19,81.0,64.0,   67,1007.8,0.00,7.8,1
2009-06-20,71.1,63.0,   80,1002.7,0.27,4.3,1
2009-06-21,82.0,63.0,   75,1001.0,0.49,12.3,1
2009-06-22,77.0,66.9,   64,1003.7,0.00,14.8,1
2009-06-23,84.0,66.9,   61,1006.4,0.00,10.5,1
2009-06-24,79.0,64.9,   74,1008.1,0.48,6.7,1
2009-06-25,82.0,64.9,   69,1008.5,0.00,5.4,1
2009-06-26,89.1,66.0,   72,,0.10,6.5,1
2009-06-27,84.0,62.1,   62,1006.1,0.00,10.5,1
2009-06-28,82.0,66.0,   62,1003.4,0.00,8.7,1
2009-06-29,84.9,64.9,   54,998.6,0.00,9.4,1
2009-06-30,84.9,66.9,   64,1001.0,0.80,6.5,1
2009-07-01,81.0,66.0,   70,1006.1,0.00,6.7,1
2009-07-02,79.0,68.0,   74,1007.5,0.23,6.3,1
2009-07-03,81.0,64.9,   62,1009.8,0.08,8.5,1
2009-07-04,82.9,64.9,   50,1010.8,0.00,11.4,1
2009-07-05,81.0,63.0,   41,1011.2,0.00,9.4,1
2009-07-06,86.0,60.1,   46,1007.8,0.00,7.2,1
2009-07-07,82.0,64.0,   61,1007.1,0.11,7.8,1
2009-07-08,80.1,59.0,   51,1012.2,0.00,10.5,1
2009-07-09,73.9,62.1,   65,1022.0,0.00,7.4,1
2009-07-10,77.0,57.9,   60,1025.4,0.00,5.8,1
2009-07-11,79.0,62.1,   62,1019.6,0.24,8.5,1
2009-07-12,84.0,64.0,   49,1012.9,0.03,10.5,1
2009-07-13,82.9,61.0,   40,1012.9,0.00,7.2,1
2009-07-14,82.9,60.1,   36,1016.9,0.00,9.8,1
2009-07-15,87.1,62.1,   45,1018.3,0.00,5.8,1
2009-07-16,91.0,71.1,   51,1009.5,0.00,10.1,1
2009-07-17,88.0,69.1,   71,1008.1,0.07,5.4,1
2009-07-18,86.0,70.0,   54,1009.1,0.00,10.3,1
2009-07-19,84.9,63.0,   48,1017.9,0.00,7.2,1
2009-07-20,82.9,66.9,   54,1021.0,0.00,5.8,1
2009-07-21,73.0,64.9,   84,1019.6,0.78,9.6,1
2009-07-22,82.0,64.9,   72,1020.0,0.00,4.7,1
2009-07-23,79.0,64.9,   77,1015.2,0.14,9.6,1
2009-07-24,82.9,64.9,   67,1011.5,0.00,6.0,1
2009-07-25,84.0,64.0,   68,1012.9,0.07,7.2,1
2009-07-26,87.1,69.1,   70,1012.2,1.03,8.1,1
2009-07-27,86.0,69.1,   68,1013.2,0.18,7.6,1
2009-07-28,87.1,72.0,   67,1013.2,0.00,4.9,1
2009-07-29,84.9,73.0,   82,1010.2,2.97,6.0,1
2009-07-30,89.1,73.0,   59,1010.5,0.00,8.7,1
2009-07-31,89.1,69.1,   76,1011.5,0.67,8.9,1
2009-08-01,84.0,64.9,   62,1017.6,0.00,5.6,1
2009-08-02,77.0,68.0,   82,1012.9,1.28,5.4,1
2009-08-03,87.1,70.0,   59,1014.6,0.00,5.8,1
2009-08-04,86.0,66.9,   62,1013.9,0.00,6.7,1
2009-08-05,90.0,73.9,   61,1011.9,0.00,8.3,1
2009-08-06,81.0,66.9,   51,1014.2,0.00,6.3,1
2009-08-07,82.9,64.9,   42,1017.9,0.00,9.8,1
2009-08-08,80.1,61.0,   49,1022.7,0.00,5.8,1
2009-08-09,80.1,69.1,   76,1017.6,0.14,5.6,1
2009-08-10,95.0,71.1,   59,1011.5,0.00,9.4,1
2009-08-11,91.0,77.0,   55,1010.2,0.00,7.4,1
2009-08-12,84.0,73.0,   69,1014.2,0.32,7.8,1
2009-08-13,73.9,70.0,   76,1018.6,0.08,6.0,1
2009-08-14,88.0,68.0,   67,1021.3,0.00,3.6,1
2009-08-15,91.0,68.0,   64,1021.0,0.00,5.6,1
2009-08-16,93.0,70.0,   59,1021.0,0.00,5.6,1
2009-08-17,95.0,72.0,   52,1020.3,0.00,6.7,1
2009-08-18,91.9,70.0,   59,1016.9,0.04,9.4,1
2009-08-19,93.0,73.0,   59,1013.9,0.00,7.2,1
2009-08-20,90.0,75.9,   63,1013.2,0.00,5.1,1
2009-08-21,93.9,73.0,   70,1011.9,0.10,9.2,1
2009-08-22,84.0,71.1,   77,1010.2,0.56,4.0,1
2009-08-23,84.0,73.9,   73,1010.2,0.06,4.7,1
2009-08-24,86.0,70.0,   58,1016.9,0.00,5.8,1
2009-08-25,86.0,68.0,   59,1019.0,0.00,6.0,1
2009-08-26,89.1,69.1,   57,1015.6,0.00,12.3,1
2009-08-27,80.1,66.9,   56,1018.6,0.00,7.6,1
2009-08-28,73.0,64.9,   80,1018.6,0.90,6.3,1
2009-08-29,73.9,68.0,   86,1008.8,0.66,6.3,1
2009-08-30,84.9,66.9,   60,1012.2,0.00,8.3,1
2009-08-31,75.0,59.0,   52,1020.0,0.00,7.6,1
2009-09-01,75.0,55.0,   53,1024.4,0.00,7.6,1
2009-09-02,77.0,55.0,   56,1024.7,0.00,4.9,1
2009-09-03,80.1,59.0,   61,1020.3,0.00,4.9,1
2009-09-04,84.0,62.1,   51,1016.3,0.00,7.6,1
2009-09-05,86.0,69.1,   48,1020.0,0.00,6.9,1
2009-09-06,75.9,64.9,   59,1026.4,0.00,11.0,1
2009-09-07,75.0,63.0,   62,1023.7,0.00,6.0,1
2009-09-08,75.9,62.1,   66,1018.6,0.00,4.7,1
2009-09-09,75.9,64.0,   59,1021.0,0.00,10.1,1
2009-09-10,71.1,59.0,   55,1027.4,0.00,14.5,1
2009-09-11,68.0,57.0,   84,1018.6,0.50,16.6,1
2009-09-12,69.1,64.0,   82,1013.9,0.08,5.8,1
2009-09-13,82.0,66.0,   61,1011.9,0.00,9.2,1
2009-09-14,80.1,62.1,   58,1013.2,0.00,7.4,1
2009-09-15,81.0,63.0,   58,1013.5,0.00,8.1,1
2009-09-16,69.1,64.0,   63,1021.7,0.00,11.4,1
2009-09-17,64.9,55.0,   68,1023.4,0.03,8.5,1
2009-09-18,78.1,53.1,   60,1017.6,0.00,9.8,1
2009-09-19,72.0,54.0,   44,1023.4,0.00,8.1,1
2009-09-20,73.9,48.9,   60,1026.4,0.00,5.1,1
2009-09-21,75.9,54.0,   68,1025.7,0.00,4.3,1
2009-09-22,75.0,63.0,   71,1024.7,0.00,3.6,1
2009-09-23,82.9,66.9,   71,1020.0,0.00,6.5,1
2009-09-24,84.0,66.9,   59,1016.3,0.09,9.6,1
2009-09-25,71.1,53.1,   48,1023.0,0.00,13.2,1
2009-09-26,64.9,48.9,   62,1023.7,0.17,8.3,1
2009-09-27,70.0,60.1,   84,1004.4,0.73,7.2,1
2009-09-28,77.0,55.9,   70,1000.3,0.13,11.0,1
2009-09-29,69.1,50.0,   58,1002.7,0.00,13.2,1
2009-09-30,64.0,48.0,   59,1010.8,0.00,10.7,1
2009-10-01,57.9,45.0,   62,1016.3,0.00,8.1,1
2009-10-02,66.0,43.0,   68,1015.6,0.04,7.2,1
2009-10-03,71.1,64.9,   83,1011.2,0.12,2.9,1
2009-10-04,77.0,57.0,   57,1011.5,0.00,7.2,1
2009-10-05,71.1,52.0,   52,1013.9,0.00,12.1,1
2009-10-06,69.1,48.0,   55,1013.2,0.00,8.1,1
2009-10-07,73.0,57.0,   52,1003.0,0.05,19.2,1
2009-10-08,69.1,51.1,   43,1016.9,0.00,10.3,1
2009-10-09,73.0,59.0,   65,1010.2,0.02,5.8,1
2009-10-10,66.9,50.0,   61,1012.2,0.00,11.0,1
2009-10-11,66.0,43.0,   48,1022.4,0.00,9.6,1
2009-10-12,54.0,42.1,   49,1027.1,0.00,4.3,1
2009-10-13,68.0,46.0,   53,1018.3,0.00,10.7,1
2009-10-14,54.0,37.9,   50,1022.7,0.00,6.7,1
2009-10-15,46.9,39.0,   74,1015.9,0.62,15.0,1
2009-10-16,46.0,37.9,   72,1014.2,0.03,12.8,1
2009-10-17,48.0,42.1,   65,1017.9,0.11,13.2,1
2009-10-18,46.9,42.1,   71,1017.9,0.24,17.2,1
2009-10-19,59.0,37.0,   47,1020.7,0.00,6.7,1
2009-10-20,69.1,37.9,   53,1020.7,0.00,6.5,1
2009-10-21,70.0,46.0,   58,1021.0,0.00,2.2,1
2009-10-22,77.0,50.0,   51,1014.9,0.00,8.3,1
2009-10-23,63.0,51.1,   68,1019.0,0.36,10.3,1
2009-10-24,72.0,55.0,   82,1007.5,1.83,8.9,1
2009-10-25,64.9,50.0,   47,1017.3,0.00,9.2,1
2009-10-26,61.0,43.0,   59,1026.1,0.00,4.5,1
2009-10-27,57.0,45.0,   86,1019.6,0.78,8.1,1
2009-10-28,57.9,51.1,   84,1012.5,1.09,12.1,1
2009-10-29,59.0,48.9,   70,1024.4,0.00,7.4,1
2009-10-30,59.0,51.1,   69,1023.7,0.00,6.9,1
2009-10-31,73.9,55.0,   76,1011.9,0.14,11.4,1
2009-11-01,59.0,46.0,   55,1019.6,0.01,10.1,0
2009-11-02,57.0,46.0,   57,1022.0,0.00,9.4,0
2009-11-03,63.0,41.0,   54,1018.6,0.00,8.5,0
2009-11-04,53.1,39.9,   51,1025.4,0.00,6.0,0
2009-11-05,55.0,41.0,   57,1019.3,0.00,8.7,0
2009-11-06,51.1,37.9,   47,1023.4,0.00,12.5,0
2009-11-07,53.1,30.9,   55,1024.0,0.00,6.0,0
2009-11-08,73.0,41.0,   59,1024.0,0.00,2.9,0
2009-11-09,69.1,44.1,   64,1027.4,0.00,5.8,0
2009-11-10,64.9,51.1,   62,1024.4,0.00,6.7,0
2009-11-11,57.0,48.9,   45,1026.4,0.00,14.5,0
2009-11-12,51.1,46.9,   47,1021.3,0.05,18.3,0
2009-11-13,55.9,48.0,   71,1015.2,0.10,21.5,0
2009-11-14,57.0,51.1,   87,1011.5,0.13,13.2,0
2009-11-15,70.0,55.0,   74,1012.2,0.00,6.3,0
2009-11-16,61.0,46.9,   49,1017.3,0.00,9.8,0
2009-11-17,55.9,41.0,   42,1025.4,0.00,9.8,0
2009-11-18,54.0,37.9,   67,1030.5,0.00,7.6,0
2009-11-19,59.0,46.9,   77,1024.7,0.14,8.1,0
2009-11-20,61.0,43.0,   61,1016.6,0.48,11.0,0
2009-11-21,59.0,39.0,   60,1019.3,0.00,7.2,0
2009-11-22,55.0,39.9,   62,1026.1,0.00,8.5,0
2009-11-23,51.1,43.0,   69,1027.8,0.00,13.4,0
2009-11-24,60.1,48.0,   72,1021.7,0.00,8.3,0
2009-11-25,52.0,50.0,   83,1016.6,0.06,4.0,0
2009-11-26,57.9,48.9,   77,1010.5,0.00,4.0,0
2009-11-27,50.0,44.1,   58,998.3,0.00,17.0,0
2009-11-28,54.0,42.1,   47,1004.7,0.00,18.6,0
2009-11-29,60.1,35.1,   53,1011.2,0.00,6.9,0
2009-11-30,54.0,39.9,   65,1005.1,0.23,10.7,0
2009-12-01,48.9,33.1,   52,1015.6,0.00,9.4,0
2009-12-02,57.0,34.0,   73,1017.9,0.48,4.9,0
2009-12-03,66.9,46.9,   58,1002.0,0.37,17.4,0
2009-12-04,53.1,42.1,   54,1019.3,0.00,7.6,0
2009-12-05,45.0,34.0,   69,1015.6,0.56,12.3,0
2009-12-06,39.9,30.0,   57,1023.4,0.00,10.5,0
2009-12-07,39.0,28.9,   61,1024.4,0.00,4.9,0
2009-12-08,45.0,33.1,   52,1025.4,0.00,8.1,0
2009-12-09,52.0,36.0,   81,999.7,1.96,10.5,0
2009-12-10,45.0,27.0,   40,1003.7,0.00,21.3,0
2009-12-11,30.9,21.0,   34,1020.7,0.00,20.8,0
2009-12-12,39.9,23.0,   40,1032.2,0.00,8.5,0
2009-12-13,52.0,28.0,   72,1020.3,0.80,4.5,0
2009-12-14,46.9,39.0,   66,1017.3,0.00,5.8,0
2009-12-15,53.1,41.0,   69,1013.9,0.00,10.5,0
2009-12-16,42.1,27.0,   40,1022.7,0.00,15.0,0
2009-12-17,33.1,21.0,   41,1025.1,0.00,15.0,0
2009-12-18,32.0,16.0,   39,1023.0,0.00,7.6,0
2009-12-19,30.0,21.9,   51,1008.1,0.62,17.7,0
2009-12-20,33.1,21.9,   52,1007.1,0.38,14.8,0
2009-12-21,37.0,26.1,   51,1013.2,0.00,13.4,0
2009-12-22,37.0,23.0,   47,1019.3,0.00,12.8,0
2009-12-23,30.9,19.0,   49,1022.7,0.00,11.4,0
2009-12-24,39.0,23.0,   61,1028.1,0.00,9.6,0
2009-12-25,39.9,30.9,   74,1028.4,0.24,9.6,0
2009-12-26,53.1,37.9,   83,1020.0,1.23,14.5,0
2009-12-27,55.0,34.0,   58,1010.8,0.27,10.1,0
2009-12-28,41.0,30.0,   51,1004.7,0.00,12.8,0
2009-12-29,30.9,16.0,   36,1017.3,0.00,21.9,0
2009-12-30,33.1,16.0,   48,1029.5,0.00,7.2,0
2009-12-31,35.1,28.0,   71,1021.0,0.22,2.9,0
2010-01-01,43.0,33.1,   75,1011.5,0.01,5.1,0
2010-01-02,34.0,17.1,   49,1005.4,0.00,20.8,0
2010-01-03,25.0,17.1,   48,1001.4,0.00,21.9,0
2010-01-04,30.9,19.0,   50,1006.4,0.00,13.9,0
2010-01-05,33.1,19.9,   50,1006.8,0.00,13.0,0
2010-01-06,37.0,26.1,   48,1007.1,0.00,14.3,0
2010-01-07,41.0,28.9,   55,1011.5,0.00,10.5,0
2010-01-08,34.0,23.0,   65,1008.5,0.03,11.6,0
2010-01-09,32.0,18.0,   41,1018.3,0.00,13.0,0
2010-01-10,32.0,14.0,   36,1023.7,0.00,9.4,0
2010-01-11,32.0,16.0,   47,1020.7,0.00,7.4,0
2010-01-12,37.0,24.1,   47,1018.3,0.00,12.8,0
2010-01-13,37.0,24.1,   48,1021.7,0.00,10.7,0
2010-01-14,43.0,26.1,   53,1023.4,0.00,2.9,0
2010-01-15,53.1,26.1,   53,1020.7,0.00,9.6,0
2010-01-16,51.1,37.0,   51,1021.3,0.00,8.3,0
2010-01-17,41.0,30.9,   78,1013.5,0.50,9.8,0
2010-01-18,53.1,37.9,   66,1007.1,0.09,11.6,0
2010-01-19,48.0,33.1,   71,1012.2,0.00,3.8,0
2010-01-20,44.1,30.9,   56,1014.6,0.00,9.2,0
2010-01-21,42.1,26.1,   56,1021.7,0.00,3.1,0
2010-01-22,45.0,28.9,   49,1015.2,0.00,10.5,0
2010-01-23,42.1,23.0,   51,1024.4,0.00,5.8,0
2010-01-24,51.1,27.0,   77,1019.3,0.01,4.7,0
2010-01-25,59.0,46.9,   79,997.6,0.94,15.2,0
2010-01-26,48.0,34.0,   49,1004.7,0.00,13.9,0
2010-01-27,42.1,26.1,   49,1017.9,0.00,9.6,0
2010-01-28,43.0,19.9,   56,1017.3,0.08,12.5,0
2010-01-29,26.1,16.0,   35,1025.1,0.00,17.0,0
2010-01-30,21.0,14.0,   37,1022.4,0.00,12.5,0
2010-01-31,32.0,14.0,   34,1018.6,0.00,9.2,0
2010-02-01,37.9,21.0,   39,1023.4,0.00,11.4,0
2010-02-02,34.0,24.1,   51,1023.4,0.07,4.7,0
2010-02-03,42.1,28.9,   68,1018.3,0.07,8.3,0
2010-02-04,39.9,28.0,   33,1026.1,0.00,12.3,0
2010-02-05,37.0,27.0,   44,1022.7,0.00,4.7,0
2010-02-06,33.1,21.0,   52,1007.8,0.02,17.2,0
2010-02-07,37.0,16.0,   44,1011.9,0.00,13.0,0
2010-02-08,39.9,21.0,   43,1014.6,0.00,13.9,0
2010-02-09,44.1,24.1,   52,1015.2,0.01,6.9,0
2010-02-10,35.1,30.9,   87,992.9,1.30,15.4,0
2010-02-11,37.0,28.0,   52,1002.0,0.00,16.3,0
2010-02-12,37.0,24.1,   50,1009.5,0.00,10.5,0
2010-02-13,32.0,24.1,   52,1002.4,0.00,12.3,0
2010-02-14,39.0,25.0,   53,1002.7,0.00,13.9,0
2010-02-15,39.9,24.1,   57,1007.5,0.03,10.1,0
2010-02-16,35.1,28.9,   77,998.6,0.20,12.1,0
2010-02-17,35.1,24.1,   60,1000.7,0.00,13.0,0
2010-02-18,42.1,30.0,   56,1002.0,0.00,13.4,0
2010-02-19,46.0,35.1,   49,1007.8,0.00,15.4,0
2010-02-20,46.9,34.0,   53,1013.9,0.00,11.9,0
2010-02-21,50.0,30.9,   39,1014.2,0.00,13.2,0
2010-02-22,45.0,28.0,   54,1013.9,0.09,7.4,0
2010-02-23,37.9,35.1,   84,1009.5,1.15,14.3,0
2010-02-24,43.0,36.0,   79,1006.8,0.36,12.5,0
2010-02-25,39.0,27.0,   85,994.9,1.38,10.7,0
2010-02-26,36.0,25.0,   77,988.5,0.80,13.6,0
2010-02-27,39.0,28.0,   68,999.7,0.00,9.6,0
2010-02-28,41.0,30.9,   67,1003.0,0.00,5.8,0
2010-03-01,48.9,35.1,   54,1006.8,0.00,17.2,0
2010-03-02,46.9,33.1,   61,1011.2,0.00,4.9,0
2010-03-03,41.0,34.0,   71,1003.0,0.05,16.8,0
2010-03-04,48.9,37.0,   47,1005.8,0.00,13.4,0
2010-03-05,50.0,35.1,   38,1014.9,0.00,13.9,0
2010-03-06,55.9,30.9,   23,1019.6,0.00,11.4,0
2010-03-07,61.0,34.0,   31,1016.3,0.00,9.6,0
2010-03-08,64.0,37.0,   30,1011.9,0.00,9.6,0
2010-03-09,63.0,42.1,   33,1013.9,0.00,8.5,0
2010-03-10,55.9,37.0,   49,1016.6,0.00,4.3,0
2010-03-11,55.9,43.0,   64,1017.9,0.00,7.8,0
2010-03-12,45.0,41.0,   79,1018.6,0.36,13.9,0
2010-03-13,50.0,39.9,   83,1006.4,3.99,21.0,0
2010-03-14,51.1,44.1,   81,1000.0,0.58,16.1,0
2010-03-15,46.9,41.0,   77,1003.7,0.25,18.1,0
2010-03-16,63.0,41.0,   32,1013.9,0.01,11.9,0
2010-03-17,68.0,39.0,   31,1014.6,0.00,3.6,0
2010-03-18,71.1,42.1,   26,1009.1,0.00,6.0,0
2010-03-19,73.0,45.0,   30,1010.2,0.00,6.0,0
2010-03-20,75.0,46.9,   33,1014.9,0.00,8.5,0
2010-03-21,64.0,48.0,   53,1017.6,0.00,6.9,0
2010-03-22,55.9,51.1,   83,1012.2,1.18,5.6,0
2010-03-23,54.0,45.0,   80,1000.3,0.04,11.2,0
2010-03-24,64.0,44.1,   35,1009.8,0.00,15.7,0
2010-03-25,64.0,42.1,   45,1010.8,0.01,5.6,0
2010-03-26,57.9,33.1,   51,1011.2,0.03,17.4,0
2010-03-27,42.1,28.0,   37,1028.4,0.00,9.6,0
2010-03-28,48.0,33.1,   73,1023.4,0.42,8.3,0
2010-03-29,54.0,46.9,   86,1007.8,1.37,8.7,0
2010-03-30,51.1,42.1,   80,998.0,1.78,23.0,0
2010-03-31,61.0,46.9,   63,1008.1,0.01,13.0,0
2010-04-01,71.1,44.1,   61,1018.3,0.00,5.1,0
2010-04-02,66.0,46.0,   63,1021.7,0.00,4.7,0
2010-04-03,64.9,46.9,   72,1020.0,0.00,5.4,0
2010-04-04,78.1,46.9,   47,1019.3,0.00,4.3,0
2010-04-05,81.0,54.0,   39,1016.9,0.00,8.3,0
2010-04-06,77.0,59.0,   61,1010.2,0.00,4.3,0
2010-04-07,91.9,59.0,   36,1005.1,0.00,11.2,0
2010-04-08,84.0,61.0,   48,1003.4,0.00,7.2,0
2010-04-09,68.0,46.0,   56,1006.8,0.28,13.6,0
2010-04-10,64.0,43.0,   31,1021.0,0.00,15.2,0
2010-04-11,77.0,48.9,   30,1022.0,0.00,12.1,0
2010-04-12,68.0,48.9,   23,1026.4,0.00,10.3,0
2010-04-13,55.9,45.0,   47,1031.8,0.00,7.2,0
2010-04-14,68.0,39.9,   40,1031.5,0.00,6.7,0
2010-04-15,73.9,45.0,   32,1023.7,0.00,8.3,0
2010-04-16,54.0,46.0,   68,1013.9,0.55,8.7,0
2010-04-17,57.0,45.0,   58,1007.8,0.00,9.6,0
2010-04-18,60.1,42.1,   45,1011.9,0.00,12.3,0
2010-04-19,64.9,43.0,   38,1013.9,0.00,11.6,0
2010-04-20,71.1,46.9,   41,1013.5,0.00,4.9,0
2010-04-21,68.0,48.0,   62,1009.1,0.18,8.5,0
2010-04-22,73.0,48.9,   50,1006.4,0.04,9.4,0
2010-04-23,70.0,44.1,   29,1011.5,0.00,13.2,0
2010-04-24,66.9,45.0,   29,1016.9,0.00,8.5,0
2010-04-25,52.0,46.0,   84,1003.0,1.25,6.7,0
2010-04-26,54.0,50.0,   84,993.2,0.59,7.6,0
2010-04-27,61.0,39.9,   54,995.3,0.01,12.1,0
2010-04-28,60.1,37.9,   36,1002.4,0.00,16.1,0
2010-04-29,73.0,44.1,   24,1008.5,0.00,15.4,0
2010-04-30,81.0,55.9,   28,1009.8,0.00,9.8,0
2010-05-01,88.0,57.9,   48,1009.5,0.00,5.1,1
2010-05-02,90.0,66.9,   57,1008.8,0.00,10.5,1
2010-05-03,84.0,69.1,   70,1006.4,1.47,10.1,1
2010-05-04,82.9,61.0,   52,1008.8,0.02,9.8,1
2010-05-05,81.0,54.0,   43,1013.2,0.00,7.4,1
2010-05-06,80.1,60.1,   45,1008.1,0.00,14.5,1
2010-05-07,73.9,51.1,   43,1013.5,0.00,8.5,1
2010-05-08,80.1,50.0,   47,1001.7,0.03,16.8,1
2010-05-09,57.9,44.1,   36,1014.6,0.00,19.5,1
2010-05-10,63.0,39.9,   31,1024.0,0.00,14.5,1
2010-05-11,57.9,42.1,   40,1028.8,0.04,6.9,1
2010-05-12,48.9,46.0,   82,1022.0,0.33,8.5,1
2010-05-13,70.0,43.0,   49,1025.1,0.00,8.5,1
2010-05-14,82.9,55.9,   66,1017.3,0.02,12.8,1
2010-05-15,75.9,60.1,   36,1017.3,0.00,14.3,1
2010-05-16,73.9,55.0,   38,1020.0,0.00,9.4,1
2010-05-17,75.0,53.1,   35,1021.0,0.00,5.1,1
2010-05-18,62.1,51.1,   75,1015.9,1.08,10.5,1
2010-05-19,66.0,51.1,   68,1010.8,0.00,8.3,1
2010-05-20,82.9,55.0,   51,1014.2,0.00,5.6,1
2010-05-21,84.9,60.1,   51,1019.6,0.00,5.8,1
2010-05-22,73.0,59.0,   63,1023.0,0.00,6.9,1
2010-05-23,73.0,60.1,   72,1023.0,0.00,7.8,1
2010-05-24,73.9,60.1,   76,1024.7,0.00,6.5,1
2010-05-25,82.0,57.9,   62,1021.3,0.00,5.4,1
2010-05-26,95.0,63.0,   48,1010.2,0.00,7.6,1
2010-05-27,84.0,57.0,   64,1010.2,0.47,8.7,1
2010-05-28,69.1,57.0,   65,1014.6,0.00,4.3,1
2010-05-29,80.1,63.0,   65,1012.5,0.00,9.2,1
2010-05-30,87.1,68.0,   44,1011.5,0.00,9.6,1
2010-05-31,89.1,66.0,   59,1014.2,0.02,5.8,1
2010-06-01,88.0,69.1,   67,1008.8,0.18,10.1,1
2010-06-02,84.0,69.1,   54,1009.5,0.00,6.0,1
2010-06-03,91.0,69.1,   55,1005.8,0.00,8.3,1
2010-06-04,91.0,72.0,   52,1008.5,0.00,7.8,1
2010-06-05,91.0,75.9,   53,1005.1,0.00,13.4,1
2010-06-06,93.9,61.0,   53,1000.0,0.04,17.9,1
2010-06-07,78.1,57.0,   36,1010.2,0.00,11.6,1
2010-06-08,78.1,57.9,   33,1017.6,0.00,11.4,1
2010-06-09,70.0,55.0,   67,1016.9,0.84,6.7,1
2010-06-10,77.0,59.0,   66,1011.2,0.02,8.1,1
2010-06-11,72.0,57.9,   64,1020.0,0.00,6.5,1
2010-06-12,86.0,61.0,   63,1016.6,0.00,8.3,1
2010-06-13,80.1,66.0,   73,1010.8,0.45,4.7,1
2010-06-14,82.9,66.9,   67,1010.5,0.00,6.0,1
2010-06-15,80.1,64.0,   43,1017.9,0.00,7.8,1
2010-06-16,75.9,63.0,   64,1017.3,0.01,6.7,1
2010-06-17,77.0,64.9,   59,1011.9,0.48,13.6,1
2010-06-18,84.9,62.1,   46,1018.3,0.00,6.5,1
2010-06-19,81.0,61.0,   64,1016.9,0.00,6.9,1
2010-06-20,93.0,71.1,   54,1011.9,0.00,8.3,1
2010-06-21,91.0,73.0,   39,1015.9,0.00,9.6,1
2010-06-22,84.9,69.1,   56,1017.9,0.35,5.8,1
2010-06-23,91.9,73.0,   53,1013.2,0.00,10.5,1
2010-06-24,95.0,78.1,   45,1008.5,0.00,14.5,1
2010-06-25,90.0,72.0,   45,1014.6,0.00,8.5,1
2010-06-26,93.0,68.0,   44,1011.9,0.00,8.3,1
2010-06-27,96.1,72.0,   47,1006.4,0.00,8.5,1
2010-06-28,98.1,80.1,   50,1002.7,0.00,13.6,1
2010-06-29,93.0,70.0,   42,1009.1,0.00,12.5,1
2010-06-30,82.9,63.0,   28,1017.9,0.00,11.4,1
2010-07-01,82.0,63.0,   31,1021.0,0.00,12.8,1
2010-07-02,84.0,63.0,   31,1022.4,0.00,9.6,1
2010-07-03,93.0,63.0,   31,1019.3,0.00,6.3,1
2010-07-04,100.9,66.9,   29,1014.9,0.00,9.6,1
2010-07-05,102.0,73.0,   29,1014.6,0.00,6.7,1
2010-07-06,102.9,81.0,   38,1014.9,0.00,6.3,1
2010-07-07,100.9,80.1,   55,1015.6,0.00,9.6,1
2010-07-08,87.1,77.0,   84,1016.6,0.00,5.8,1
2010-07-09,87.1,75.0,   80,1013.5,0.00,7.4,1
2010-07-10,84.0,73.9,   78,1010.2,0.00,6.5,1
2010-07-11,91.9,73.0,   71,1010.5,0.00,6.0,1
2010-07-12,93.0,70.0,   59,1012.2,0.01,6.5,1
2010-07-13,82.9,73.0,   81,1012.2,0.60,5.6,1
2010-07-14,82.9,73.9,   84,1012.5,0.60,8.7,1
2010-07-15,87.1,73.9,   71,1015.9,0.00,8.5,1
2010-07-16,99.0,75.0,   60,1012.9,0.00,10.5,1
2010-07-17,96.1,75.9,   50,1011.5,0.00,10.7,1
2010-07-18,96.1,77.0,   47,1010.5,0.00,10.3,1
2010-07-19,96.1,75.0,   60,1009.8,0.07,7.2,1
2010-07-20,91.0,75.9,   56,1013.5,0.00,7.6,1
2010-07-21,97.0,75.0,   57,1012.2,0.00,9.6,1
2010-07-22,93.0,73.9,   45,1014.2,0.00,13.4,1
2010-07-23,93.0,75.9,   59,1013.9,0.13,4.3,1
2010-07-24,99.0,82.0,   55,1010.2,0.06,11.4,1
2010-07-25,95.0,72.0,   67,1009.8,0.08,8.3,1
2010-07-26,90.0,66.0,   45,1015.6,0.00,11.0,1
2010-07-27,93.0,64.9,   41,1017.9,0.00,6.5,1
2010-07-28,93.0,71.1,   57,1014.9,0.00,9.6,1
2010-07-29,91.0,73.9,   61,1010.5,0.38,10.5,1
2010-07-30,87.1,68.0,   43,1012.9,0.00,9.6,1
2010-07-31,82.9,66.0,   48,1014.2,0.00,7.4,1
2010-08-01,78.1,70.0,   74,1017.3,0.08,5.1,1
2010-08-02,84.9,69.1,   60,1020.0,0.00,7.2,1
2010-08-03,89.1,72.0,   62,1017.9,0.00,9.8,1
2010-08-04,91.0,75.0,   68,1010.5,0.02,8.9,1
2010-08-05,96.1,79.0,   60,1004.1,0.00,12.3,1
2010-08-06,91.9,70.0,   46,1006.1,0.00,11.6,1
2010-08-07,84.9,66.9,   51,1013.5,0.00,5.1,1
2010-08-08,89.1,71.1,   67,1015.9,0.00,7.6,1
2010-08-09,96.1,73.0,   61,1014.9,0.00,8.9,1
2010-08-10,91.0,79.0,   57,1012.2,0.00,6.0,1
2010-08-11,93.0,77.0,   63,1010.8,0.00,6.7,1
2010-08-12,78.1,70.0,   73,1012.5,0.07,7.2,1
2010-08-13,80.1,71.1,   57,1017.6,0.00,8.5,1
2010-08-14,78.1,70.0,   55,1020.3,0.00,7.2,1
2010-08-15,78.1,69.1,   74,1017.3,0.12,6.7,1
2010-08-16,88.0,72.0,   79,1013.9,0.75,5.6,1
2010-08-17,93.0,72.0,   54,1015.6,0.00,6.9,1
2010-08-18,82.9,71.1,   59,1016.9,0.00,4.3,1
2010-08-19,89.1,66.9,   53,1012.2,0.00,4.5,1
2010-08-20,91.0,70.0,   43,1013.2,0.00,8.1,1
2010-08-21,82.0,64.9,   61,1016.6,0.00,7.2,1
2010-08-22,81.0,71.1,   87,1011.2,0.24,8.9,1
2010-08-23,72.0,64.9,   81,1012.2,0.35,10.3,1
2010-08-24,71.1,64.9,   76,1014.6,0.03,14.1,1
2010-08-25,72.0,64.0,   87,1011.5,0.78,8.3,1
2010-08-26,86.0,64.9,   57,1014.6,0.00,10.3,1
2010-08-27,81.0,60.1,   49,1019.3,0.00,7.2,1
2010-08-28,84.9,59.0,   48,1022.0,0.00,5.8,1
2010-08-29,96.1,62.1,   47,1021.7,0.00,6.0,1
2010-08-30,93.9,73.0,   42,1021.7,0.00,6.0,1
2010-08-31,98.1,73.0,   44,1019.3,0.00,6.3,1
2010-09-01,98.1,75.0,   47,1016.3,0.00,5.1,1
2010-09-02,96.1,73.9,   51,1014.2,0.00,8.7,1
2010-09-03,88.0,75.9,   63,1005.1,0.00,8.1,1
2010-09-04,82.9,64.0,   41,1004.7,0.00,16.1,1
2010-09-05,79.0,57.0,   41,1014.9,0.00,10.3,1
2010-09-06,80.1,55.9,   51,1022.0,0.00,7.4,1
2010-09-07,93.0,66.0,   56,1018.3,0.00,12.3,1
2010-09-08,93.0,64.9,   46,1008.5,0.00,16.1,1
2010-09-09,72.0,61.0,   52,1009.1,0.00,12.3,1
2010-09-10,75.9,59.0,   52,1011.5,0.00,12.5,1
2010-09-11,82.0,57.9,   51,1015.6,0.00,6.0,1
2010-09-12,68.0,61.0,   80,1016.9,0.20,6.3,1
2010-09-13,78.1,60.1,   75,1013.9,0.93,5.4,1
2010-09-14,79.0,57.0,   56,1012.9,0.00,7.6,1
2010-09-15,75.0,55.9,   47,1019.0,0.00,10.1,1
2010-09-16,73.9,54.0,   76,1015.2,0.31,6.7,1
2010-09-17,75.0,57.0,   68,1014.2,0.09,11.0,1
2010-09-18,72.0,59.0,   68,1022.0,0.00,6.5,1
2010-09-19,84.0,57.9,   66,1018.6,0.00,3.8,1
2010-09-20,75.9,59.0,   47,1016.3,0.00,13.4,1
2010-09-21,73.9,51.1,   56,1021.3,0.00,7.6,1
2010-09-22,90.0,62.1,   68,1016.9,0.08,9.4,1
2010-09-23,81.0,66.0,   74,1021.3,0.00,5.6,1
2010-09-24,86.0,66.9,   75,1016.3,0.00,6.3,1
2010-09-25,90.0,66.9,   48,1009.8,0.00,12.8,1
2010-09-26,73.0,62.1,   60,1016.9,0.00,9.8,1
2010-09-27,73.9,61.0,   93,1015.2,0.70,9.4,1
2010-09-28,78.1,71.1,   86,1006.8,0.06,8.7,1
2010-09-29,79.0,61.0,   66,1013.2,0.00,4.3,1
2010-09-30,78.1,70.0,   86,1007.5,1.21,11.6,1
2010-10-01,75.9,57.0,   82,1004.1,2.36,15.9,1
2010-10-02,68.0,51.1,   58,1014.6,0.00,7.8,1
2010-10-03,64.9,48.9,   61,1019.3,0.02,14.8,1
2010-10-04,55.9,53.1,   83,1017.9,0.19,14.8,1
2010-10-05,61.0,54.0,   88,1014.9,0.01,10.7,1
2010-10-06,64.9,53.1,   69,1010.8,0.00,9.2,1
2010-10-07,73.9,52.0,   58,1006.1,0.00,13.4,1
2010-10-08,75.9,51.1,   46,1012.5,0.00,8.5,1
2010-10-09,75.0,54.0,   39,1013.2,0.00,10.5,1
2010-10-10,72.0,42.1,   42,1011.5,0.00,6.7,1
2010-10-11,79.0,52.0,   65,1008.8,0.37,5.6,1
2010-10-12,72.0,54.0,   68,1009.5,0.03,8.1,1
2010-10-13,66.9,45.0,   53,1016.3,0.00,6.0,1
2010-10-14,64.0,45.0,   77,1010.5,0.40,5.6,1
2010-10-15,60.1,48.9,   62,999.7,0.14,18.8,1
2010-10-16,62.1,48.9,   49,1008.8,0.00,15.7,1
2010-10-17,72.0,41.0,   47,1011.5,0.00,9.6,1
2010-10-18,62.1,45.0,   54,1013.9,0.00,9.4,1
2010-10-19,61.0,48.0,   69,1013.2,0.09,5.4,1
2010-10-20,60.1,45.0,   67,1011.5,0.00,4.7,1
2010-10-21,64.9,46.0,   61,1005.1,0.00,12.3,1
2010-10-22,55.9,44.1,   44,1015.9,0.00,12.3,1
2010-10-23,66.9,42.1,   48,1020.7,0.00,7.6,1
2010-10-24,68.0,51.1,   66,1018.6,0.00,2.2,1
2010-10-25,77.0,53.1,   74,1012.5,0.00,7.6,1
2010-10-26,73.9,62.1,   80,1011.5,0.00,7.4,1
2010-10-27,75.9,62.1,   87,1011.2,0.23,9.2,1
2010-10-28,75.9,57.0,   54,1010.5,0.00,11.4,1
2010-10-29,60.1,45.0,   45,1015.2,0.00,13.6,1
2010-10-30,57.9,37.9,   51,1014.9,0.00,13.0,1
2010-10-31,60.1,43.0,   49,1012.2,0.00,13.2,1
2010-11-01,51.1,37.0,   49,1026.8,0.00,11.0,0
2010-11-02,53.1,36.0,   50,1029.8,0.00,5.6,0
2010-11-03,54.0,36.0,   62,1021.0,0.00,4.7,0
2010-11-04,52.0,46.9,   90,1002.7,0.97,10.1,0
2010-11-05,54.0,43.0,   76,1001.4,0.04,8.9,0
2010-11-06,52.0,37.0,   60,1020.0,0.00,9.4,0
2010-11-07,53.1,36.0,   49,1021.7,0.00,11.4,0
2010-11-08,46.9,41.0,   58,1005.8,0.01,17.4,0
2010-11-09,57.0,41.0,   63,1011.5,0.00,15.2,0
2010-11-10,59.0,42.1,   55,1018.6,0.00,13.6,0
2010-11-11,57.9,36.0,   46,1028.4,0.00,9.4,0
2010-11-12,63.0,36.0,   31,1028.4,0.00,7.6,0
2010-11-13,66.0,37.9,   43,1022.4,0.00,4.0,0
2010-11-14,60.1,37.0,   69,1018.6,0.00,4.9,0
2010-11-15,59.0,50.0,   81,1016.9,0.00,2.5,0
2010-11-16,60.1,52.0,   87,1014.9,0.40,7.8,0
2010-11-17,62.1,51.1,   58,1004.4,0.11,20.4,0
2010-11-18,55.9,39.0,   57,1017.3,0.00,10.7,0
2010-11-19,50.0,37.0,   51,1023.0,0.00,8.9,0
2010-11-20,57.0,35.1,   56,1021.3,0.00,11.4,0
2010-11-21,48.9,36.0,   57,1031.5,0.00,4.9,0
2010-11-22,66.0,46.0,   71,1024.7,0.00,8.3,0
2010-11-23,62.1,48.9,   71,1012.9,0.00,10.3,0
2010-11-24,51.1,41.0,   33,1020.7,0.00,14.8,0
2010-11-25,50.0,37.0,   61,1019.6,0.10,3.8,0
2010-11-26,52.0,37.0,   69,1003.7,0.14,11.0,0
2010-11-27,45.0,32.0,   49,1009.8,0.00,14.3,0
2010-11-28,50.0,30.0,   50,1026.4,0.00,5.6,0
2010-11-29,48.9,30.0,   63,1033.2,0.00,2.2,0
2010-11-30,55.9,37.9,   82,1026.8,0.06,9.4,0
2010-12-01,62.1,39.9,   84,1009.5,1.07,17.7,0
2010-12-02,44.1,33.1,   50,1018.3,0.00,11.6,0
2010-12-03,44.1,33.1,   53,1016.3,0.00,6.9,0
2010-12-04,42.1,30.9,   54,1010.2,0.00,13.6,0
2010-12-05,37.0,30.0,   48,1005.1,0.00,13.9,0
2010-12-06,36.0,30.0,   55,1000.0,0.00,15.7,0
2010-12-07,39.9,30.0,   50,1001.7,0.00,14.8,0
2010-12-08,37.0,26.1,   40,1013.2,0.00,13.4,0
2010-12-09,33.1,19.9,   46,1024.7,0.00,10.3,0
2010-12-10,36.0,17.1,   58,1028.1,0.00,4.0,0
2010-12-11,46.0,28.0,   63,1023.7,0.00,2.0,0
2010-12-12,55.9,39.0,   90,1002.0,1.21,9.6,0
2010-12-13,46.9,21.0,   71,989.5,0.11,12.8,0
2010-12-14,26.1,19.9,   47,1001.0,0.01,17.2,0
2010-12-15,30.9,21.0,   42,1007.8,0.00,13.4,0
2010-12-16,30.0,21.9,   52,1009.5,0.00,11.0,0
2010-12-17,39.0,19.9,   54,1014.2,0.00,8.3,0
2010-12-18,37.9,21.0,   57,1019.0,0.00,4.9,0
2010-12-19,39.0,24.1,   61,1015.6,0.00,9.2,0
2010-12-20,39.0,25.0,   53,1011.9,0.00,15.7,0
2010-12-21,41.0,28.9,   52,1011.2,0.00,16.3,0
2010-12-22,39.9,28.0,   61,1010.2,0.00,13.4,0
2010-12-23,37.0,30.9,   52,1011.5,0.00,19.0,0
2010-12-24,42.1,30.0,   50,1016.9,0.00,12.8,0
2010-12-25,34.0,26.1,   57,1016.3,0.00,7.4,0
2010-12-26,30.9,24.1,   74,1006.1,1.06,20.1,0
2010-12-27,28.0,19.9,   61,995.6,0.42,24.4,0
2010-12-28,39.0,24.1,   52,1009.8,0.00,13.9,0
2010-12-29,39.9,28.0,   59,1016.9,0.00,9.6,0
2010-12-30,39.0,21.9,   67,1022.7,0.00,4.5,0
2010-12-31,44.1,28.9,   66,1021.7,0.00,6.9,0
2011-01-01,51.1,33.1,   72,1018.6,0.00,2.5,0
2011-01-02,52.0,36.0,   75,1013.5,0.01,6.5,0
2011-01-03,37.9,28.9,   43,1020.3,0.00,12.8,0
2011-01-04,41.0,25.0,   53,1014.2,0.00,8.5,0
2011-01-05,41.0,28.0,   50,1010.5,0.00,8.9,0
2011-01-06,35.1,23.0,   54,1005.4,0.00,2.5,0
2011-01-07,33.1,21.9,   72,997.3,0.13,5.4,0
2011-01-08,30.9,19.0,   72,997.6,0.02,5.4,0
2011-01-09,33.1,26.1,   52,1011.9,0.00,16.3,0
2011-01-10,35.1,24.1,   53,1022.7,0.00,10.3,0
2011-01-11,32.0,21.0,   70,1021.0,0.26,7.4,0
2011-01-12,33.1,24.1,   64,1006.1,0.42,18.1,0
2011-01-13,30.9,18.0,   53,1021.0,0.00,14.1,0
2011-01-14,32.0,14.0,   55,1026.4,0.00,7.8,0
2011-01-15,37.9,18.0,   59,1019.0,0.00,6.7,0
2011-01-16,36.0,27.0,   46,1018.3,0.00,10.1,0
2011-01-17,28.9,21.0,   50,1026.8,0.01,7.4,0
2011-01-18,39.9,25.0,   88,1010.5,0.92,12.8,0
2011-01-19,43.0,35.1,   79,1007.1,0.08,7.6,0
2011-01-20,36.0,32.0,   53,1015.2,0.00,7.8,0
2011-01-21,35.1,18.0,   59,1005.8,0.45,15.4,0
2011-01-22,26.1,12.0,   48,1013.9,0.00,6.7,0
2011-01-23,26.1,12.0,   46,1018.3,0.00,11.6,0
2011-01-24,24.1,5.0,   43,1030.5,0.00,4.9,0
2011-01-25,37.0,23.0,   68,1022.0,0.03,3.4,0
2011-01-26,34.0,27.0,   86,1011.2,1.25,13.4,0
2011-01-27,39.0,27.0,   68,1008.5,0.81,11.0,0
2011-01-28,35.1,23.0,   74,1010.8,0.00,3.6,0
2011-01-29,37.0,25.0,   73,1013.9,0.01,5.8,0
2011-01-30,39.9,27.0,   64,1019.6,0.00,6.9,0
2011-01-31,33.1,23.0,   47,1030.8,0.00,6.5,0
2011-02-01,30.9,25.0,   81,1025.1,0.12,11.2,0
2011-02-02,39.0,30.0,   79,1011.2,0.83,10.5,0
2011-02-03,35.1,25.0,   46,1025.1,0.00,11.9,0
2011-02-04,35.1,16.0,   56,1023.4,0.00,9.6,0
2011-02-05,42.1,26.1,   81,1007.8,0.26,6.3,0
2011-02-06,46.0,33.1,   58,1011.2,0.00,10.7,0
2011-02-07,45.0,32.0,   68,1014.2,0.07,2.9,0
2011-02-08,39.9,19.0,   63,1008.5,0.07,16.6,0
2011-02-09,30.9,15.1,   45,1022.0,0.00,12.1,0
2011-02-10,30.0,19.9,   38,1017.6,0.00,11.0,0
2011-02-11,39.0,14.0,   43,1020.3,0.00,8.3,0
2011-02-12,42.1,24.1,   52,1013.9,0.00,12.5,0
2011-02-13,46.9,25.0,   47,1015.6,0.00,11.4,0
2011-02-14,60.1,37.9,   43,1002.4,0.00,20.4,0
2011-02-15,37.9,28.0,   28,1024.7,0.00,16.1,0
2011-02-16,50.0,25.0,   34,1025.7,0.00,6.5,0
2011-02-17,66.0,42.1,   45,1019.0,0.00,5.6,0
2011-02-18,71.1,46.9,   55,1007.8,0.00,12.8,0
2011-02-19,54.0,25.0,   32,1008.8,0.00,25.5,0
2011-02-20,43.0,23.0,   34,1019.6,0.00,14.3,0
2011-02-21,39.0,25.0,   72,1010.2,0.21,11.2,0
2011-02-22,37.0,18.0,   43,1019.6,0.00,12.1,0
2011-02-23,45.0,19.0,   36,1026.1,0.00,5.6,0
2011-02-24,46.0,24.1,   51,1021.3,0.04,4.7,0
2011-02-25,60.1,35.1,   76,1002.7,1.39,13.4,0
2011-02-26,45.0,32.0,   50,1020.0,0.00,7.6,0
2011-02-27,54.0,37.9,   54,1015.6,0.00,7.4,0
2011-02-28,61.0,42.1,   74,1007.8,0.50,12.1,0
2011-03-01,48.0,33.1,   36,1022.7,0.00,11.0,0
2011-03-02,57.0,27.0,   41,1020.7,0.00,18.6,0
2011-03-03,36.0,21.9,   29,1036.6,0.00,10.5,0
2011-03-04,43.0,25.0,   53,1038.3,0.00,7.4,0
2011-03-05,64.9,42.1,   68,1027.4,0.00,7.6,0
2011-03-06,57.9,51.1,   86,1012.2,1.89,8.5,0
2011-03-07,54.0,35.1,   56,1012.9,0.08,16.8,0
2011-03-08,48.9,28.9,   45,1032.8,0.00,6.9,0
2011-03-09,44.1,30.9,   65,1034.9,0.01,10.7,0
2011-03-10,54.0,39.9,   83,1020.0,1.00,16.6,0
2011-03-11,55.9,41.0,   68,1008.5,0.82,11.6,0
2011-03-12,57.9,37.9,   51,1010.5,0.00,13.9,0
2011-03-13,54.0,39.9,   48,1016.9,0.00,13.6,0
2011-03-14,46.9,37.0,   49,1026.8,0.00,8.9,0
2011-03-15,48.9,30.9,   63,1030.8,0.00,7.6,0
2011-03-16,60.1,39.9,   70,1019.3,0.58,8.7,0
2011-03-17,66.0,46.0,   46,1020.0,0.00,9.8,0
2011-03-18,80.1,50.0,   41,1011.5,0.00,13.4,0
2011-03-19,61.0,39.0,   40,1024.4,0.00,16.3,0
2011-03-20,48.9,33.1,   46,1035.2,0.00,8.7,0
2011-03-21,46.9,36.0,   85,1019.0,0.43,5.8,0
2011-03-22,53.1,39.0,   54,1013.9,0.00,13.4,0
2011-03-23,43.0,33.1,   89,1008.8,0.89,5.8,0
2011-03-24,46.0,32.0,   60,1006.8,0.06,13.2,0
2011-03-25,46.0,28.9,   38,1014.2,0.00,11.4,0
2011-03-26,43.0,27.0,   35,1016.6,0.00,13.2,0
2011-03-27,46.9,30.0,   31,1014.9,0.00,14.3,0
2011-03-28,48.9,27.0,   29,1015.6,0.00,13.4,0
2011-03-29,53.1,32.0,   35,1019.3,0.00,13.6,0
2011-03-30,53.1,34.0,   44,1019.0,0.00,5.6,0
2011-03-31,45.0,39.0,   73,1009.1,0.08,9.2,0
2011-04-01,46.9,37.0,   75,996.6,0.15,11.9,0
2011-04-02,60.1,37.9,   39,1001.0,0.00,13.4,0
2011-04-03,62.1,39.9,   32,1012.5,0.01,12.3,0
2011-04-04,63.0,46.0,   65,1005.4,0.04,6.3,0
2011-04-05,70.0,43.0,   61,997.6,0.10,15.7,0
2011-04-06,57.9,37.0,   53,1014.9,0.06,12.5,0
2011-04-07,51.1,41.0,   73,1019.3,0.01,6.0,0
2011-04-08,51.1,39.9,   72,1022.4,0.04,4.9,0
2011-04-09,57.9,37.9,   53,1021.3,0.00,5.6,0
2011-04-10,57.9,46.0,   56,1019.0,0.00,4.7,0
2011-04-11,87.1,50.0,   67,1005.4,0.03,13.9,0
2011-04-12,73.0,46.9,   67,1011.2,0.79,13.9,0
2011-04-13,52.0,45.0,   87,1012.2,0.30,10.7,0
2011-04-14,71.1,46.0,   48,1016.3,0.00,9.6,0
2011-04-15,55.9,43.0,   56,1029.1,0.00,11.6,0
2011-04-16,57.0,43.0,   81,1017.3,2.39,16.1,0
2011-04-17,61.0,52.0,   50,1004.1,0.13,18.1,0
2011-04-18,64.9,46.0,   48,1014.6,0.00,7.8,0
2011-04-19,53.1,46.9,   74,1017.3,0.02,9.2,0
2011-04-20,66.9,46.9,   74,1011.9,0.00,5.4,0
2011-04-21,63.0,43.0,   35,1021.0,0.00,17.2,0
2011-04-22,51.1,37.0,   52,1030.5,0.00,8.1,0
2011-04-23,63.0,44.1,   88,1018.6,0.87,6.5,0
2011-04-24,84.0,55.9,   73,1014.9,0.59,7.2,0
2011-04-25,73.9,54.0,   86,1016.6,0.00,5.8,0
2011-04-26,84.9,55.0,   71,1013.9,0.00,9.4,0
2011-04-27,78.1,61.0,   75,1013.2,0.00,9.2,0
2011-04-28,80.1,63.0,   77,1005.1,0.33,11.0,0
2011-04-29,71.1,54.0,   45,1008.1,0.00,11.6,0
2011-04-30,69.1,51.1,   44,1018.3,0.00,8.7,0
2011-05-01,66.0,46.9,   53,1025.1,0.00,7.6,1
2011-05-02,63.0,52.0,   70,1023.0,0.00,5.1,1
2011-05-03,72.0,57.0,   70,1016.9,0.00,6.7,1
2011-05-04,68.0,48.9,   73,1014.9,0.37,11.4,1
2011-05-05,69.1,48.0,   37,1014.6,0.00,13.6,1
2011-05-06,73.0,44.1,   40,1012.9,0.00,10.7,1
2011-05-07,73.0,52.0,   49,1010.5,0.00,8.5,1
2011-05-08,73.0,50.0,   45,1012.2,0.00,7.2,1
2011-05-09,73.9,55.0,   39,1013.9,0.00,12.1,1
2011-05-10,75.9,53.1,   46,1015.2,0.00,11.2,1
2011-05-11,73.0,51.1,   58,1017.9,0.00,8.7,1
2011-05-12,73.0,54.0,   61,1017.3,0.00,6.7,1
2011-05-13,66.9,52.0,   68,1013.5,0.00,4.3,1
2011-05-14,63.0,57.0,   77,1009.8,0.00,6.0,1
2011-05-15,70.0,59.0,   89,1002.7,0.73,4.9,1
2011-05-16,63.0,55.9,   92,1006.1,0.13,9.2,1
2011-05-17,66.0,54.0,   86,1012.5,0.47,12.3,1
2011-05-18,72.0,57.0,   88,1014.2,2.26,8.5,1
2011-05-19,73.9,61.0,   79,1015.2,0.00,5.4,1
2011-05-20,66.0,57.9,   83,1013.9,0.17,3.4,1
2011-05-21,78.1,55.0,   74,1014.2,0.32,3.8,1
2011-05-22,59.0,55.9,   86,1020.7,0.00,6.7,1
2011-05-23,69.1,57.0,   86,1014.9,0.03,6.3,1
2011-05-24,86.0,66.9,   61,1008.5,0.00,10.3,1
2011-05-25,84.0,66.0,   55,1012.5,0.00,6.7,1
2011-05-26,78.1,66.0,   77,1012.5,0.00,5.8,1
2011-05-27,88.0,68.0,   64,1013.9,0.00,6.5,1
2011-05-28,84.9,69.1,   69,1016.6,0.00,8.5,1
2011-05-29,87.1,69.1,   69,1018.3,0.00,7.2,1
2011-05-30,91.9,71.1,   63,1018.3,0.30,8.3,1
2011-05-31,88.0,70.0,   63,1021.3,0.00,7.2,1
2011-06-01,95.0,69.1,   62,1015.2,0.00,11.4,1
2011-06-02,82.0,63.0,   29,1013.2,0.00,15.2,1
2011-06-03,80.1,57.0,   30,1017.6,0.00,14.3,1
2011-06-04,77.0,61.0,   42,1017.9,0.00,7.8,1
2011-06-05,69.1,60.1,   65,1017.3,0.00,6.0,1
2011-06-06,84.9,61.0,   55,1015.6,0.00,5.6,1
2011-06-07,91.9,64.9,   50,1012.9,0.00,11.4,1
2011-06-08,99.0,71.1,   49,1011.5,0.00,7.6,1
2011-06-09,102.0,72.0,   57,1010.5,0.15,8.7,1
2011-06-10,88.0,70.0,   62,1013.9,0.00,7.6,1
2011-06-11,73.0,62.1,   87,1014.9,0.80,9.8,1
2011-06-12,75.0,60.1,   78,1011.2,0.02,6.5,1
2011-06-13,75.9,63.0,   60,1011.5,0.01,7.8,1
2011-06-14,70.0,59.0,   72,1011.9,0.28,7.2,1
2011-06-15,87.1,55.0,   49,1011.2,0.00,7.6,1
2011-06-16,86.0,64.9,   49,1012.9,0.03,8.1,1
2011-06-17,80.1,66.0,   78,1011.5,1.37,4.5,1
2011-06-18,88.0,64.9,   56,1010.2,0.00,5.4,1
2011-06-19,87.1,69.1,   52,1009.8,0.00,6.0,1
2011-06-20,82.0,66.9,   55,1011.5,0.00,6.3,1
2011-06-21,86.0,69.1,   63,1012.5,0.00,8.5,1
2011-06-22,81.0,71.1,   71,1011.2,0.00,5.8,1
2011-06-23,75.9,70.0,   84,1007.5,0.02,5.8,1
2011-06-24,73.0,66.9,   87,1006.8,0.06,6.5,1
2011-06-25,84.9,66.9,   63,1009.5,0.00,7.2,1
2011-06-26,82.9,66.0,   55,1013.5,0.00,6.9,1
2011-06-27,84.0,66.9,   59,1015.6,0.00,5.8,1
2011-06-28,86.0,72.0,   66,1011.9,0.00,5.6,1
2011-06-29,87.1,72.0,   49,1011.2,0.00,9.4,1
2011-06-30,86.0,66.0,   44,1014.2,0.00,9.8,1
2011-07-01,87.1,64.9,   42,1015.6,0.00,6.9,1
2011-07-02,91.0,68.0,   53,1016.6,0.00,5.8,1
2011-07-03,75.9,72.0,   84,1011.9,0.29,5.1,1
2011-07-04,91.9,71.1,   56,1010.5,0.00,6.9,1
2011-07-05,93.0,70.0,   39,1012.9,0.00,6.7,1
2011-07-06,95.0,71.1,   57,1012.5,0.00,7.6,1
2011-07-07,97.0,73.0,   57,1012.5,0.00,6.0,1
2011-07-08,87.1,71.1,   73,1010.2,0.36,5.6,1
2011-07-09,91.9,70.0,   50,1011.2,0.00,9.8,1
2011-07-10,87.1,66.9,   53,1016.9,0.00,5.6,1
2011-07-11,96.1,72.0,   57,1012.2,0.00,10.1,1
2011-07-12,99.0,79.0,   50,1005.8,0.00,12.1,1
2011-07-13,90.0,70.0,   47,1008.1,0.16,11.6,1
2011-07-14,86.0,66.9,   46,1015.2,0.00,12.3,1
2011-07-15,90.0,66.9,   50,1017.6,0.00,6.0,1
2011-07-16,93.9,69.1,   41,1020.0,0.00,8.3,1
2011-07-17,95.0,71.1,   46,1019.6,0.00,11.6,1
2011-07-18,99.0,75.0,   52,1012.9,0.15,12.3,1
2011-07-19,95.0,79.0,   58,1009.5,0.00,5.1,1
2011-07-20,88.0,75.0,   68,1011.5,0.00,5.6,1
2011-07-21,102.9,77.0,   60,1008.5,0.00,12.1,1
2011-07-22,108.0,86.0,   46,1009.5,0.00,8.9,1
2011-07-23,102.0,86.0,   45,1011.5,0.00,8.5,1
2011-07-24,95.0,79.0,   59,1012.2,0.00,5.8,1
2011-07-25,81.0,73.0,   73,1011.5,0.37,7.2,1
2011-07-26,93.9,72.0,   60,1006.4,0.02,6.7,1
2011-07-27,89.1,71.1,   49,1012.5,0.00,10.1,1
2011-07-28,90.0,72.0,   55,1016.6,0.00,5.8,1
2011-07-29,88.0,72.0,   77,1012.2,0.47,5.6,1
2011-07-30,95.0,75.9,   45,1013.2,0.00,10.7,1
2011-07-31,95.0,70.0,   51,1016.3,0.22,6.5,1
2011-08-01,98.1,73.0,   57,1010.8,0.15,7.6,1
2011-08-02,93.0,73.0,   44,1006.8,0.00,10.5,1
2011-08-03,86.0,70.0,   61,1006.8,0.53,6.9,1
2011-08-04,82.9,70.0,   65,1012.5,0.01,6.3,1
2011-08-05,86.0,69.1,   64,1017.9,0.00,8.5,1
2011-08-06,84.0,73.0,   72,1015.2,0.06,9.6,1
2011-08-07,93.9,75.9,   68,1004.1,0.09,9.4,1
2011-08-08,93.0,77.0,   56,1001.7,0.00,8.5,1
2011-08-09,84.0,72.0,   77,1001.7,0.72,5.6,1
2011-08-10,89.1,71.1,   55,1002.7,0.00,11.0,1
2011-08-11,84.9,70.0,   41,1010.2,0.00,9.4,1
2011-08-12,87.1,63.0,   43,1015.9,0.00,5.8,1
2011-08-13,87.1,69.1,   55,1016.9,0.00,4.9,1
2011-08-14,75.0,68.0,   89,1010.8,6.40,5.8,1
2011-08-15,81.0,70.0,   79,1005.1,0.16,4.7,1
2011-08-16,81.0,66.0,   72,1010.8,0.18,6.0,1
2011-08-17,89.1,66.0,   58,1019.0,0.00,4.9,1
2011-08-18,86.0,70.0,   70,1015.9,0.07,7.6,1
2011-08-19,86.0,66.9,   70,1012.9,0.82,6.7,1
2011-08-20,89.1,64.9,   65,1014.6,0.00,4.7,1
2011-08-21,87.1,72.0,   76,1011.9,0.48,8.9,1
2011-08-22,81.0,68.0,   51,1010.8,0.00,10.5,1
2011-08-23,82.0,62.1,   46,1016.6,0.00,6.9,1
2011-08-24,82.9,62.1,   60,1016.9,0.00,9.8,1
2011-08-25,80.1,73.0,   79,1012.5,0.20,10.3,1
2011-08-26,84.9,72.0,   72,1014.6,0.00,4.7,1
2011-08-27,80.1,73.9,   86,1008.1,3.70,9.2,1
2011-08-28,78.1,64.0,   74,988.8,5.22,22.4,1
2011-08-29,80.1,55.9,   54,1013.5,0.00,6.3,1
2011-08-30,84.0,61.0,   53,1019.6,0.00,6.0,1
2011-08-31,86.0,63.0,   53,1021.7,0.00,4.5,1
2011-09-01,82.9,66.0,   60,1020.7,0.00,4.3,1
2011-09-02,79.0,66.0,   61,1019.0,0.00,4.7,1
2011-09-03,84.9,64.9,   66,1014.2,0.00,9.6,1
2011-09-04,88.0,71.1,   69,1011.5,0.00,9.2,1
2011-09-05,84.9,72.0,   70,1008.8,0.02,10.1,1
2011-09-06,71.1,62.1,   88,1015.9,3.18,12.8,1
2011-09-07,71.1,62.1,   91,1017.9,1.09,11.0,1
2011-09-08,80.1,64.9,   80,1014.9,0.76,9.4,1
2011-09-09,87.1,68.0,   68,1010.5,0.00,7.4,1
2011-09-10,81.0,71.1,   65,1013.2,0.00,6.5,1
2011-09-11,71.1,66.9,   75,1018.3,0.00,6.3,1
2011-09-12,82.9,66.0,   69,1015.6,0.00,5.1,1
2011-09-13,86.0,66.0,   63,1013.2,0.00,8.9,1
2011-09-14,88.0,69.1,   65,1012.9,0.00,8.9,1
2011-09-15,78.1,53.1,   69,1013.9,0.05,10.3,1
2011-09-16,69.1,51.1,   47,1025.1,0.00,9.2,1
2011-09-17,64.9,52.0,   58,1029.8,0.00,8.5,1
2011-09-18,70.0,52.0,   58,1028.8,0.00,10.3,1
2011-09-19,69.1,53.1,   63,1024.0,0.00,6.9,1
2011-09-20,70.0,61.0,   80,1020.0,0.04,6.5,1
2011-09-21,75.0,62.1,   82,1022.7,0.05,3.4,1
2011-09-22,81.0,69.1,   84,1019.3,0.03,3.6,1
2011-09-23,75.0,71.1,   91,1016.9,1.39,4.7,1
2011-09-24,78.1,71.1,   82,1016.6,0.00,4.3,1
2011-09-25,82.0,70.0,   74,1017.6,0.00,3.8,1
2011-09-26,82.0,70.0,   76,1014.9,0.00,3.4,1
2011-09-27,80.1,70.0,   84,1014.6,0.00,4.7,1
2011-09-28,75.9,70.0,   85,1013.2,0.05,8.3,1
2011-09-29,77.0,60.1,   81,1005.8,1.15,8.5,1
2011-09-30,80.1,57.9,   63,1005.1,0.32,7.6,1
2011-10-01,68.0,51.1,   78,1005.1,0.24,10.1,1
2011-10-02,64.9,48.9,   73,1009.5,0.60,8.7,1
2011-10-03,60.1,48.0,   68,1016.6,0.00,4.5,1
2011-10-04,66.9,51.1,   65,1016.3,0.00,9.8,1
2011-10-05,75.0,55.0,   47,1019.3,0.00,13.0,1
2011-10-06,71.1,46.0,   42,1026.8,0.00,5.4,1
2011-10-07,69.1,46.9,   51,1030.8,0.00,4.5,1
2011-10-08,81.0,50.0,   57,1030.8,0.00,5.8,1
2011-10-09,88.0,55.0,   53,1027.8,0.00,3.8,1
2011-10-10,84.9,60.1,   51,1022.7,0.00,3.1,1
2011-10-11,77.0,62.1,   56,1021.3,0.00,6.9,1
2011-10-12,66.0,59.0,   73,1018.3,0.13,10.5,1
2011-10-13,66.9,59.0,   91,1008.1,0.05,8.5,1
2011-10-14,73.0,57.9,   80,998.6,1.33,10.5,1
2011-10-15,69.1,53.1,   48,1004.4,0.00,15.4,1
2011-10-16,70.0,53.1,   41,1009.1,0.00,14.3,1
2011-10-17,69.1,55.0,   45,1007.1,0.00,12.3,1
2011-10-18,71.1,51.1,   56,1011.2,0.01,4.3,1
2011-10-19,66.9,59.0,   87,1003.4,0.99,12.3,1
2011-10-20,70.0,53.1,   64,999.0,0.01,14.5,1
2011-10-21,61.0,50.0,   56,1012.9,0.00,12.3,1
2011-10-22,62.1,43.0,   63,1018.3,0.00,7.6,1
2011-10-23,63.0,48.9,   55,1020.0,0.00,3.6,1
2011-10-24,63.0,46.9,   69,1017.6,0.00,5.8,1
2011-10-25,66.0,50.0,   49,1016.6,0.00,10.1,1
2011-10-26,64.0,48.9,   65,1011.2,0.00,4.9,1
2011-10-27,59.0,39.9,   86,1006.4,0.63,10.7,1
2011-10-28,52.0,36.0,   49,1022.4,0.00,5.6,1
2011-10-29,46.0,33.1,   85,1016.6,1.81,15.2,1
2011-10-30,48.0,34.0,   61,1021.7,0.00,9.2,1
2011-10-31,55.0,32.0,   68,1028.1,0.00,3.4,1
2011-11-01,57.0,41.0,   63,1026.4,0.00,8.5,0
2011-11-02,60.1,37.0,   64,1027.4,0.00,2.9,0
2011-11-03,63.0,39.0,   69,1018.3,0.00,7.4,0
2011-11-04,55.0,39.9,   55,1017.9,0.00,12.8,0
2011-11-05,51.1,33.1,   50,1030.5,0.00,6.9,0
2011-11-06,57.0,32.0,   64,1031.8,0.00,5.8,0
2011-11-07,66.9,36.0,   69,1026.4,0.00,5.8,0
2011-11-08,70.0,46.9,   62,1024.0,0.00,2.2,0
2011-11-09,64.9,46.9,   77,1020.3,0.00,4.5,0
2011-11-10,69.1,46.9,   78,1009.1,0.02,6.3,0
2011-11-11,50.0,39.0,   50,1008.1,0.01,15.2,0
2011-11-12,57.9,36.0,   50,1019.0,0.00,11.4,0
2011-11-13,62.1,41.0,   53,1017.9,0.00,7.2,0
2011-11-14,70.0,51.1,   57,1011.2,0.00,10.1,0
2011-11-15,66.0,55.9,   69,1010.8,0.00,7.6,0
2011-11-16,57.9,54.0,   88,1010.2,0.64,3.6,0
2011-11-17,54.0,39.0,   58,1011.9,0.03,12.1,0
2011-11-18,48.0,34.0,   46,1027.1,0.00,10.5,0
2011-11-19,53.1,33.1,   55,1028.4,0.00,8.9,0
2011-11-20,64.9,46.0,   68,1020.7,0.00,11.4,0
2011-11-21,57.0,46.0,   64,1024.0,0.14,7.8,0
2011-11-22,51.1,42.1,   88,1024.4,1.69,9.6,0
2011-11-23,52.0,39.0,   85,1007.5,0.65,10.7,0
2011-11-24,57.0,37.0,   61,1020.7,0.00,6.7,0
2011-11-25,63.0,37.9,   57,1021.0,0.00,8.7,0
2011-11-26,68.0,39.9,   47,1022.0,0.00,4.3,0
2011-11-27,64.0,39.0,   69,1020.7,0.00,4.0,0
2011-11-28,72.0,53.1,   70,1019.6,0.00,6.5,0
2011-11-29,64.0,51.1,   88,1011.5,0.35,8.9,0
2011-11-30,53.1,44.1,   61,1007.5,0.00,14.5,0
2011-12-01,51.1,37.0,   45,1022.0,0.00,11.9,0
2011-12-02,54.0,35.1,   54,1027.8,0.00,7.8,0
2011-12-03,48.0,32.0,   63,1036.9,0.00,4.7,0
2011-12-04,55.0,34.0,   79,1032.8,0.00,3.8,0
2011-12-05,55.9,45.0,   92,1026.4,0.00,1.8,0
2011-12-06,62.1,53.1,   90,1016.6,0.17,7.6,0
2011-12-07,62.1,43.0,   93,1005.4,1.90,11.2,0
2011-12-08,46.9,35.1,   58,1017.6,0.18,14.5,0
2011-12-09,53.1,30.0,   67,1025.4,0.00,6.7,0
2011-12-10,45.0,32.0,   48,1026.4,0.00,9.8,0
2011-12-11,41.0,27.0,   50,1036.6,0.00,4.3,0
2011-12-12,44.1,25.0,   51,1034.2,0.00,3.8,0
2011-12-13,48.9,28.0,   48,1028.4,0.00,5.8,0
2011-12-14,51.1,35.1,   63,1028.4,0.00,3.8,0
2011-12-15,60.1,46.0,   67,1016.3,0.00,11.6,0
2011-12-16,59.0,41.0,   43,1016.9,0.00,13.2,0
2011-12-17,46.0,30.9,   50,1020.0,0.00,11.2,0
2011-12-18,33.1,23.0,   40,1024.4,0.00,7.8,0
2011-12-19,48.9,24.1,   53,1020.3,0.00,10.1,0
2011-12-20,48.0,39.9,   61,1020.3,0.02,6.9,0
2011-12-21,62.1,41.0,   87,1012.9,0.13,7.6,0
2011-12-22,61.0,46.9,   61,1016.3,0.08,8.7,0
2011-12-23,51.1,36.0,   69,1016.6,0.82,11.9,0
2011-12-24,39.0,26.1,   48,1028.8,0.00,9.2,0
2011-12-25,48.0,25.0,   61,1022.4,0.00,7.6,0
2011-12-26,46.9,34.0,   54,1021.0,0.00,10.7,0
2011-12-27,57.9,32.0,   77,1009.8,1.21,10.3,0
2011-12-28,48.0,30.9,   55,1002.0,0.00,17.0,0
2011-12-29,36.0,24.1,   44,1015.9,0.00,9.6,0
2011-12-30,51.1,33.1,   64,1016.3,0.00,2.5,0
2011-12-31,55.0,43.0,   74,1012.2,0.00,5.6,0
2012-01-01,53.1,36.0,   76,1013.5,0.06,6.9,0
2012-01-02,50.0,32.0,   44,1008.1,0.00,16.3,0
2012-01-03,32.0,15.1,   44,1014.6,0.00,16.1,0
2012-01-04,28.0,12.0,   44,1020.0,0.00,10.5,0
2012-01-05,41.0,26.1,   50,1013.2,0.00,9.4,0
2012-01-06,55.0,30.9,   53,1010.5,0.00,7.8,0
2012-01-07,64.0,37.0,   50,1009.5,0.00,8.7,0
2012-01-08,48.0,33.1,   48,1022.4,0.00,10.1,0
2012-01-09,41.0,28.9,   51,1023.0,0.00,6.0,0
2012-01-10,46.9,30.9,   55,1013.9,0.00,10.5,0
2012-01-11,46.9,30.0,   64,1016.3,0.12,5.1,0
2012-01-12,48.9,42.1,   90,1000.3,1.35,10.7,0
2012-01-13,50.0,28.0,   63,1000.0,0.10,19.2,0
2012-01-14,33.1,28.0,   51,1014.6,0.00,14.3,0
2012-01-15,28.0,16.0,   36,1028.4,0.00,14.5,0
2012-01-16,37.0,12.9,   49,1031.5,0.05,6.7,0
2012-01-17,53.1,35.1,   86,1010.5,0.18,8.7,0
2012-01-18,54.0,21.9,   41,1013.5,0.00,17.9,0
2012-01-19,36.0,17.1,   57,1020.3,0.00,8.3,0
2012-01-20,35.1,26.1,   41,1021.7,0.00,11.2,0
2012-01-21,28.9,21.0,   78,1020.7,0.22,13.2,0
2012-01-22,36.0,16.0,   72,1031.8,0.00,9.2,0
2012-01-23,54.0,33.1,   93,1020.3,0.28,7.6,0
2012-01-24,53.1,42.1,   67,1016.3,0.00,11.2,0
2012-01-25,46.9,37.0,   52,1024.0,0.00,10.5,0
2012-01-26,39.9,33.1,   79,1019.6,0.18,4.9,0
2012-01-27,60.1,39.0,   80,1001.7,0.35,11.2,0
2012-01-28,48.0,36.0,   48,1014.9,0.00,10.7,0
2012-01-29,46.0,33.1,   34,1020.0,0.00,14.1,0
2012-01-30,41.0,33.1,   40,1023.4,0.00,13.2,0
2012-01-31,61.0,34.0,   42,1019.6,0.00,9.6,0
2012-02-01,64.0,46.0,   52,1014.2,0.01,13.2,0
2012-02-02,50.0,35.1,   57,1018.3,0.00,11.4,0
2012-02-03,46.0,30.9,   43,1028.8,0.00,10.3,0
2012-02-04,46.9,33.1,   46,1023.4,0.00,7.6,0
2012-02-05,43.0,30.0,   49,1020.7,0.00,8.1,0
2012-02-06,53.1,26.1,   48,1018.3,0.00,10.7,0
2012-02-07,51.1,33.1,   50,1019.0,0.00,10.5,0
2012-02-08,37.9,30.0,   62,1023.7,0.02,6.3,0
2012-02-09,48.0,28.9,   56,1019.6,0.00,9.4,0
2012-02-10,46.9,28.9,   53,1017.9,0.00,8.3,0
2012-02-11,39.0,30.9,   74,1006.1,0.08,8.9,0
2012-02-12,34.0,19.9,   44,1011.2,0.00,18.1,0
2012-02-13,45.0,26.1,   43,1016.3,0.00,14.3,0
2012-02-14,46.9,35.1,   46,1017.9,0.01,3.8,0
2012-02-15,46.9,36.0,   77,1021.7,0.00,6.5,0
2012-02-16,43.0,32.0,   82,1022.7,0.16,2.2,0
2012-02-17,53.1,37.9,   59,1015.6,0.00,10.1,0
2012-02-18,50.0,33.1,   50,1016.3,0.03,8.3,0
2012-02-19,46.0,30.9,   51,1016.9,0.00,9.2,0
2012-02-20,48.0,32.0,   39,1021.7,0.00,14.1,0
2012-02-21,46.9,27.0,   57,1021.3,0.00,7.6,0
2012-02-22,57.9,39.0,   57,1005.4,0.00,8.7,0
2012-02-23,60.1,45.0,   48,1000.7,0.00,11.4,0
2012-02-24,48.0,37.9,   82,1001.0,0.58,9.8,0
2012-02-25,46.0,34.0,   44,1004.7,0.00,23.7,0
2012-02-26,46.0,28.9,   35,1027.8,0.00,11.2,0
2012-02-27,60.1,32.0,   49,1024.4,0.00,8.5,0
2012-02-28,51.1,36.0,   37,1027.4,0.00,12.3,0
2012-02-29,45.0,35.1,   72,1019.0,0.44,7.8,0
2012-03-01,44.1,36.0,   86,1007.8,0.06,9.2,0
2012-03-02,43.0,35.1,   76,1016.6,0.25,7.6,0
2012-03-03,57.9,43.0,   63,1001.4,0.11,12.1,0
2012-03-04,46.9,35.1,   42,1004.7,0.00,11.0,0
2012-03-05,46.9,28.9,   35,1017.6,0.00,13.6,0
2012-03-06,45.0,25.0,   39,1034.9,0.00,9.4,0
2012-03-07,64.0,35.1,   51,1030.8,0.00,9.8,0
2012-03-08,72.0,52.0,   57,1019.0,0.00,18.8,0
2012-03-09,64.9,37.9,   45,1019.3,0.01,16.1,0
2012-03-10,44.1,28.9,   32,1031.5,0.00,10.7,0
2012-03-11,62.1,30.9,   38,1030.5,0.00,12.1,0
2012-03-12,73.0,39.9,   42,1024.0,0.00,8.3,0
2012-03-13,75.9,54.0,   65,1015.9,0.03,10.5,0
2012-03-14,73.0,53.1,   30,1019.3,0.00,8.5,0
2012-03-15,54.0,44.1,   79,1025.7,0.00,6.7,0
2012-03-16,51.1,44.1,   89,1022.4,0.02,4.5,0
2012-03-17,60.1,41.0,   78,1026.4,0.00,6.0,0
2012-03-18,66.0,46.0,   78,1025.7,0.00,5.4,0
2012-03-19,77.0,48.0,   65,1022.4,0.00,6.0,0
2012-03-20,72.0,55.9,   84,1025.4,0.00,3.8,0
2012-03-21,66.9,55.9,   89,1026.4,0.00,3.4,0
2012-03-22,79.0,55.9,   76,1021.7,0.00,5.6,0
2012-03-23,77.0,57.0,   60,1017.9,0.00,6.7,0
2012-03-24,63.0,48.0,   39,1016.9,0.08,8.5,0
2012-03-25,53.1,46.0,   72,1009.8,0.06,8.1,0
2012-03-26,55.9,35.1,   37,1011.5,0.00,19.9,0
2012-03-27,53.1,30.0,   16,1023.4,0.00,11.4,0
2012-03-28,70.0,39.9,   46,1008.1,0.02,12.8,0
2012-03-29,62.1,44.1,   45,1009.5,0.00,17.7,0
2012-03-30,57.0,39.9,   43,1016.6,0.08,7.4,0
2012-03-31,45.0,39.9,   82,1012.5,0.33,9.8,0
2012-04-01,53.1,43.0,   72,1008.1,0.32,5.4,0
2012-04-02,59.0,41.0,   41,1007.5,0.05,16.8,0
2012-04-03,66.9,39.0,   21,1010.8,0.00,11.4,0
2012-04-04,71.1,48.0,   22,1003.7,0.00,12.8,0
2012-04-05,60.1,42.1,   36,1010.2,0.00,12.5,0
2012-04-06,60.1,37.9,   30,1014.9,0.00,12.1,0
2012-04-07,63.0,41.0,   22,1016.6,0.00,15.2,0
2012-04-08,70.0,43.0,   22,1009.1,0.00,15.2,0
2012-04-09,66.0,50.0,   24,1005.1,0.00,18.8,0
2012-04-10,63.0,42.1,   40,1006.4,0.00,12.8,0
2012-04-11,55.0,44.1,   44,1010.5,0.00,11.4,0
2012-04-12,62.1,43.0,   43,1016.3,0.00,12.8,0
2012-04-13,66.9,39.9,   32,1021.0,0.00,7.4,0
2012-04-14,73.9,42.1,   28,1019.6,0.00,9.8,0
2012-04-15,80.1,59.0,   50,1015.6,0.00,10.1,0
2012-04-16,88.0,61.0,   49,1014.2,0.00,7.6,0
2012-04-17,82.0,63.0,   29,1017.9,0.00,11.9,0
2012-04-18,63.0,50.0,   42,1022.0,0.01,8.7,0
2012-04-19,70.0,48.9,   62,1018.3,0.01,6.7,0
2012-04-20,70.0,48.9,   65,1014.6,0.00,5.4,0
2012-04-21,73.9,55.9,   72,1007.1,0.26,8.3,0
2012-04-22,57.0,46.0,   85,1003.7,2.64,15.4,0
2012-04-23,55.0,42.1,   79,991.5,0.14,13.9,0
2012-04-24,61.0,41.0,   42,1000.7,0.00,15.7,0
2012-04-25,64.9,41.0,   41,1009.5,0.00,7.6,0
2012-04-26,59.0,39.9,   79,1007.8,0.02,5.6,0
2012-04-27,57.0,42.1,   43,1013.2,0.00,17.0,0
2012-04-28,61.0,37.9,   37,1021.7,0.00,10.5,0
2012-04-29,66.9,42.1,   23,1021.0,0.00,12.3,0
2012-04-30,59.0,39.9,   40,1025.1,0.00,8.1,0
2012-05-01,73.0,53.1,   72,1016.9,0.40,5.6,1
2012-05-02,57.9,51.1,   83,1021.0,0.14,5.1,1
2012-05-03,57.9,51.1,   89,1020.0,0.51,2.9,1
2012-05-04,75.9,54.0,   81,1014.2,0.04,5.8,1
2012-05-05,63.0,55.9,   86,1014.9,0.00,4.3,1
2012-05-06,64.9,52.0,   66,1019.0,0.00,6.3,1
2012-05-07,64.0,51.1,   67,1019.6,0.00,5.4,1
2012-05-08,73.0,55.9,   69,1013.2,0.03,7.6,1
2012-05-09,71.1,59.0,   86,1005.1,0.22,6.0,1
2012-05-10,66.9,52.0,   54,1003.4,0.15,14.1,1
2012-05-11,73.0,48.0,   34,1015.2,0.00,12.5,1
2012-05-12,81.0,50.0,   34,1021.7,0.00,7.6,1
2012-05-13,84.0,60.1,   43,1020.3,0.00,9.4,1
2012-05-14,71.1,63.0,   74,1020.0,0.03,6.3,1
2012-05-15,68.0,62.1,   89,1015.9,0.47,5.8,1
2012-05-16,82.0,62.1,   68,1011.5,0.15,6.9,1
2012-05-17,73.9,54.0,   38,1018.3,0.00,7.8,1
2012-05-18,70.0,53.1,   45,1022.4,0.00,6.9,1
2012-05-19,80.1,50.0,   44,1020.7,0.00,4.9,1
2012-05-20,80.1,55.0,   46,1022.7,0.00,8.5,1
2012-05-21,66.0,59.0,   90,1019.3,1.62,7.4,1
2012-05-22,72.0,61.0,   82,1011.2,0.15,7.6,1
2012-05-23,77.0,63.0,   80,1013.9,0.09,4.7,1
2012-05-24,66.9,63.0,   92,1020.7,0.20,6.7,1
2012-05-25,78.1,62.1,   88,1021.3,0.01,4.7,1
2012-05-26,86.0,66.0,   75,1019.6,0.00,6.5,1
2012-05-27,82.9,70.0,   70,1019.0,0.06,4.9,1
2012-05-28,91.0,70.0,   65,1013.5,0.00,5.8,1
2012-05-29,91.9,70.0,   65,1008.5,0.05,11.4,1
2012-05-30,79.0,69.1,   71,1007.1,0.00,5.4,1
2012-05-31,82.9,64.9,   44,1009.5,0.00,10.5,1
2012-06-01,73.9,60.1,   67,1013.5,0.17,12.8,1
2012-06-02,78.1,61.0,   59,1005.8,0.43,10.7,1
2012-06-03,79.0,55.0,   55,1006.1,0.00,11.0,1
2012-06-04,64.0,54.0,   73,1005.1,0.56,10.5,1
2012-06-05,66.0,51.1,   62,1011.9,0.00,8.1,1
2012-06-06,73.0,53.1,   65,1014.6,0.63,4.3,1
2012-06-07,80.1,59.0,   57,1013.9,0.00,6.0,1
2012-06-08,84.9,59.0,   49,1011.9,0.00,7.2,1
2012-06-09,82.0,64.0,   53,1012.9,0.00,6.5,1
2012-06-10,87.1,66.9,   65,1018.3,0.06,5.1,1
2012-06-11,75.0,66.0,   69,1023.0,0.00,9.2,1
2012-06-12,73.9,66.0,   86,1016.6,1.25,7.6,1
2012-06-13,73.0,64.9,   80,1014.2,0.28,10.1,1
2012-06-14,78.1,63.0,   71,1022.0,0.00,8.9,1
2012-06-15,80.1,60.1,   55,1025.1,0.00,6.3,1
2012-06-16,79.0,62.1,   58,1025.1,0.00,7.8,1
2012-06-17,70.0,61.0,   69,1021.7,0.00,5.8,1
2012-06-18,69.1,60.1,   68,1020.0,0.00,5.8,1
2012-06-19,81.0,64.0,   72,1020.0,0.00,6.7,1
2012-06-20,98.1,70.0,   57,1015.9,0.00,8.1,1
2012-06-21,99.0,79.0,   46,1010.8,0.00,9.4,1
2012-06-22,96.1,71.1,   64,1008.5,0.37,5.4,1
2012-06-23,88.0,69.1,   48,1011.9,0.00,9.6,1
2012-06-24,88.0,64.9,   51,1014.2,0.00,5.8,1
2012-06-25,75.0,63.0,   73,1006.8,1.16,6.5,1
2012-06-26,77.0,59.0,   46,1006.4,0.00,15.2,1
2012-06-27,86.0,62.1,   39,1007.8,0.00,13.0,1
2012-06-28,91.9,66.0,   42,1008.1,0.00,9.4,1
2012-06-29,97.0,72.0,   52,1004.4,0.11,8.7,1
2012-06-30,97.0,77.0,   43,1007.1,0.00,10.3,1
2012-07-01,98.1,72.0,   45,1009.5,0.00,10.5,1
2012-07-02,91.0,71.1,   37,1012.2,0.00,8.7,1
2012-07-03,95.0,70.0,   43,1012.2,0.00,6.9,1
2012-07-04,97.0,73.0,   52,1008.5,0.05,9.2,1
2012-07-05,98.1,75.9,   44,1008.1,0.00,10.5,1
2012-07-06,98.1,70.0,   44,1011.5,0.00,6.5,1
2012-07-07,102.0,77.0,   48,1009.8,0.00,9.2,1
2012-07-08,96.1,77.0,   50,1010.2,0.01,7.8,1
2012-07-09,87.1,73.0,   45,1013.2,0.00,8.7,1
2012-07-10,87.1,71.1,   52,1016.6,0.00,7.8,1
2012-07-11,86.0,73.0,   59,1020.7,0.00,4.9,1
2012-07-12,89.1,71.1,   52,1021.7,0.00,6.5,1
2012-07-13,89.1,73.0,   55,1021.7,0.00,5.1,1
2012-07-14,87.1,73.0,   56,1021.7,0.00,8.7,1
2012-07-15,91.9,73.0,   70,1016.9,0.18,8.1,1
2012-07-16,95.0,71.1,   62,1010.8,0.00,8.3,1
2012-07-17,100.0,73.9,   43,1009.1,0.00,11.2,1
2012-07-18,104.0,73.9,   64,1009.8,0.57,9.6,1
2012-07-19,77.0,72.0,   72,1013.9,0.03,7.4,1
2012-07-20,73.0,64.0,   86,1015.9,0.63,9.8,1
2012-07-21,79.0,64.0,   68,1018.6,0.00,7.8,1
2012-07-22,84.0,66.0,   62,1020.3,0.00,6.7,1
2012-07-23,91.0,70.0,   70,1014.9,0.05,8.1,1
2012-07-24,96.1,75.0,   55,1004.7,0.00,14.8,1
2012-07-25,89.1,69.1,   40,1010.5,0.00,10.3,1
2012-07-26,93.9,70.0,   72,1006.1,0.73,9.6,1
2012-07-27,90.0,72.0,   68,1008.1,0.00,8.1,1
2012-07-28,82.0,71.1,   87,1012.5,0.02,7.2,1
2012-07-29,82.0,69.1,   78,1015.2,0.00,5.8,1
2012-07-30,82.9,71.1,   73,1019.0,0.00,5.8,1
2012-07-31,82.0,72.0,   70,1015.6,0.00,5.6,1
2012-08-01,81.0,70.0,   87,1011.5,0.38,3.6,1
2012-08-02,93.0,68.0,   64,1011.5,0.00,6.5,1
2012-08-03,93.0,73.9,   69,1015.9,0.00,6.7,1
2012-08-04,90.0,75.9,   76,1021.3,0.00,5.8,1
2012-08-05,95.0,73.9,   74,1017.9,0.17,11.9,1
2012-08-06,89.1,73.9,   58,1015.2,0.04,11.0,1
2012-08-07,82.9,66.0,   62,1015.2,0.00,6.0,1
2012-08-08,88.0,72.0,   71,1014.6,0.00,4.0,1
2012-08-09,90.0,73.0,   75,1012.9,0.59,6.0,1
2012-08-10,82.0,72.0,   84,1009.5,0.43,6.0,1
2012-08-11,89.1,75.0,   74,1010.5,0.00,8.7,1
2012-08-12,88.0,73.0,   57,1012.9,0.00,8.5,1
2012-08-13,88.0,68.0,   51,1014.6,0.00,7.4,1
2012-08-14,79.0,70.0,   73,1013.5,0.00,3.6,1
2012-08-15,86.0,69.1,   79,1010.8,0.17,6.0,1
2012-08-16,88.0,68.0,   58,1011.9,0.00,7.6,1
2012-08-17,91.0,66.9,   58,1010.2,0.07,9.4,1
2012-08-18,82.0,64.9,   63,1011.9,0.17,7.6,1
2012-08-19,75.9,59.0,   56,1014.2,0.00,4.7,1
2012-08-20,80.1,64.0,   60,1012.2,0.00,5.1,1
2012-08-21,82.9,66.9,   59,1016.6,0.00,5.1,1
2012-08-22,84.0,68.0,   64,1020.0,0.00,4.5,1
2012-08-23,87.1,64.9,   63,1020.3,0.00,4.5,1
2012-08-24,88.0,69.1,   59,1021.0,0.00,4.7,1
2012-08-25,84.9,70.0,   65,1024.0,0.00,6.9,1
2012-08-26,82.0,69.1,   70,1024.7,0.00,7.8,1
2012-08-27,82.0,71.1,   81,1018.6,0.48,6.7,1
2012-08-28,89.1,73.9,   61,1011.2,0.06,11.9,1
2012-08-29,82.9,64.9,   47,1014.9,0.00,8.9,1
2012-08-30,84.9,61.0,   45,1017.9,0.00,6.9,1
2012-08-31,93.9,63.0,   49,1015.6,0.00,10.7,1
2012-09-01,91.9,73.0,   60,1015.6,0.00,8.5,1
2012-09-02,81.0,73.0,   78,1017.6,0.01,5.1,1
2012-09-03,78.1,72.0,   81,1019.6,0.08,8.7,1
2012-09-04,81.0,70.0,   89,1014.6,0.94,5.4,1
2012-09-05,84.9,70.0,   76,1009.1,0.22,9.6,1
2012-09-06,81.0,68.0,   75,1011.9,0.00,4.7,1
2012-09-07,90.0,70.0,   71,1011.9,0.00,6.0,1
2012-09-08,87.1,66.9,   82,1006.8,0.23,9.4,1
2012-09-09,80.1,64.0,   61,1010.2,0.00,7.6,1
2012-09-10,75.9,57.9,   48,1015.9,0.00,12.5,1
2012-09-11,77.0,53.1,   50,1024.0,0.00,4.7,1
2012-09-12,81.0,55.0,   58,1027.1,0.00,4.5,1
2012-09-13,81.0,59.0,   65,1026.8,0.00,5.1,1
2012-09-14,81.0,61.0,   70,1022.0,0.00,6.7,1
2012-09-15,75.0,60.1,   53,1019.3,0.00,12.5,1
2012-09-16,78.1,55.0,   51,1018.6,0.00,4.7,1
2012-09-17,79.0,54.0,   56,1017.9,0.00,5.8,1
2012-09-18,79.0,69.1,   85,1008.8,0.81,14.1,1
2012-09-19,72.0,55.9,   51,1016.6,0.00,11.6,1
2012-09-20,70.0,52.0,   69,1021.0,0.00,7.8,1
2012-09-21,73.0,60.1,   67,1017.9,0.00,5.8,1
2012-09-22,78.1,59.0,   81,1011.9,0.38,6.9,1
2012-09-23,70.0,55.0,   54,1016.9,0.00,9.8,1
2012-09-24,69.1,51.1,   50,1020.3,0.00,7.2,1
2012-09-25,75.0,48.0,   60,1021.0,0.00,9.8,1
2012-09-26,78.1,64.0,   71,1017.9,0.00,9.4,1
2012-09-27,75.9,64.0,   75,1020.0,0.06,5.4,1
2012-09-28,75.0,61.0,   89,1016.3,0.39,7.6,1
2012-09-29,68.0,57.9,   75,1012.5,0.00,6.9,1
2012-09-30,70.0,54.0,   67,1009.8,0.01,7.4,1
2012-10-01,73.0,50.0,   61,1012.2,0.00,9.2,1
2012-10-02,70.0,62.1,   82,1015.6,0.40,4.9,1
2012-10-03,73.9,63.0,   95,1017.6,0.00,3.4,1
2012-10-04,75.0,64.9,   90,1018.6,0.11,2.9,1
2012-10-05,81.0,59.0,   67,1015.9,0.00,5.6,1
2012-10-06,79.0,53.1,   69,1011.5,0.00,9.8,1
2012-10-07,54.0,48.0,   73,1018.3,0.16,4.9,1
2012-10-08,55.9,43.0,   72,1023.7,0.00,5.1,1
2012-10-09,59.0,51.1,   85,1021.0,0.05,9.4,1
2012-10-10,68.0,53.1,   72,1012.9,0.30,11.2,1
2012-10-11,62.1,46.0,   51,1020.7,0.00,10.5,1
2012-10-12,59.0,43.0,   55,1023.0,0.00,12.1,1
2012-10-13,54.0,34.0,   55,1030.5,0.00,6.0,1
2012-10-14,73.0,50.0,   66,1019.6,0.00,12.5,1
2012-10-15,72.0,59.0,   80,1006.8,0.33,10.3,1
2012-10-16,61.0,48.0,   54,1009.1,0.00,11.2,1
2012-10-17,64.9,42.1,   62,1014.9,0.00,2.9,1
2012-10-18,66.0,44.1,   77,1015.9,0.01,6.9,1
2012-10-19,69.1,64.0,   93,1007.8,0.87,7.8,1
2012-10-20,72.0,50.0,   67,1006.8,0.00,7.2,1
2012-10-21,69.1,48.9,   53,1014.6,0.00,10.3,1
2012-10-22,71.1,48.9,   51,1017.9,0.00,7.6,1
2012-10-23,64.9,48.9,   71,1019.0,0.03,4.3,1
2012-10-24,62.1,55.9,   86,1020.7,0.06,5.8,1
2012-10-25,63.0,57.0,   75,1024.0,0.00,4.5,1
2012-10-26,66.9,59.0,   75,1021.7,0.00,2.5,1
2012-10-27,66.9,59.0,   73,1015.2,0.00,6.3,1
2012-10-28,60.1,55.9,   67,1008.5,0.00,16.6,1
2012-10-29,64.0,54.0,   85,984.4,0.60,34.0,1
2012-10-30,57.9,46.9,   71,,0.73,18.6,1
2012-10-31,51.1,42.1,   73,,0.00,16.6,1
2012-11-01,53.1,41.0,   70,1002.0,0.00,11.0,0
2012-11-02,54.0,42.1,   59,1004.7,0.00,12.3,0
2012-11-03,53.1,39.9,   54,1011.2,0.00,13.6,0
2012-11-04,53.1,37.9,   59,1014.9,0.00,9.6,0
2012-11-05,48.0,35.1,   49,1017.9,0.00,13.4,0
2012-11-06,45.0,27.0,   51,1022.0,0.00,7.2,0
2012-11-07,39.9,32.0,   78,1012.5,1.03,17.9,0
2012-11-08,48.9,33.1,   51,1009.5,0.05,13.6,0
2012-11-09,55.9,36.0,   48,1018.3,0.00,11.6,0
2012-11-10,55.0,39.0,   64,1026.8,0.00,5.1,0
2012-11-11,64.9,43.0,   76,1031.2,0.00,2.7,0
2012-11-12,66.9,46.0,   87,1028.1,0.00,3.6,0
2012-11-13,62.1,39.9,   72,1026.1,0.07,11.0,0
2012-11-14,48.9,35.1,   55,1032.2,0.00,11.0,0
2012-11-15,46.0,34.0,   57,1029.1,0.00,7.8,0
2012-11-16,48.9,35.1,   55,1027.4,0.00,8.5,0
2012-11-17,53.1,33.1,   59,1035.2,0.00,8.1,0
2012-11-18,50.0,33.1,   68,1036.9,0.00,7.4,0
2012-11-19,48.9,35.1,   76,1029.8,0.00,9.8,0
2012-11-20,52.0,34.0,   66,1021.7,0.00,6.3,0
2012-11-21,55.0,35.1,   59,1022.4,0.00,6.9,0
2012-11-22,57.0,36.0,   71,1023.0,0.00,3.6,0
2012-11-23,57.0,37.0,   80,1012.9,0.01,4.3,0
2012-11-24,48.9,36.0,   45,1007.8,0.00,15.0,0
2012-11-25,42.1,33.1,   48,1012.9,0.00,12.3,0
2012-11-26,50.0,30.0,   47,1019.6,0.00,7.2,0
2012-11-27,39.9,33.1,   84,1024.0,0.46,8.1,0
2012-11-28,43.0,32.0,   63,1023.7,0.00,8.5,0
2012-11-29,45.0,28.9,   57,1026.8,0.00,10.5,0
2012-11-30,48.0,30.0,   63,1028.8,0.00,5.6,0
2012-12-01,41.0,37.0,   81,1031.5,0.00,11.4,0
2012-12-02,52.0,39.9,   92,1024.7,0.05,4.0,0
2012-12-03,64.0,43.0,   77,1022.4,0.00,5.8,0
2012-12-04,62.1,45.0,   87,1021.7,0.03,3.1,0
2012-12-05,57.0,35.1,   57,1017.9,0.02,15.0,0
2012-12-06,42.1,30.0,   49,1026.4,0.00,6.7,0
2012-12-07,44.1,30.9,   87,1021.0,0.14,0.9,0
2012-12-08,50.0,42.1,   96,1013.9,0.30,5.6,0
2012-12-09,48.9,42.1,   89,1021.0,0.17,7.4,0
2012-12-10,57.9,44.1,   98,1006.1,0.04,3.6,0
2012-12-11,57.0,41.0,   63,1013.9,0.03,10.5,0
2012-12-12,45.0,35.1,   52,1028.1,0.00,5.8,0
2012-12-13,46.9,30.9,   59,1029.5,0.00,4.7,0
2012-12-14,51.1,28.0,   55,1024.0,0.00,7.6,0
2012-12-15,48.0,32.0,   65,1024.7,0.00,3.8,0
2012-12-16,50.0,44.1,   88,1017.3,0.31,9.6,0
2012-12-17,45.0,39.9,   95,1009.8,0.27,10.3,0
2012-12-18,55.9,44.1,   82,1000.0,0.52,10.5,0
2012-12-19,48.9,39.0,   55,1011.2,0.00,14.3,0
2012-12-20,48.0,32.0,   68,1019.0,0.08,5.8,0
2012-12-21,57.0,36.0,   74,992.5,0.91,20.6,0
2012-12-22,39.9,35.1,   55,1002.4,0.00,17.9,0
2012-12-23,44.1,33.1,   48,1012.9,0.00,10.7,0
2012-12-24,39.9,27.0,   65,1016.6,0.10,4.9,0
2012-12-25,43.0,30.9,   77,1018.3,0.02,11.4,0
2012-12-26,41.0,27.0,   83,1016.9,0.95,15.0,0
2012-12-27,39.9,30.0,   77,999.7,0.90,21.7,0
2012-12-28,39.0,28.0,   62,1016.6,0.00,11.6,0
2012-12-29,34.0,26.1,   85,1007.5,0.22,9.2,0
2012-12-30,36.0,27.0,   57,1013.9,0.00,19.7,0
2012-12-31,39.0,25.0,   57,1018.3,0.00,11.6,0
2013-01-01,41.0,27.0,   57,1012.9,0.00,13.0,0
2013-01-02,35.1,24.1,   49,1018.6,0.00,11.0,0
2013-01-03,34.0,26.1,   55,1020.7,0.00,8.5,0
2013-01-04,39.9,28.0,   56,1016.9,0.00,14.1,0
2013-01-05,44.1,30.9,   51,1022.7,0.00,9.4,0
2013-01-06,48.0,33.1,   62,1018.3,0.00,8.9,0
2013-01-07,46.9,30.9,   53,1025.4,0.00,7.4,0
2013-01-08,50.0,27.0,   66,1028.8,0.00,7.2,0
2013-01-09,50.0,32.0,   71,1025.4,0.00,6.0,0
2013-01-10,50.0,37.0,   47,1031.2,0.00,8.9,0
2013-01-11,46.0,34.0,   76,1027.4,0.54,4.7,0
2013-01-12,48.9,43.0,   94,1020.3,0.02,4.7,0
2013-01-13,48.9,43.0,   96,1019.0,0.00,2.2,0
2013-01-14,57.9,41.0,   75,1019.3,0.06,7.6,0
2013-01-15,41.0,35.1,   69,1025.4,0.11,8.5,0
2013-01-16,37.0,32.0,   94,1015.6,0.70,8.1,0
2013-01-17,46.0,36.0,   61,1016.6,0.00,9.4,0
2013-01-18,36.0,27.0,   44,1027.4,0.00,11.2,0
2013-01-19,52.0,28.0,   50,1021.7,0.00,15.7,0
2013-01-20,55.9,30.0,   44,1010.2,0.00,15.2,0
2013-01-21,33.1,25.0,   46,1015.6,0.00,6.7,0
2013-01-22,27.0,14.0,   39,1017.6,0.00,17.9,0
2013-01-23,21.0,10.9,   42,1023.0,0.00,10.5,0
2013-01-24,25.0,10.9,   43,1024.7,0.00,14.5,0
2013-01-25,24.1,12.0,   60,1025.7,0.04,7.6,0
2013-01-26,28.0,12.9,   59,1022.0,0.00,11.2,0
2013-01-27,36.0,16.0,   48,1031.8,0.00,7.6,0
2013-01-28,35.1,25.0,   81,1024.4,0.13,5.6,0
2013-01-29,53.1,34.0,   86,1019.0,0.06,3.8,0
2013-01-30,66.0,39.9,   91,1006.8,0.04,6.0,0
2013-01-31,62.1,30.0,   53,996.6,0.79,26.6,0
2013-02-01,34.0,24.1,   48,1014.6,0.00,15.0,0
2013-02-02,30.9,18.0,   52,1022.4,0.02,10.3,0
2013-02-03,33.1,21.9,   73,1012.2,0.01,6.7,0
2013-02-04,32.0,21.9,   47,1013.9,0.00,13.4,0
2013-02-05,32.0,27.0,   85,1013.5,0.02,5.1,0
2013-02-06,42.1,28.9,   59,1020.0,0.00,10.7,0
2013-02-07,34.0,24.1,   45,1030.5,0.00,6.5,0
2013-02-08,36.0,28.0,   88,1013.5,0.72,15.4,0
2013-02-09,34.0,19.9,   60,1017.3,0.54,15.4,0
2013-02-10,35.1,15.1,   55,1029.5,0.00,4.5,0
2013-02-11,44.1,30.9,   92,1013.5,0.42,2.5,0
2013-02-12,46.9,35.1,   56,1011.2,0.00,12.5,0
2013-02-13,46.0,28.9,   60,1009.8,0.03,4.3,0
2013-02-14,48.0,32.0,   66,1012.9,0.00,6.9,0
2013-02-15,57.0,32.0,   64,1014.9,0.00,6.7,0
2013-02-16,41.0,30.9,   68,1012.2,0.03,12.3,0
2013-02-17,34.0,18.0,   36,1008.5,0.00,21.9,0
2013-02-18,37.0,17.1,   39,1022.0,0.00,13.2,0
2013-02-19,50.0,30.0,   68,1012.9,0.21,9.6,0
2013-02-20,37.9,25.0,   46,1011.5,0.00,19.7,0
2013-02-21,36.0,24.1,   47,1018.6,0.00,16.8,0
2013-02-22,39.0,23.0,   66,1027.1,0.00,6.7,0
2013-02-23,44.1,37.0,   96,1016.9,0.34,8.1,0
2013-02-24,51.1,34.0,   70,1009.8,0.00,13.2,0
2013-02-25,46.0,30.0,   56,1020.3,0.00,7.8,0
2013-02-26,45.0,30.9,   71,1021.7,0.18,10.1,0
2013-02-27,50.0,37.9,   87,1003.4,1.33,11.6,0
2013-02-28,51.1,37.9,   64,1002.0,0.00,7.6,0
2013-03-01,46.9,34.0,   62,1005.8,0.00,10.3,0
2013-03-02,41.0,30.9,   60,1007.5,0.00,11.4,0
2013-03-03,41.0,28.9,   52,1006.8,0.00,14.8,0
2013-03-04,44.1,27.0,   49,1009.8,0.00,15.9,0
2013-03-05,50.0,30.9,   52,1015.2,0.00,7.8,0
2013-03-06,43.0,37.9,   68,1012.5,0.00,20.8,0
2013-03-07,39.9,34.0,   78,1016.6,0.20,18.8,0
2013-03-08,41.0,30.9,   85,1018.6,0.95,13.2,0
2013-03-09,57.0,33.1,   47,1024.4,0.00,9.4,0
2013-03-10,45.0,30.9,   78,1027.4,0.00,4.5,0
2013-03-11,53.1,39.0,   85,1022.4,0.00,5.8,0
2013-03-12,59.0,43.0,   85,1010.8,0.68,10.3,0
2013-03-13,53.1,37.0,   54,1011.2,0.00,11.0,0
2013-03-14,44.1,30.0,   34,1012.9,0.00,19.7,0
2013-03-15,48.0,28.9,   44,1011.2,0.00,14.1,0
2013-03-16,42.1,33.1,   68,1010.5,0.03,7.2,0
2013-03-17,39.0,28.9,   47,1020.7,0.00,12.3,0
2013-03-18,36.0,25.0,   68,1024.7,0.64,9.8,0
2013-03-19,46.9,35.1,   77,1008.1,0.29,11.4,0
2013-03-20,48.0,30.9,   41,1010.5,0.00,13.0,0
2013-03-21,42.1,30.0,   47,1006.8,0.00,11.0,0
2013-03-22,44.1,27.0,   46,1009.5,0.00,14.1,0
2013-03-23,48.0,30.0,   42,1011.9,0.00,15.9,0
2013-03-24,46.9,32.0,   46,1010.2,0.00,7.6,0
2013-03-25,39.9,35.1,   74,1001.4,0.12,11.0,0
2013-03-26,53.1,36.0,   55,1007.5,0.00,9.2,0
2013-03-27,55.9,35.1,   46,1012.9,0.00,13.4,0
2013-03-28,51.1,36.0,   53,1016.6,0.00,11.4,0
2013-03-29,57.0,37.0,   46,1020.0,0.00,8.7,0
2013-03-30,61.0,37.9,   37,1020.0,0.00,7.2,0
2013-03-31,55.0,39.0,   68,1014.2,0.09,5.8,0
2013-04-01,64.9,37.0,   62,1006.8,0.00,13.4,0
2013-04-02,46.0,32.0,   32,1015.9,0.00,14.1,0
2013-04-03,48.9,31.1,   30,1021.7,0.00,14.8,0
2013-04-04,54.0,31.1,   41,1024.4,0.00,8.1,0
2013-04-05,66.0,41.0,   37,1012.2,0.00,11.4,0
2013-04-06,55.0,35.1,   37,1024.0,0.00,10.5,0
2013-04-07,60.1,37.9,   58,1020.7,0.00,11.4,0
2013-04-08,72.0,46.9,   58,1016.3,0.00,5.8,0
2013-04-09,84.9,51.1,   42,1013.5,0.01,8.9,0
2013-04-10,73.9,55.0,   65,1011.9,0.46,7.4,0
2013-04-11,61.0,48.0,   79,1013.9,0.00,9.4,0
2013-04-12,48.9,42.1,   91,1010.2,0.69,13.4,0
2013-04-13,60.1,39.9,   64,1011.9,0.00,5.8,0
2013-04-14,60.1,46.0,   45,1018.6,0.00,10.5,0
2013-04-15,55.0,46.9,   50,1027.1,0.00,7.2,0
2013-04-16,66.0,46.9,   72,1024.4,0.00,9.6,0
2013-04-17,72.0,54.0,   49,1022.7,0.02,7.4,0
2013-04-18,57.0,52.0,   74,1024.7,0.03,6.9,0
2013-04-19,77.0,53.1,   78,1009.8,0.07,9.8,0
2013-04-20,61.0,44.1,   46,1015.6,0.05,16.1,0
2013-04-21,54.0,37.0,   42,1033.9,0.00,8.5,0
2013-04-22,53.1,43.0,   53,1035.2,0.00,9.8,0
2013-04-23,53.1,41.0,   71,1025.4,0.01,11.6,0
2013-04-24,71.1,42.1,   67,1014.2,0.00,8.9,0
2013-04-25,66.9,48.0,   37,1021.0,0.00,11.0,0
2013-04-26,66.9,45.0,   36,1027.8,0.00,6.7,0
2013-04-27,70.0,43.0,   34,1028.1,0.00,7.2,0
2013-04-28,69.1,46.0,   43,1024.7,0.00,5.8,0
2013-04-29,57.0,53.1,   78,1023.0,0.13,6.0,0
2013-04-30,64.9,51.1,   48,1025.4,0.00,6.7,0
2013-05-01,66.0,42.1,   52,1030.5,0.00,6.7,1
2013-05-02,69.1,46.0,   54,1029.5,0.00,4.7,1
2013-05-03,62.1,48.9,   56,1029.8,0.00,8.5,1
2013-05-04,64.9,44.1,   65,1025.7,0.00,7.6,1
2013-05-05,57.9,46.9,   66,1024.7,0.00,7.6,1
2013-05-06,64.9,48.0,   70,1023.0,0.00,4.0,1
2013-05-07,72.0,50.0,   74,1020.0,0.00,6.0,1
2013-05-08,68.0,57.9,   86,1016.6,1.15,6.7,1
2013-05-09,72.0,55.9,   80,1013.5,1.46,5.8,1
2013-05-10,81.0,55.0,   67,1013.9,0.08,5.8,1
2013-05-11,73.9,62.1,   87,1008.1,0.86,7.8,1
2013-05-12,69.1,50.0,   42,1007.8,0.00,15.2,1
2013-05-13,59.0,45.0,   41,1016.9,0.00,12.8,1
2013-05-14,63.0,43.0,   36,1018.6,0.00,9.6,1
2013-05-15,73.9,48.0,   61,1011.2,0.00,7.8,1
2013-05-16,82.0,61.0,   49,1007.8,0.00,6.5,1
2013-05-17,75.0,60.1,   37,1017.9,0.00,8.9,1
2013-05-18,63.0,57.9,   68,1025.4,0.00,3.6,1
2013-05-19,59.0,55.9,   96,1024.4,0.40,6.7,1
2013-05-20,82.0,57.9,   77,1017.3,0.00,6.5,1
2013-05-21,88.0,66.0,   71,1012.5,0.00,9.6,1
2013-05-22,81.0,62.1,   79,1011.9,0.00,5.1,1
2013-05-23,84.0,68.0,   80,1010.2,0.53,11.0,1
2013-05-24,69.1,46.9,   84,1009.8,0.35,12.1,1
2013-05-25,57.9,46.0,   65,1013.9,0.09,19.0,1
2013-05-26,71.1,48.0,   40,1017.9,0.00,16.1,1
2013-05-27,75.9,46.0,   39,1022.4,0.00,8.5,1
2013-05-28,69.1,54.0,   77,1022.0,0.52,4.0,1
2013-05-29,89.1,60.1,   72,1017.9,0.00,6.5,1
2013-05-30,93.0,72.0,   52,1018.6,0.00,9.6,1
2013-05-31,93.9,72.0,   51,1017.6,0.00,8.5,1
2013-06-01,93.0,72.0,   60,1014.2,0.00,11.0,1
2013-06-02,90.0,70.0,   63,1010.2,1.12,13.4,1
2013-06-03,79.0,66.9,   77,1010.2,0.55,7.6,1
2013-06-04,77.0,57.9,   39,1016.6,0.00,12.3,1
2013-06-05,72.0,54.0,   52,1021.0,0.00,7.6,1
2013-06-06,71.1,59.0,   77,1018.6,0.18,7.6,1
2013-06-07,64.9,60.1,   95,1009.5,3.71,11.6,1
2013-06-08,78.1,59.0,   72,1011.2,0.02,9.6,1
2013-06-09,84.0,61.0,   59,1020.3,0.00,5.4,1
2013-06-10,72.0,64.9,   89,1016.6,0.99,7.4,1
2013-06-11,82.0,66.9,   69,1005.8,0.04,14.5,1
2013-06-12,80.1,66.9,   51,1008.8,0.00,13.2,1
2013-06-13,68.0,55.9,   82,1003.4,1.29,10.5,1
2013-06-14,72.0,55.0,   72,1007.8,0.12,11.0,1
2013-06-15,82.0,59.0,   52,1014.2,0.00,8.1,1
2013-06-16,84.0,61.0,   60,1011.9,0.00,10.5,1
2013-06-17,87.1,66.9,   67,1011.5,0.13,8.5,1
2013-06-18,82.9,64.9,   77,1011.2,0.14,5.8,1
2013-06-19,78.1,60.1,   56,1016.9,0.00,9.6,1
2013-06-20,80.1,59.0,   55,1024.0,0.00,7.8,1
2013-06-21,82.9,61.0,   49,1025.1,0.00,8.9,1
2013-06-22,84.0,62.1,   58,1023.0,0.00,7.6,1
2013-06-23,89.1,66.9,   69,1020.0,0.00,9.2,1
2013-06-24,96.1,73.0,   61,1016.6,0.00,9.8,1
2013-06-25,93.9,70.0,   65,1012.2,0.12,9.6,1
2013-06-26,89.1,73.0,   66,1009.5,0.00,8.1,1
2013-06-27,87.1,73.9,   75,1005.8,0.33,8.1,1
2013-06-28,89.1,73.9,   70,999.3,0.00,11.2,1
2013-06-29,84.9,70.0,   73,1002.0,0.00,8.5,1
2013-06-30,86.0,73.0,   83,1009.8,0.00,5.8,1
2013-07-01,79.0,73.0,   89,1014.9,1.07,6.7,1
2013-07-02,86.0,73.9,   81,1019.6,0.02,8.9,1
2013-07-03,88.0,73.0,   81,1023.0,0.95,7.6,1
2013-07-04,91.0,75.9,   72,1022.7,0.00,11.9,1
2013-07-05,93.0,75.0,   66,1021.3,0.00,10.7,1
2013-07-06,95.0,77.0,   60,1019.0,0.00,11.2,1
2013-07-07,96.1,77.0,   60,1015.9,0.00,11.4,1
2013-07-08,91.0,73.0,   60,1016.3,0.00,10.3,1
2013-07-09,91.0,72.0,   64,1016.9,0.00,8.3,1
2013-07-10,90.0,73.9,   70,1012.2,0.00,10.1,1
2013-07-11,88.0,75.0,   62,1011.2,0.00,9.4,1
2013-07-12,79.0,70.0,   76,1016.6,0.10,12.1,1
2013-07-13,82.9,69.1,   90,1023.0,0.73,4.9,1
2013-07-14,93.0,75.9,   67,1025.4,0.00,7.6,1
2013-07-15,97.0,77.0,   57,1022.0,0.00,9.4,1
2013-07-16,95.0,79.0,   48,1021.3,0.00,9.8,1
2013-07-17,95.0,78.1,   56,1020.0,0.00,5.1,1
2013-07-18,100.9,79.0,   53,1015.9,0.00,7.4,1
2013-07-19,100.0,82.0,   59,1011.9,0.00,13.4,1
2013-07-20,96.1,78.1,   64,1008.5,0.09,12.3,1
2013-07-21,89.1,75.9,   60,1012.9,0.00,5.6,1
2013-07-22,86.0,75.9,   79,1011.9,0.21,5.8,1
2013-07-23,90.0,73.9,   73,1003.4,0.26,9.8,1
2013-07-24,84.0,68.0,   59,1007.8,0.00,10.7,1
2013-07-25,68.0,64.0,   65,1016.3,0.00,13.6,1
2013-07-26,84.9,66.0,   59,1016.3,0.00,9.8,1
2013-07-27,84.0,66.9,   69,1016.3,0.00,7.4,1
2013-07-28,80.1,69.1,   85,1014.6,0.31,6.0,1
2013-07-29,87.1,70.0,   58,1016.6,0.00,7.6,1
2013-07-30,82.9,64.9,   50,1020.3,0.00,8.3,1
2013-07-31,82.9,66.0,   58,1019.3,0.00,6.3,1
2013-08-01,75.0,68.0,   84,1013.2,0.70,5.6,1
2013-08-02,87.1,66.9,   62,1011.5,0.00,8.5,1
2013-08-03,80.1,69.1,   71,1012.2,0.02,9.2,1
2013-08-04,82.0,64.0,   51,1012.2,0.00,9.8,1
2013-08-05,80.1,62.1,   45,1016.6,0.00,8.3,1
2013-08-06,81.0,61.0,   55,1019.0,0.00,6.7,1
2013-08-07,80.1,69.1,   73,1019.6,0.00,7.6,1
2013-08-08,84.0,70.0,   86,1016.9,0.68,6.5,1
2013-08-09,88.0,73.9,   81,1011.5,0.03,10.5,1
2013-08-10,84.9,68.0,   60,1015.2,0.00,8.5,1
2013-08-11,84.0,63.0,   55,1018.3,0.00,5.6,1
2013-08-12,82.9,70.0,   74,1015.2,0.51,3.8,1
2013-08-13,79.0,70.0,   82,1008.5,0.86,4.0,1
2013-08-14,75.9,61.0,   51,1012.2,0.00,13.6,1
2013-08-15,80.1,57.9,   50,1019.6,0.00,6.0,1
2013-08-16,80.1,59.0,   55,1021.3,0.00,4.0,1
2013-08-17,82.9,62.1,   55,1024.4,0.00,4.9,1
2013-08-18,77.0,66.0,   61,1022.7,0.00,4.9,1
2013-08-19,79.0,64.0,   70,1018.6,0.00,7.4,1
2013-08-20,90.0,64.0,   62,1019.0,0.00,5.8,1
2013-08-21,91.0,68.0,   55,1020.0,0.00,5.6,1
2013-08-22,79.0,71.1,   87,1014.9,0.40,6.9,1
2013-08-23,82.9,69.1,   56,1015.2,0.00,10.3,1
2013-08-24,80.1,62.1,   55,1025.1,0.00,8.9,1
2013-08-25,84.0,60.1,   54,1026.4,0.00,7.2,1
2013-08-26,86.0,66.9,   62,1018.3,0.01,12.3,1
2013-08-27,90.0,72.0,   65,1011.2,0.02,9.4,1
2013-08-28,86.0,71.1,   82,1011.5,1.34,3.4,1
2013-08-29,81.0,71.1,   78,1015.2,0.00,6.5,1
2013-08-30,86.0,70.0,   74,1013.9,0.00,10.3,1
2013-08-31,88.0,72.0,   74,1010.2,0.00,10.3,1
2013-09-01,84.0,73.0,   80,1009.8,0.00,6.3,1
2013-09-02,82.9,73.0,   85,1007.5,0.14,3.4,1
2013-09-03,84.0,69.1,   65,1008.8,0.00,8.1,1
2013-09-04,82.0,64.0,   57,1014.6,0.00,9.8,1
2013-09-05,80.1,61.0,   53,1016.6,0.00,10.5,1
2013-09-06,73.0,55.0,   47,1022.4,0.00,7.2,1
2013-09-07,80.1,52.0,   50,1016.6,0.00,6.9,1
2013-09-08,84.0,59.0,   52,1012.5,0.00,12.8,1
2013-09-09,71.1,54.0,   60,1022.4,0.00,8.3,1
2013-09-10,89.1,68.0,   72,1019.6,0.00,10.7,1
2013-09-11,96.1,75.0,   67,1017.6,0.00,9.8,1
2013-09-12,87.1,70.0,   79,1009.8,0.54,8.1,1
2013-09-13,79.0,59.0,   66,1006.4,0.06,11.4,1
2013-09-14,69.1,53.1,   60,1016.3,0.00,10.5,1
2013-09-15,73.9,48.0,   56,1020.7,0.00,5.8,1
2013-09-16,73.9,55.0,   66,1019.3,0.03,9.2,1
2013-09-17,66.0,48.0,   51,1028.4,0.00,8.9,1
2013-09-18,73.0,48.9,   58,1025.1,0.00,5.4,1
2013-09-19,78.1,48.9,   63,1020.3,0.00,5.6,1
2013-09-20,78.1,54.0,   71,1017.6,0.00,6.0,1
2013-09-21,80.1,57.0,   79,1010.5,0.54,8.1,1
2013-09-22,72.0,54.0,   62,1008.8,0.23,11.9,1
2013-09-23,66.9,51.1,   53,1015.9,0.00,11.0,1
2013-09-24,75.9,46.9,   52,1014.9,0.00,8.1,1
2013-09-25,75.0,50.0,   53,1013.5,0.00,3.8,1
2013-09-26,70.0,54.0,   76,1016.6,0.00,6.7,1
2013-09-27,70.0,54.0,   67,1022.7,0.00,8.5,1
2013-09-28,73.9,55.0,   65,1025.1,0.00,6.0,1
2013-09-29,71.1,53.1,   74,1021.0,0.00,4.3,1
2013-09-30,73.9,53.1,   68,1016.9,0.00,5.1,1
2013-10-01,84.0,53.1,,,0.00,4.7,1
2013-10-02,86.0,57.9,,,0.00,7.6,1
2013-10-03,82.0,62.1,,,0.00,4.0,1
2013-10-04,89.1,63.0,,,0.00,5.6,1
2013-10-05,78.1,63.0,,,0.05,5.8,1
2013-10-06,70.0,64.9,,,0.00,6.9,1
2013-10-07,80.1,59.0,,,0.30,8.9,1
2013-10-08,70.0,52.0,,,0.00,8.7,1
2013-10-09,63.0,51.1,,,0.00,11.4,1
2013-10-10,63.0,53.1,,,0.02,13.4,1
2013-10-11,69.1,59.0,,,0.01,12.8,1
2013-10-12,73.0,59.0,,,0.00,13.4,1
2013-10-13,66.0,55.9,,,0.00,11.0,1
2013-10-14,66.9,48.9,,,0.00,4.3,1
2013-10-15,71.1,50.0,,,0.00,5.1,1
2013-10-16,68.0,54.0,,,0.00,4.9,1
2013-10-17,75.0,61.0,,,0.02,7.4,1
2013-10-18,73.9,51.1,,,0.00,13.0,1
2013-10-19,64.0,46.0,,,0.03,5.4,1
2013-10-20,64.9,45.0,,,0.00,10.1,1
2013-10-21,69.1,41.0,,,0.00,7.2,1
2013-10-22,68.0,46.9,,,0.00,6.9,1
2013-10-23,57.0,44.1,,,0.00,7.8,1
2013-10-24,57.0,39.0,,,0.00,12.3,1
2013-10-25,55.0,37.0,,,0.00,10.1,1
2013-10-26,57.0,33.1,,,0.00,11.6,1
2013-10-27,61.0,39.9,,,0.00,10.5,1
2013-10-28,64.0,36.0,,,0.00,7.8,1
2013-10-29,57.0,42.1,,,0.00,6.7,1
2013-10-30,62.1,42.1,,,0.00,3.6,1
2013-10-31,68.0,52.0,,,0.08,5.8,1
2013-11-01,71.1,59.0,   76,1003.0,0.13,14.1,0
2013-11-02,68.0,52.0,   59,1005.4,0.00,5.8,0
2013-11-03,53.1,36.0,   53,1020.7,0.00,8.5,0
2013-11-04,46.9,32.0,   40,1036.2,0.00,8.5,0
2013-11-05,55.0,35.1,   64,1035.9,0.00,4.9,0
2013-11-06,62.1,44.1,   73,1026.1,0.00,4.3,0
2013-11-07,64.0,42.1,   78,1012.2,0.09,10.1,0
2013-11-08,51.1,39.0,   49,1018.3,0.00,12.8,0
2013-11-09,52.0,35.1,   53,1022.4,0.00,8.5,0
2013-11-10,61.0,37.9,   52,1013.9,0.00,15.4,0
2013-11-11,53.1,37.9,   43,1019.3,0.00,10.5,0
2013-11-12,51.1,30.2,   55,1021.0,0.02,13.6,0
2013-11-13,41.0,28.2,   44,1027.1,0.00,11.4,0
2013-11-14,55.0,31.1,   37,1023.4,0.00,11.9,0
2013-11-15,57.9,34.0,   45,1023.0,0.00,5.8,0
2013-11-16,60.1,43.0,   72,1025.7,0.05,3.6,0
2013-11-17,60.1,48.0,   91,1019.0,0.00,2.9,0
2013-11-18,66.9,50.0,   49,1005.1,0.17,13.4,0
2013-11-19,51.1,36.0,   43,1018.6,0.00,16.3,0
2013-11-20,45.0,30.2,   45,1033.9,0.00,9.4,0
2013-11-21,51.1,27.1,   64,1033.9,0.00,5.6,0
2013-11-22,57.9,48.0,   79,1019.6,0.03,7.6,0
2013-11-23,54.0,30.2,   45,1015.2,0.00,17.2,0
2013-11-24,31.1,23.2,   35,1023.0,0.00,19.0,0
2013-11-25,37.0,21.2,   43,1029.8,0.00,9.4,0
2013-11-26,52.0,33.1,   67,1022.7,0.57,5.8,0
2013-11-27,62.1,34.0,   84,998.3,1.91,15.0,0
2013-11-28,37.0,29.1,   41,1023.7,0.00,13.6,0
2013-11-29,41.0,27.1,   51,1036.2,0.00,8.1,0
2013-11-30,37.9,23.2,   59,1037.3,0.00,6.7,0
2013-12-01,51.1,32.0,   61,1021.3,0.00,4.7,0
2013-12-02,51.1,37.9,   65,1014.2,0.00,2.7,0
2013-12-03,55.0,36.0,   70,1013.5,0.00,5.4,0
2013-12-04,51.1,36.0,   77,1019.0,0.00,3.8,0
2013-12-05,59.0,46.9,   93,1016.9,0.01,2.2,0
2013-12-06,62.1,37.0,   90,1016.3,0.80,10.5,0
2013-12-07,42.1,31.1,   65,1026.8,0.15,11.2,0
2013-12-08,34.0,27.1,   66,1033.5,0.10,8.3,0
2013-12-09,37.9,30.2,   95,1019.0,0.34,10.1,0
2013-12-10,35.1,27.1,   86,1015.6,0.27,9.2,0
2013-12-11,33.1,23.2,   60,1024.7,0.00,11.6,0
2013-12-12,28.2,20.1,   50,1025.4,0.00,11.6,0
2013-12-13,35.1,17.2,   53,1023.0,0.00,10.3,0
2013-12-14,32.0,20.1,   85,1026.1,0.48,13.2,0
2013-12-15,39.0,30.2,   79,1004.7,0.41,12.3,0
2013-12-16,32.0,23.2,   52,1018.6,0.00,11.4,0
2013-12-17,30.2,23.2,   81,1018.3,0.18,8.5,0
2013-12-18,37.0,21.2,   67,1017.9,0.00,9.6,0
2013-12-19,44.1,23.2,   66,1020.0,0.00,5.6,0
2013-12-20,50.0,33.1,   67,1017.3,0.00,5.4,0
2013-12-21,64.0,42.1,   79,1014.2,0.00,6.9,0
2013-12-22,71.1,57.0,   77,1012.2,0.03,13.0,0
2013-12-23,62.1,42.1,   88,1015.9,0.53,8.5,0
2013-12-24,43.0,26.2,   52,1022.0,0.00,14.1,0
2013-12-25,30.2,19.2,   46,1032.2,0.00,8.3,0
2013-12-26,36.0,27.1,   64,1025.4,0.00,5.8,0
2013-12-27,42.1,28.2,   55,1026.8,0.00,7.6,0
2013-12-28,57.0,26.2,   52,1021.7,0.00,10.5,0
2013-12-29,45.0,39.0,   77,1009.1,1.32,8.7,0
2013-12-30,46.0,23.2,   67,1015.6,0.00,12.3,0
2013-12-31,32.0,20.1,   52,1021.7,0.00,10.1,0
2014-01-01,33.1,21.2,   55,1027.8,0.00,5.6,0
2014-01-02,33.1,15.3,   81,1014.6,0.20,15.9,0
2014-01-03,19.2,8.2,   62,1019.3,0.32,15.4,0
2014-01-04,25.2,6.3,   54,1030.5,0.00,4.9,0
2014-01-05,48.0,14.2,   88,1021.7,0.15,3.4,0
2014-01-06,57.9,16.2,   73,1001.0,0.37,16.3,0
2014-01-07,16.2,3.2,   39,1021.7,0.00,21.9,0
2014-01-08,22.1,8.2,   45,1032.8,0.00,10.3,0
2014-01-09,34.0,19.2,   48,1036.2,0.00,4.3,0
2014-01-10,35.1,26.2,   84,1030.1,0.17,3.8,0
2014-01-11,61.0,35.1,   96,1005.8,0.59,8.5,0
2014-01-12,54.0,33.1,   59,1008.5,0.03,12.5,0
2014-01-13,53.1,31.1,   67,1017.3,0.00,4.7,0
2014-01-14,48.9,39.9,   86,1008.8,0.35,5.8,0
2014-01-15,46.0,32.0,   94,1013.5,0.00,2.9,0
2014-01-16,43.0,34.0,   73,1012.5,0.00,7.4,0
2014-01-17,46.0,27.1,   63,1013.9,0.00,4.0,0
2014-01-18,41.0,26.2,   72,1008.1,0.11,10.5,0
2014-01-19,37.0,22.1,   57,1007.8,0.00,12.5,0
2014-01-20,46.9,32.0,   55,1005.8,0.00,13.6,0
2014-01-21,32.0,11.1,   73,1013.5,0.40,17.0,0
2014-01-22,16.2,5.2,   50,1011.5,0.00,15.4,0
2014-01-23,21.2,5.2,   55,1021.7,0.00,10.7,0
2014-01-24,20.1,8.2,   50,1025.7,0.00,11.9,0
2014-01-25,26.2,17.2,   69,1004.7,0.04,13.4,0
2014-01-26,28.2,16.2,   52,1009.1,0.00,11.9,0
2014-01-27,43.0,20.1,   54,1008.8,0.00,11.0,0
2014-01-28,20.1,12.2,   39,1025.7,0.00,10.3,0
2014-01-29,22.1,12.2,   50,1022.7,0.05,10.7,0
2014-01-30,28.2,10.2,   48,1028.1,0.00,6.5,0
2014-01-31,39.0,22.1,   49,1021.3,0.00,8.1,0
2014-02-01,44.1,28.2,   61,1023.4,0.00,2.5,0
2014-02-02,55.0,28.2,   73,1014.9,0.01,5.6,0
2014-02-03,42.1,24.3,   91,1021.3,0.90,11.4,0
2014-02-04,35.1,18.1,   73,1029.1,0.00,4.5,0
2014-02-05,34.0,29.1,   92,1011.9,1.44,9.6,0
2014-02-06,31.1,21.2,   67,1023.7,0.00,9.4,0
2014-02-07,32.0,22.1,   61,1025.4,0.00,10.5,0
2014-02-08,29.1,19.2,   48,1024.7,0.00,5.8,0
2014-02-09,29.1,17.2,   61,1019.6,0.09,4.7,0
2014-02-10,29.1,20.1,   55,1021.0,0.00,10.5,0
2014-02-11,26.2,16.2,   49,1028.8,0.00,11.0,0
2014-02-12,25.2,7.2,   59,1032.2,0.00,8.9,0
2014-02-13,35.1,22.1,   93,1003.4,1.35,18.3,0
2014-02-14,39.9,28.2,   69,997.0,0.22,17.2,0
2014-02-15,37.0,26.2,   77,1005.8,0.37,11.9,0
2014-02-16,30.2,19.2,   56,1014.2,0.00,12.5,0
2014-02-17,33.1,15.3,   43,1026.8,0.00,6.7,0
2014-02-18,39.9,27.1,   73,1019.3,0.16,7.2,0
2014-02-19,43.0,25.2,   83,1012.5,0.24,4.7,0
2014-02-20,48.9,33.1,   64,1021.3,0.02,4.9,0
2014-02-21,45.0,35.1,   95,1011.2,0.11,6.9,0
2014-02-22,52.0,31.1,   58,1015.9,0.00,10.5,0
2014-02-23,54.0,33.1,   53,1013.9,0.00,4.3,0
2014-02-24,42.1,27.1,   48,1013.5,0.00,15.2,0
2014-02-25,35.1,24.3,   47,1016.6,0.00,10.7,0
2014-02-26,34.0,17.2,   50,1012.5,0.03,10.5,0
2014-02-27,34.0,13.1,   39,1009.1,0.00,12.5,0
2014-02-28,25.2,9.1,   33,1027.8,0.00,8.1,0
2014-03-01,39.9,17.2,   48,1026.4,0.00,4.0,0
2014-03-02,41.0,31.1,   54,1017.6,0.00,6.3,0
2014-03-03,33.1,16.2,   44,1022.4,0.01,14.1,0
2014-03-04,30.2,12.2,   39,1027.4,0.00,6.5,0
2014-03-05,39.9,25.2,   37,1025.4,0.00,6.9,0
2014-03-06,31.1,15.3,   46,1034.5,0.00,10.3,0
2014-03-07,37.9,26.2,   65,1022.7,0.00,11.2,0
2014-03-08,59.0,34.0,   53,1010.8,0.00,8.5,0
2014-03-09,46.9,37.0,   39,1014.9,0.00,12.1,0
2014-03-10,54.0,37.0,   46,1007.8,0.00,7.6,0
2014-03-11,66.9,37.9,   48,1003.4,0.00,7.4,0
2014-03-12,59.0,31.1,   74,992.9,0.26,7.6,0
2014-03-13,31.1,19.2,   37,1006.1,0.00,23.3,0
2014-03-14,48.9,20.1,   38,1019.0,0.00,9.6,0
2014-03-15,61.0,42.1,   36,1010.5,0.00,16.3,0
2014-03-16,42.1,30.2,   32,1021.0,0.00,14.8,0
2014-03-17,34.0,23.2,   34,1019.0,0.00,12.5,0
2014-03-18,43.0,24.3,   48,1024.0,0.00,7.8,0
2014-03-19,46.0,31.1,   79,1020.3,0.62,9.2,0
2014-03-20,55.0,39.9,   58,1009.1,0.00,16.3,0
2014-03-21,55.0,37.0,   36,1015.2,0.00,12.1,0
2014-03-22,66.0,39.0,   44,1011.9,0.00,13.2,0
2014-03-23,44.1,27.1,   38,1017.3,0.00,13.9,0
2014-03-24,37.0,21.2,   34,1022.4,0.00,11.6,0
2014-03-25,39.0,22.1,   44,1016.9,0.00,6.7,0
2014-03-26,37.9,24.3,   35,1013.9,0.00,21.9,0
2014-03-27,46.0,22.1,   35,1027.4,0.00,9.6,0
2014-03-28,63.0,35.1,   70,1018.3,0.03,7.8,0
2014-03-29,55.0,44.1,   87,1016.6,2.29,10.3,0
2014-03-30,48.0,41.0,   89,1000.7,0.32,18.3,0
2014-03-31,55.9,37.0,   63,1012.9,0.12,15.7,0
2014-04-01,61.0,37.0,   55,1018.3,0.00,6.3,0
2014-04-02,53.1,41.0,   79,1018.6,0.02,2.5,0
2014-04-03,64.0,42.1,   50,1018.3,0.10,4.9,0
2014-04-04,46.9,41.0,   86,1014.6,0.25,9.4,0
2014-04-05,57.0,39.9,   57,1011.9,0.00,16.1,0
2014-04-06,62.1,35.1,   42,1021.7,0.00,7.4,0
2014-04-07,51.1,39.9,   74,1016.9,0.47,5.8,0
2014-04-08,66.9,45.0,   67,999.3,0.33,12.3,0
2014-04-09,64.9,44.1,   39,1008.5,0.00,13.0,0
2014-04-10,64.0,37.9,   36,1019.6,0.00,9.2,0
2014-04-11,77.0,52.0,   48,1015.2,0.00,9.6,0
2014-04-12,73.9,50.0,   46,1021.3,0.00,7.4,0
2014-04-13,82.9,51.1,   55,1018.6,0.00,9.2,0
2014-04-14,80.1,62.1,   61,1013.5,0.00,15.0,0
2014-04-15,66.9,33.1,   87,1006.4,0.78,15.0,0
2014-04-16,50.0,31.1,   41,1027.4,0.01,15.0,0
2014-04-17,46.9,34.0,   56,1038.3,0.00,9.4,0
2014-04-18,48.9,36.0,   62,1030.5,0.00,5.6,0
2014-04-19,69.1,37.9,   40,1024.7,0.00,9.2,0
2014-04-20,54.0,42.1,   44,1030.1,0.00,8.1,0
2014-04-21,64.0,37.0,   50,1018.6,0.00,4.9,0
2014-04-22,75.9,48.0,   62,1003.7,0.00,9.4,0
2014-04-23,63.0,44.1,   49,1004.1,0.00,20.1,0
2014-04-24,64.0,42.1,   24,1013.2,0.00,19.0,0
2014-04-25,59.0,42.1,   41,1013.9,0.04,7.2,0
2014-04-26,68.0,46.9,   72,1008.1,0.66,8.5,0
2014-04-27,60.1,46.0,   47,1015.9,0.00,14.1,0
2014-04-28,66.0,43.0,   47,1018.6,0.00,6.7,0
2014-04-29,52.0,44.1,   73,1027.1,0.05,13.4,0
2014-04-30,55.0,42.1,   93,1023.4,5.24,10.5,0
2014-05-01,78.1,54.0,   69,1007.5,0.07,9.2,1
2014-05-02,70.0,55.9,   44,1008.5,0.01,11.0,1
2014-05-03,72.0,48.0,   53,1009.5,0.02,7.8,1
2014-05-04,66.0,53.1,   46,1007.1,0.00,17.4,1
2014-05-05,71.1,48.9,   33,1011.2,0.00,13.2,1
2014-05-06,75.0,52.0,   31,1014.2,0.00,9.6,1
2014-05-07,69.1,46.9,   40,1022.0,0.00,8.5,1
2014-05-08,59.0,52.0,   90,1021.0,0.43,4.3,1
2014-05-09,61.0,55.9,   93,1019.6,0.00,4.7,1
2014-05-10,84.0,55.9,   80,1012.2,0.51,9.6,1
2014-05-11,82.9,59.0,   41,1016.3,0.01,9.6,1
2014-05-12,84.9,57.9,   53,1017.9,0.00,4.9,1
2014-05-13,71.1,52.0,   61,1022.0,0.00,8.7,1
2014-05-14,66.9,52.0,   79,1025.1,0.00,5.4,1
2014-05-15,70.0,61.0,   92,1021.0,0.06,5.8,1
2014-05-16,68.0,59.0,   94,1012.9,0.86,11.2,1
2014-05-17,70.0,53.1,   52,1016.3,0.00,8.1,1
2014-05-18,66.9,50.0,   43,1021.0,0.00,9.2,1
2014-05-19,73.0,50.0,   38,1020.7,0.00,9.6,1
2014-05-20,80.1,55.0,   33,1017.6,0.00,9.4,1
2014-05-21,75.0,64.9,   52,1013.9,0.00,6.7,1
2014-05-22,66.0,59.0,   88,1010.5,0.34,4.9,1
2014-05-23,69.1,57.0,   84,1011.9,1.45,4.3,1
2014-05-24,71.1,55.9,   79,1016.6,0.27,6.9,1
2014-05-25,82.9,53.1,   54,1017.9,0.00,5.1,1
2014-05-26,88.0,60.1,   41,1014.9,0.00,12.1,1
2014-05-27,88.0,68.0,   52,1010.5,0.00,9.2,1
2014-05-28,72.0,55.0,   76,1015.6,0.00,9.2,1
2014-05-29,64.0,52.0,   61,1022.4,0.00,6.7,1
2014-05-30,75.0,55.9,   55,1017.9,0.00,6.5,1
2014-05-31,73.9,55.0,   53,1021.7,0.00,12.3,1
2014-06-01,77.0,54.0,   42,1026.1,0.00,6.0,1
2014-06-02,84.0,53.1,   48,1020.7,0.00,9.2,1
2014-06-03,88.0,64.0,   69,1012.5,0.72,6.3,1
2014-06-04,84.0,64.9,   69,1008.8,0.00,5.8,1
2014-06-05,78.1,62.1,   69,1005.8,0.58,11.6,1
2014-06-06,78.1,62.1,   50,1011.5,0.00,11.6,1
2014-06-07,84.9,62.1,   49,1014.6,0.00,6.5,1
2014-06-08,84.9,63.0,   51,1013.2,0.00,5.6,1
2014-06-09,72.0,63.0,   88,1013.9,1.87,6.0,1
2014-06-10,79.0,64.0,   82,1013.9,0.00,5.6,1
2014-06-11,72.0,63.0,   80,1018.3,0.00,8.1,1
2014-06-12,73.0,61.0,   91,1016.3,0.00,5.8,1
2014-06-13,82.9,66.9,   90,1009.1,1.03,4.5,1
2014-06-14,77.0,60.1,   62,1012.9,0.00,12.1,1
2014-06-15,82.0,59.0,   51,1018.3,0.00,10.1,1
2014-06-16,81.0,61.0,   58,1019.3,0.00,6.3,1
2014-06-17,91.0,70.0,   58,1015.2,0.00,7.6,1
2014-06-18,91.9,75.0,   48,1012.2,0.00,13.0,1
2014-06-19,79.0,69.1,   72,1015.2,0.00,8.5,1
2014-06-20,82.9,61.0,   37,1014.6,0.00,10.3,1
2014-06-21,75.9,60.1,   50,1013.5,0.00,7.4,1
2014-06-22,79.0,62.1,   57,1014.9,0.00,6.0,1
2014-06-23,82.0,64.0,   57,1019.3,0.00,6.9,1
2014-06-24,84.0,64.9,   59,1019.0,0.00,10.1,1
2014-06-25,86.0,69.1,   77,1013.2,0.04,9.4,1
2014-06-26,89.1,71.1,   66,1011.2,0.17,9.8,1
2014-06-27,82.9,66.9,   62,1019.6,0.00,5.6,1
2014-06-28,87.1,64.0,   52,1024.0,0.00,5.4,1
2014-06-29,84.0,64.0,   56,1022.4,0.00,6.9,1
2014-06-30,86.0,66.0,   64,1016.6,0.00,8.3,1
2014-07-01,95.0,71.1,   63,1011.9,0.00,10.7,1
2014-07-02,96.1,73.0,   74,1011.9,1.11,8.1,1
2014-07-03,88.0,70.0,   81,1013.9,1.41,5.8,1
2014-07-04,75.9,66.0,   71,1014.6,0.08,14.3,1
2014-07-05,84.0,62.1,   44,1019.3,0.00,11.6,1
2014-07-06,88.0,61.0,   48,1016.3,0.00,10.5,1
2014-07-07,93.0,72.0,   52,1009.8,0.00,15.7,1
2014-07-08,95.0,72.0,   60,1007.8,0.20,13.4,1
2014-07-09,90.0,71.1,   59,1011.5,0.00,9.4,1
2014-07-10,84.9,71.1,   62,1018.6,0.00,6.5,1
2014-07-11,86.0,70.0,   58,1022.0,0.00,6.9,1
2014-07-12,84.9,69.1,   60,1022.0,0.00,7.4,1
2014-07-13,86.0,71.1,   77,1015.9,0.62,10.3,1
2014-07-14,84.9,72.0,   85,1011.9,0.60,5.1,1
2014-07-15,88.0,72.0,   88,1008.1,0.46,5.4,1
2014-07-16,84.0,70.0,   63,1009.5,0.00,7.6,1
2014-07-17,84.0,64.9,   52,1015.6,0.00,8.5,1
2014-07-18,82.9,64.0,   48,1022.7,0.00,6.7,1
2014-07-19,78.1,68.0,   54,1022.7,0.00,5.6,1
2014-07-20,79.0,66.9,   71,1020.3,0.00,7.6,1
2014-07-21,84.9,66.0,   64,1021.3,0.00,4.9,1
2014-07-22,90.0,66.9,   62,1019.6,0.00,8.5,1
2014-07-23,91.9,71.1,   69,1012.2,0.19,9.4,1
2014-07-24,82.9,71.1,   59,1010.8,0.00,9.6,1
2014-07-25,84.9,66.0,   53,1015.2,0.00,8.7,1
2014-07-26,82.0,66.0,   70,1014.2,0.18,8.5,1
2014-07-27,90.0,69.1,   71,1007.1,0.04,8.3,1
2014-07-28,84.9,66.9,   68,1001.7,0.21,12.3,1
2014-07-29,78.1,63.0,   52,1011.5,0.00,9.2,1
2014-07-30,82.0,63.0,   50,1016.3,0.00,6.7,1
2014-07-31,86.0,63.0,   60,1019.0,0.00,7.6,1
2014-08-01,84.9,70.0,   76,1022.0,0.00,5.8,1
2014-08-02,75.9,66.0,   77,1020.7,0.51,7.2,1
2014-08-03,78.1,66.9,   78,1018.6,0.07,3.6,1
2014-08-04,86.0,69.1,   67,1017.3,0.00,6.0,1
2014-08-05,89.1,68.0,   60,1014.9,0.00,6.0,1
2014-08-06,86.0,71.1,   55,1011.5,0.00,8.9,1
2014-08-07,86.0,66.0,   44,1013.9,0.00,10.3,1
2014-08-08,84.0,62.1,   46,1017.6,0.00,7.4,1
2014-08-09,88.0,64.9,   48,1019.0,0.00,4.3,1
2014-08-10,88.0,64.0,   49,1019.6,0.00,5.8,1
2014-08-11,84.9,68.0,   58,1019.6,0.00,6.5,1
2014-08-12,80.1,72.0,   79,1015.2,0.25,11.2,1
2014-08-13,86.0,69.1,   72,1006.1,0.34,13.0,1
2014-08-14,81.0,62.1,   50,1010.8,0.00,10.5,1
2014-08-15,75.0,59.0,   53,1013.9,0.00,8.5,1
2014-08-16,81.0,57.9,   52,1014.6,0.00,8.1,1
2014-08-17,86.0,64.9,   54,1011.2,0.00,9.8,1
2014-08-18,84.0,63.0,   51,1011.5,0.00,8.5,1
2014-08-19,82.0,63.0,   66,1012.5,0.00,6.7,1
2014-08-20,82.9,69.1,   61,1015.2,0.00,4.9,1
2014-08-21,80.1,66.0,   69,1016.9,0.31,6.7,1
2014-08-22,77.0,66.9,   74,1016.9,0.24,4.9,1
2014-08-23,73.9,68.0,   71,1018.6,0.00,5.6,1
2014-08-24,81.0,63.0,   67,1020.3,0.00,6.7,1
2014-08-25,87.1,61.0,   56,1020.7,0.00,4.5,1
2014-08-26,87.1,68.0,   64,1020.0,0.00,5.8,1
2014-08-27,93.0,66.9,   57,1014.2,0.00,6.7,1
2014-08-28,82.0,66.0,   47,1013.2,0.00,13.6,1
2014-08-29,79.0,61.0,   52,1021.7,0.00,6.0,1
2014-08-30,78.1,62.1,   68,1023.0,0.00,5.8,1
2014-08-31,93.0,71.1,   73,1017.3,0.04,9.4,1
2014-09-01,91.9,73.9,   72,1014.6,0.00,7.4,1
2014-09-02,95.0,75.0,   61,1011.2,0.00,11.0,1
2014-09-03,88.0,72.0,   51,1015.9,0.00,8.3,1
2014-09-04,87.1,64.9,   57,1021.0,0.00,6.0,1
2014-09-05,87.1,70.0,   82,1019.3,0.24,5.8,1
2014-09-06,95.0,68.0,   77,1012.9,0.10,9.6,1
2014-09-07,82.0,64.9,   60,1018.6,0.00,7.2,1
2014-09-08,77.0,62.1,   61,1025.1,0.00,9.2,1
2014-09-09,75.0,62.1,   73,1023.0,0.02,10.5,1
2014-09-10,79.0,63.0,   70,1018.6,0.00,7.6,1
2014-09-11,86.0,66.0,   71,1012.5,0.00,10.7,1
2014-09-12,80.1,61.0,   54,1019.0,0.00,10.3,1
2014-09-13,69.1,57.9,   79,1020.7,0.22,9.4,1
2014-09-14,72.0,53.1,   59,1023.0,0.00,6.7,1
2014-09-15,73.9,52.0,   57,1021.3,0.00,6.9,1
2014-09-16,72.0,57.9,   71,1015.9,0.53,5.4,1
2014-09-17,73.9,53.1,   55,1016.3,0.00,5.8,1
2014-09-18,78.1,54.0,   53,1016.3,0.00,6.3,1
2014-09-19,66.0,54.0,   62,1026.1,0.00,10.3,1
2014-09-20,73.9,57.9,   70,1022.7,0.00,6.3,1
2014-09-21,75.9,66.0,   86,1008.1,0.07,3.8,1
2014-09-22,73.0,54.0,   55,1013.2,0.00,12.8,1
2014-09-23,73.9,50.0,   55,1026.4,0.00,3.8,1
2014-09-24,72.0,55.0,   65,1032.8,0.00,8.3,1
2014-09-25,64.9,57.9,   83,1026.4,0.34,12.8,1
2014-09-26,78.1,55.9,   58,1022.4,0.00,8.1,1
2014-09-27,84.0,55.9,   56,1022.0,0.00,4.5,1
2014-09-28,87.1,59.0,   64,1019.0,0.00,4.0,1
2014-09-29,79.0,64.9,   64,1014.2,0.00,5.1,1
2014-09-30,72.0,64.0,   73,1014.2,0.00,4.7,1
2014-10-01,66.0,61.0,   83,1016.9,0.00,10.5,1
2014-10-02,69.1,60.1,   75,1019.6,0.00,6.5,1
2014-10-03,70.0,55.9,   68,1015.9,0.00,6.7,1
2014-10-04,71.1,50.0,   76,1003.4,0.83,11.9,1
2014-10-05,62.1,44.1,   54,1011.5,0.00,10.3,1
2014-10-06,71.1,44.1,   61,1017.3,0.00,7.8,1
2014-10-07,72.0,62.1,   67,1015.6,0.04,11.0,1
2014-10-08,75.0,60.1,   56,1010.5,0.04,14.3,1
2014-10-09,70.0,52.0,   44,1015.9,0.00,10.7,1
2014-10-10,63.0,48.9,   52,1019.3,0.00,3.8,1
2014-10-11,59.0,48.9,   87,1019.0,0.36,8.5,1
2014-10-12,64.0,44.1,   64,1024.7,0.00,4.9,1
2014-10-13,64.9,48.0,   79,1025.7,0.04,3.4,1
2014-10-14,79.0,63.0,   80,1021.7,0.00,5.8,1
2014-10-15,75.9,69.1,   86,1014.6,0.23,8.3,1
2014-10-16,72.0,60.1,   78,1006.1,0.81,8.3,1
2014-10-17,73.9,57.9,   67,1005.8,0.00,10.5,1
2014-10-18,70.0,55.0,   65,1003.4,0.00,11.0,1
2014-10-19,55.9,43.0,   49,1013.2,0.00,14.3,1
2014-10-20,62.1,39.0,   56,1017.3,0.00,6.9,1
2014-10-21,66.9,53.1,   73,1011.9,0.00,5.8,1
2014-10-22,57.0,51.1,   88,1010.8,1.14,18.8,1
2014-10-23,55.0,51.1,   82,1006.8,0.63,16.1,1
2014-10-24,69.1,50.0,   58,1009.1,0.00,10.7,1
2014-10-25,70.0,48.0,   50,1007.5,0.00,10.1,1
2014-10-26,64.0,53.1,   46,1005.4,0.00,14.1,1
2014-10-27,64.9,48.0,   50,1015.2,0.00,8.3,1
2014-10-28,73.9,48.9,   65,1015.2,0.00,4.3,1
2014-10-29,73.9,48.9,   76,1012.2,0.02,7.8,1
2014-10-30,61.0,43.0,   64,1015.6,0.00,8.5,1
2014-10-31,54.0,41.0,   67,1014.2,0.01,9.8,1
2014-11-01,48.0,42.1,   81,1009.5,0.51,18.6,0
2014-11-02,50.0,39.9,   49,1012.2,0.00,21.9,0
2014-11-03,62.1,37.0,   37,1019.6,0.00,10.7,0
2014-11-04,71.1,48.9,   32,1019.6,0.00,8.5,0
2014-11-05,64.0,51.1,   50,1019.0,0.00,9.6,0
2014-11-06,53.1,48.0,   91,1010.5,0.43,4.7,0
2014-11-07,54.0,37.9,   65,1006.4,0.00,13.4,0
2014-11-08,48.9,32.0,   54,1015.2,0.00,9.4,0
2014-11-09,57.0,44.1,   55,1014.2,0.00,6.5,0
2014-11-10,61.0,37.0,   61,1020.3,0.00,3.8,0
2014-11-11,64.9,42.1,   82,1017.3,0.00,3.8,0
2014-11-12,66.0,45.0,   73,1013.9,0.00,6.9,0
2014-11-13,48.0,35.1,   63,1017.9,0.19,7.8,0
2014-11-14,44.1,34.0,   52,1017.9,0.03,11.2,0
2014-11-15,44.1,29.1,   49,1026.4,0.00,7.4,0
2014-11-16,44.1,29.1,   61,1025.4,0.02,5.1,0
2014-11-17,48.9,39.0,   92,1006.8,1.48,5.8,0
2014-11-18,44.1,23.2,   39,1012.2,0.00,20.6,0
2014-11-19,33.1,21.2,   41,1022.0,0.00,12.8,0
2014-11-20,46.9,30.2,   44,1014.2,0.00,12.8,0
2014-11-21,37.9,24.3,   39,1026.4,0.00,10.7,0
2014-11-22,45.0,23.2,   44,1028.4,0.00,10.3,0
2014-11-23,55.9,41.0,   46,1020.7,0.00,5.6,0
2014-11-24,73.9,50.0,   73,1005.4,0.36,15.2,0
2014-11-25,66.9,46.0,   48,1014.9,0.00,10.5,0
2014-11-26,48.9,32.0,   83,1015.6,1.10,13.0,0
2014-11-27,37.9,31.1,   79,1015.6,0.01,7.6,0
2014-11-28,39.0,26.2,   58,1022.0,0.00,10.1,0
2014-11-29,41.0,22.1,   57,1026.4,0.00,3.1,0
2014-11-30,52.0,41.0,   58,1020.3,0.00,6.5,0
2014-12-01,66.0,41.0,   67,1022.4,0.08,10.5,0
2014-12-02,43.0,33.1,   72,1033.2,0.07,11.4,0
2014-12-03,46.0,39.9,   87,1020.3,0.06,10.3,0
2014-12-04,46.9,32.0,   53,1029.1,0.00,8.9,0
2014-12-05,42.1,30.2,   78,1032.5,0.44,9.2,0
2014-12-06,48.0,39.9,   95,1022.4,1.09,6.0,0
2014-12-07,42.1,28.2,   50,1031.5,0.03,21.0,0
2014-12-08,36.0,23.2,   62,1035.2,0.00,14.8,0
2014-12-09,44.1,36.0,   88,1012.2,1.34,18.6,0
2014-12-10,42.1,33.1,   75,1003.4,0.01,14.3,0
2014-12-11,39.0,31.1,   71,1007.5,0.00,14.5,0
2014-12-12,39.9,31.1,   59,1014.9,0.00,12.3,0
2014-12-13,45.0,34.0,   62,1014.2,0.00,13.2,0
2014-12-14,46.9,36.0,   66,1012.9,0.00,10.3,0
2014-12-15,51.1,33.1,   68,1017.9,0.00,3.1,0
2014-12-16,48.0,32.0,   85,1016.3,0.22,4.5,0
2014-12-17,55.0,39.9,   72,1010.8,0.00,11.2,0
2014-12-18,45.0,37.0,   56,1014.6,0.00,14.3,0
2014-12-19,39.9,31.1,   59,1018.3,0.00,12.5,0
2014-12-20,33.1,31.1,   64,1025.1,0.00,7.2,0
2014-12-21,36.0,32.0,   73,1026.4,0.00,8.1,0
2014-12-22,46.0,34.0,   86,1024.7,0.05,7.4,0
2014-12-23,46.9,44.1,   97,1019.6,0.20,8.9,0
2014-12-24,54.0,45.0,   98,1009.8,1.13,4.9,0
2014-12-25,64.0,41.0,   62,1009.1,0.10,14.5,0
2014-12-26,51.1,34.0,   61,1023.0,0.00,8.7,0
2014-12-27,57.0,35.1,   63,1022.4,0.00,4.3,0
2014-12-28,55.0,42.1,   74,1014.2,0.09,7.8,0
2014-12-29,45.0,33.1,   47,1022.0,0.00,10.1,0
2014-12-30,35.1,26.2,   50,1028.1,0.00,8.9,0
2014-12-31,34.0,23.2,   47,1026.1,0.00,8.7,0
2015-01-01,39.0,20.1,   45,1018.6,0.00,12.5,0
2015-01-02,44.1,31.1,   48,1023.7,0.00,10.5,0
2015-01-03,39.0,26.2,   82,1030.5,0.79,6.9,0
2015-01-04,55.9,39.0,   92,1010.2,0.27,10.3,0
2015-01-05,48.0,20.1,   39,1020.7,0.00,19.2,0
2015-01-06,21.2,13.1,   69,1024.0,0.05,6.5,0
2015-01-07,25.2,8.2,   56,1017.9,0.00,17.0,0
2015-01-08,21.2,6.3,   49,1028.1,0.00,13.2,0
2015-01-09,33.1,17.2,   55,1018.6,0.04,14.3,0
2015-01-10,23.2,14.2,   46,1031.5,0.00,13.0,0
2015-01-11,37.9,15.3,   44,1036.2,0.00,7.4,0
2015-01-12,39.9,33.1,   83,1024.7,0.33,5.8,0
2015-01-13,37.0,14.2,   55,1033.5,0.00,15.7,0
2015-01-14,32.0,14.2,   64,1028.4,0.00,11.6,0
2015-01-15,36.0,25.2,   60,1018.3,0.00,8.9,0
2015-01-16,44.1,19.2,   49,1014.2,0.00,15.9,0
2015-01-17,30.2,15.3,   48,1027.1,0.00,7.6,0
2015-01-18,39.9,23.2,   91,1013.5,1.84,5.6,0
2015-01-19,43.0,34.0,   66,1009.8,0.00,14.1,0
2015-01-20,42.1,31.1,   54,1013.5,0.00,9.2,0
2015-01-21,34.0,22.1,   47,1020.7,0.00,5.6,0
2015-01-22,39.9,30.2,   59,1024.0,0.00,7.6,0
2015-01-23,39.9,25.2,   58,1023.0,0.00,7.2,0
2015-01-24,37.9,32.0,   88,1000.0,0.63,9.2,0
2015-01-25,42.1,29.1,   54,1008.1,0.00,12.8,0
2015-01-26,29.1,21.2,   79,1012.9,0.17,16.1,0
2015-01-27,29.1,19.2,   71,1006.1,0.23,17.2,0
2015-01-28,33.1,15.3,   41,1018.6,0.00,12.5,0
2015-01-29,32.0,12.2,   56,1023.4,0.03,4.5,0
2015-01-30,37.9,18.1,   68,1012.9,0.04,13.4,0
2015-01-31,26.2,13.1,   46,1020.7,0.00,16.3,0
2015-02-01,36.0,15.3,,,0.03,6.5,0
2015-02-02,34.0,14.2,,,1.14,14.3,0
2015-02-03,25.2,13.1,,,0.00,8.1,0
2015-02-04,39.9,18.1,,,0.00,2.0,0
2015-02-05,39.0,13.1,,,0.00,16.3,0
2015-02-06,27.1,9.1,,,0.00,10.1,0
2015-02-07,37.0,17.2,,,0.00,3.6,0
2015-02-08,36.0,31.1,,,0.00,8.5,0
2015-02-09,31.1,25.2,,,0.07,14.8,0
2015-02-10,37.9,25.2,,,0.00,15.9,0
2015-02-11,33.1,21.2,,,0.00,9.4,0
2015-02-12,39.9,15.3,,,0.00,11.4,0
2015-02-13,21.2,7.2,,,0.00,13.9,0
2015-02-14,31.1,13.1,,,0.04,5.8,0
2015-02-15,25.2,3.2,,,0.01,23.5,0
2015-02-16,21.2,2.1,,,0.00,11.2,0
2015-02-17,29.1,13.1,,,0.10,7.4,0
2015-02-18,31.1,10.2,,,0.00,5.1,0
2015-02-19,25.2,7.2,,,0.00,19.7,0
2015-02-20,20.1,1.2,,,0.00,15.0,0
2015-02-21,32.0,7.2,,,0.59,4.9,0
2015-02-22,42.1,31.1,,,0.08,3.4,0
2015-02-23,37.0,7.2,,,0.00,15.9,0
2015-02-24,22.1,4.1,,,0.00,7.2,0
2015-02-25,37.0,13.1,,,0.00,9.8,0
2015-02-26,29.1,20.1,,,0.00,12.3,0
2015-02-27,30.2,18.1,,,0.00,9.6,0
2015-02-28,31.1,13.1,,,0.00,6.0,0
2015-03-01,29.1,17.2,   67,1032.8,0.51,3.1,0
2015-03-02,39.0,27.1,   59,1021.7,0.00,12.8,0
2015-03-03,35.1,20.1,   68,1024.7,0.55,6.7,0
2015-03-04,44.1,34.0,   91,1010.8,0.22,7.8,0
2015-03-05,41.0,19.2,   82,1020.7,0.87,11.2,0
2015-03-06,27.1,12.2,   53,1031.5,0.00,7.6,0
2015-03-07,37.9,11.1,   55,1022.4,0.00,9.6,0
2015-03-08,48.0,30.2,   55,1018.6,0.00,8.5,0
2015-03-09,54.0,32.0,   52,1021.7,0.01,8.1,0
2015-03-10,53.1,34.0,   72,1022.4,0.43,2.0,0
2015-03-11,63.0,42.1,   64,1015.2,0.00,8.5,0
2015-03-12,48.9,35.1,   23,1029.5,0.00,16.8,0
2015-03-13,42.1,28.2,   42,1034.2,0.00,7.2,0
2015-03-14,51.1,37.9,   91,1014.6,0.86,4.7,0
2015-03-15,45.0,37.0,   62,1010.2,0.00,17.2,0
2015-03-16,53.1,33.1,   54,1013.5,0.00,6.5,0
2015-03-17,60.1,33.1,   50,1006.1,0.00,16.1,0
2015-03-18,44.1,27.1,   37,1017.9,0.00,15.9,0
2015-03-19,44.1,28.2,   29,1026.1,0.00,10.1,0
2015-03-20,37.9,29.1,   67,1024.4,0.36,8.7,0
2015-03-21,48.0,29.1,   75,1015.6,0.03,7.8,0
2015-03-22,45.0,28.2,   36,1017.9,0.00,14.8,0
2015-03-23,41.0,23.2,   32,1023.7,0.00,13.4,0
2015-03-24,46.0,25.2,   35,1027.1,0.00,6.3,0
2015-03-25,46.9,29.1,   63,1026.8,0.06,4.0,0
2015-03-26,64.0,41.0,   91,1009.8,0.39,3.6,0
2015-03-27,46.9,39.9,   66,1007.5,0.24,10.7,0
2015-03-28,45.0,27.1,   46,1012.2,0.00,15.9,0
2015-03-29,48.9,25.2,   28,1022.7,0.00,10.7,0
2015-03-30,57.9,36.0,   51,1011.9,0.00,15.0,0
2015-03-31,46.9,34.0,   69,1009.8,0.10,8.9,0
2015-04-01,54.0,33.1,   41,1018.3,0.00,11.4,0
2015-04-02,68.0,34.0,   39,1019.6,0.00,12.1,0
2015-04-03,64.0,59.0,   73,1008.5,0.05,11.0,0
2015-04-04,61.0,42.1,   43,1010.8,0.00,18.3,0
2015-04-05,64.0,35.1,   38,1021.7,0.00,12.5,0
2015-04-06,63.0,41.0,   55,1023.4,0.00,5.6,0
2015-04-07,60.1,44.1,   73,1023.0,0.12,8.1,0
2015-04-08,46.9,39.0,   69,1026.1,0.01,11.9,0
2015-04-09,43.0,37.9,   84,1025.4,0.02,9.4,0
2015-04-10,57.0,39.9,   89,1012.9,0.19,8.1,0
2015-04-11,61.0,45.0,   43,1016.3,0.00,15.0,0
2015-04-12,68.0,39.9,   44,1025.7,0.00,4.7,0
2015-04-13,71.1,45.0,   49,1024.4,0.00,8.7,0
2015-04-14,64.9,57.0,   51,1020.0,0.00,5.6,0
2015-04-15,73.0,50.0,   19,1022.7,0.00,13.6,0
2015-04-16,59.0,46.9,   39,1029.1,0.00,7.6,0
2015-04-17,73.0,54.0,   72,1016.6,0.07,10.3,0
2015-04-18,82.0,53.1,   37,1014.2,0.00,10.1,0
2015-04-19,62.1,46.9,   48,1022.7,0.00,10.7,0
2015-04-20,59.0,48.0,   91,1007.8,0.94,10.7,0
2015-04-21,68.0,52.0,   53,1004.4,0.21,11.2,0
2015-04-22,73.0,46.0,   52,1005.1,0.06,10.5,0
2015-04-23,53.1,39.9,   48,1007.8,0.00,15.7,0
2015-04-24,55.0,39.0,   37,1011.9,0.00,16.6,0
2015-04-25,62.1,36.0,   37,1009.5,0.00,10.1,0
2015-04-26,63.0,43.0,   39,1005.1,0.00,9.6,0
2015-04-27,64.0,46.0,   42,1005.1,0.00,12.8,0
2015-04-28,73.0,48.9,   40,1007.5,0.00,12.8,0
2015-04-29,78.1,50.0,   43,1005.4,0.00,10.1,0
2015-04-30,63.0,46.9,   58,1009.5,0.00,10.3,0
2015-05-01,59.0,46.9,   66,1014.6,0.00,6.3,1
2015-05-02,70.0,46.0,   59,1015.2,0.00,5.8,1
2015-05-03,78.1,46.9,   42,1018.6,0.00,5.1,1
2015-05-04,87.1,55.9,   36,1021.3,0.00,10.3,1
2015-05-05,86.0,62.1,   47,1021.7,0.00,6.3,1
2015-05-06,71.1,57.0,   46,1024.0,0.00,7.4,1
2015-05-07,78.1,53.1,   55,1022.0,0.00,4.7,1
2015-05-08,81.0,54.0,   63,1020.7,0.00,5.1,1
2015-05-09,66.9,57.9,   88,1024.7,0.00,3.6,1
2015-05-10,88.0,59.0,   73,1021.7,0.00,7.4,1
2015-05-11,84.9,66.0,   76,1017.9,0.17,7.4,1
2015-05-12,87.1,63.0,   58,1010.5,0.00,12.8,1
2015-05-13,73.0,53.1,   41,1019.0,0.00,16.3,1
2015-05-14,73.9,50.0,   34,1027.1,0.00,8.1,1
2015-05-15,75.0,51.1,   43,1024.7,0.00,8.5,1
2015-05-16,79.0,60.1,   72,1021.0,0.73,4.5,1
2015-05-17,84.0,68.0,   71,1019.6,0.00,4.9,1
2015-05-18,75.0,57.9,   79,1020.3,0.00,5.4,1
2015-05-19,82.0,57.0,   76,1012.2,0.00,4.9,1
2015-05-20,66.9,54.0,   47,1013.2,0.00,13.9,1
2015-05-21,62.1,51.1,   55,1014.6,0.00,6.3,1
2015-05-22,77.0,54.0,   44,1014.6,0.00,13.2,1
2015-05-23,71.1,48.9,   33,1027.8,0.00,10.5,1
2015-05-24,82.0,48.9,   42,1026.1,0.00,9.4,1
2015-05-25,90.0,60.1,   51,1023.0,0.00,11.4,1
2015-05-26,91.0,64.9,   54,1021.7,0.00,11.9,1
2015-05-27,88.0,69.1,   74,1020.3,0.20,9.2,1
2015-05-28,89.1,70.0,   65,1021.0,0.00,8.9,1
2015-05-29,84.0,63.0,   58,1024.4,0.00,6.7,1
2015-05-30,86.0,64.9,   67,1020.3,0.00,9.4,1
2015-05-31,88.0,61.0,   77,1016.6,3.73,10.1,1
2015-06-01,61.0,52.0,   95,1019.6,1.66,11.0,1
2015-06-02,57.0,48.9,   90,1020.3,0.47,8.1,1
2015-06-03,69.1,54.0,   75,1023.0,0.00,6.7,1
2015-06-04,66.9,55.9,   68,1024.0,0.00,7.4,1
2015-06-05,71.1,57.0,   78,1017.6,0.19,4.7,1
2015-06-06,78.1,61.0,   63,1014.2,0.15,9.6,1
2015-06-07,72.0,53.1,   52,1020.7,0.00,8.5,1
2015-06-08,84.0,62.1,   69,1012.5,0.10,11.4,1
2015-06-09,86.0,68.0,   65,1005.8,0.01,11.9,1
2015-06-10,86.0,64.9,   53,1010.8,0.00,8.1,1
2015-06-11,93.0,70.0,   58,1011.9,0.00,11.0,1
2015-06-12,89.1,73.0,   59,1012.2,0.00,8.5,1
2015-06-13,88.0,72.0,   49,1013.5,0.00,10.1,1
2015-06-14,87.1,66.0,   59,1016.9,0.35,5.6,1
2015-06-15,82.9,66.0,   89,1013.9,1.08,5.4,1
2015-06-16,77.0,66.0,   81,1012.2,0.04,5.8,1
2015-06-17,81.0,66.0,   64,1019.0,0.00,7.8,1
2015-06-18,69.1,64.9,   83,1016.9,0.00,6.5,1
2015-06-19,89.1,66.9,   64,1012.9,0.00,7.6,1
2015-06-20,73.9,64.9,   79,1016.3,0.02,7.4,1
2015-06-21,91.0,71.1,   72,1007.1,0.22,11.2,1
2015-06-22,90.0,71.1,   53,1013.9,0.00,9.6,1
2015-06-23,93.0,73.9,   68,1010.5,0.23,12.3,1
2015-06-24,86.0,68.0,   47,1015.2,0.00,10.3,1
2015-06-25,84.9,66.0,   49,1016.6,0.00,7.4,1
2015-06-26,81.0,70.0,   62,1015.2,0.00,6.9,1
2015-06-27,72.0,61.0,   72,1016.9,1.16,9.6,1
2015-06-28,75.9,62.1,   78,1005.8,0.22,10.5,1
2015-06-29,79.0,62.1,   59,1011.9,0.00,10.7,1
2015-06-30,82.9,66.0,   68,1012.9,0.00,7.6,1
2015-07-01,84.9,68.0,   66,1008.8,0.99,10.5,1
2015-07-02,81.0,68.0,   63,1011.9,0.00,4.9,1
2015-07-03,84.0,64.0,   54,1014.2,0.00,7.2,1
2015-07-04,79.0,70.0,   63,1014.6,0.00,5.8,1
2015-07-05,84.9,68.0,   62,1019.3,0.00,4.9,1
2015-07-06,82.9,70.0,   72,1020.3,0.00,6.0,1
2015-07-07,91.0,73.9,   71,1015.6,0.00,8.5,1
2015-07-08,90.0,77.0,   72,1013.5,0.03,8.3,1
2015-07-09,80.1,68.0,   78,1013.2,0.49,7.6,1
2015-07-10,86.0,71.1,   54,1013.9,0.00,10.7,1
2015-07-11,87.1,66.9,   50,1017.6,0.00,6.5,1
2015-07-12,91.0,68.0,   52,1015.9,0.00,6.0,1
2015-07-13,86.0,71.1,   59,1011.5,0.00,6.0,1
2015-07-14,81.0,73.0,   78,1003.7,0.03,5.4,1
2015-07-15,82.9,72.0,   74,1005.1,0.16,9.2,1
2015-07-16,81.0,63.0,   51,1016.6,0.00,9.8,1
2015-07-17,81.0,63.0,   66,1017.9,0.00,8.1,1
2015-07-18,89.1,72.0,   71,1013.5,0.13,8.9,1
2015-07-19,98.1,73.9,   60,1009.1,0.00,7.6,1
2015-07-20,97.0,80.1,   53,1005.4,0.00,8.9,1
2015-07-21,93.0,73.9,   54,1003.4,0.01,8.3,1
2015-07-22,87.1,68.0,   40,1008.5,0.00,11.0,1
2015-07-23,87.1,66.9,   39,1012.5,0.00,8.5,1
2015-07-24,89.1,66.9,   37,1013.5,0.00,6.3,1
2015-07-25,87.1,64.9,   49,1014.9,0.00,6.5,1
2015-07-26,93.0,71.1,   53,1014.6,0.00,10.7,1
2015-07-27,86.0,73.0,   69,1015.9,0.01,6.9,1
2015-07-28,93.9,72.0,   62,1014.9,0.00,4.7,1
2015-07-29,96.1,75.0,   54,1013.9,0.00,6.7,1
2015-07-30,90.0,75.9,   80,1011.2,0.84,9.2,1
2015-07-31,93.0,73.0,   44,1010.5,0.00,8.1,1
2015-08-01,91.0,73.0,   47,1009.1,0.00,10.5,1
2015-08-02,91.9,66.0,   43,1011.9,0.00,6.5,1
2015-08-03,93.0,70.0,   48,1009.5,0.00,11.2,1
2015-08-04,93.0,69.1,   53,1011.2,0.17,11.9,1
2015-08-05,90.0,69.1,   46,1012.5,0.00,8.9,1
2015-08-06,84.9,66.0,   44,1013.9,0.00,6.0,1
2015-08-07,84.0,66.9,   51,1012.5,0.00,8.7,1
2015-08-08,82.9,64.9,   56,1014.6,0.00,6.0,1
2015-08-09,84.9,69.1,   59,1015.9,0.00,7.6,1
2015-08-10,81.0,68.0,   65,1016.6,0.00,7.8,1
2015-08-11,82.0,71.1,   81,1008.8,0.96,9.6,1
2015-08-12,87.1,69.1,   55,1010.8,0.00,9.8,1
2015-08-13,84.9,68.0,   45,1016.9,0.00,7.6,1
2015-08-14,90.0,63.0,   51,1020.0,0.00,6.0,1
2015-08-15,93.9,68.0,   52,1019.0,0.00,7.4,1
2015-08-16,96.1,72.0,   53,1018.6,0.08,6.7,1
2015-08-17,97.0,73.0,   51,1017.6,0.00,7.6,1
2015-08-18,91.0,77.0,   63,1016.3,0.00,7.8,1
2015-08-19,86.0,75.9,   81,1016.6,0.00,7.8,1
2015-08-20,86.0,77.0,   79,1015.6,0.00,11.2,1
2015-08-21,89.1,72.0,   57,1015.9,0.19,10.1,1
2015-08-22,87.1,68.0,   46,1018.3,0.00,9.4,1
2015-08-23,84.0,66.0,   68,1014.9,0.00,6.7,1
2015-08-24,86.0,71.1,   65,1011.9,0.00,5.6,1
2015-08-25,93.0,73.0,   52,1010.5,0.00,8.9,1
2015-08-26,84.9,66.0,   46,1014.6,0.00,9.4,1
2015-08-27,84.0,64.0,   52,1017.9,0.00,8.7,1
2015-08-28,82.9,63.0,   49,1021.3,0.00,6.9,1
2015-08-29,88.0,63.0,   55,1021.0,0.00,5.6,1
2015-08-30,91.0,66.9,   59,1017.9,0.00,7.4,1
2015-08-31,93.9,75.0,   57,1015.6,0.00,9.4,1
2015-09-01,88.0,75.0,   62,1016.9,0.00,5.1,1
2015-09-02,91.0,71.1,   69,1014.6,0.00,4.3,1
2015-09-03,95.0,73.0,   54,1011.2,0.00,6.0,1
2015-09-04,84.0,72.0,   68,1018.3,0.00,9.2,1
2015-09-05,81.0,66.0,   62,1024.0,0.00,6.3,1
2015-09-06,84.0,60.1,   60,1022.0,0.00,5.6,1
2015-09-07,95.0,64.9,   56,1017.9,0.00,8.1,1
2015-09-08,98.1,72.0,   57,1015.2,0.00,9.2,1
2015-09-09,91.0,75.0,   75,1012.2,0.02,8.5,1
2015-09-10,80.1,69.1,   90,1008.8,0.98,10.3,1
2015-09-11,84.0,66.0,   68,1007.8,0.01,8.9,1
2015-09-12,79.0,66.0,   78,1007.1,0.00,8.1,1
2015-09-13,80.1,60.1,   68,1007.1,0.01,10.7,1
2015-09-14,78.1,55.9,   50,1017.3,0.00,11.9,1
2015-09-15,84.9,57.9,   46,1025.4,0.00,4.9,1
2015-09-16,88.0,62.1,   53,1025.1,0.00,3.8,1
2015-09-17,89.1,63.0,   54,1020.3,0.00,4.3,1
2015-09-18,84.9,64.0,   57,1016.3,0.00,4.0,1
2015-09-19,82.9,64.0,   77,1013.5,0.00,7.8,1
2015-09-20,81.0,60.1,   52,1015.6,0.00,12.8,1
2015-09-21,73.0,57.0,   48,1022.4,0.00,9.8,1
2015-09-22,71.1,60.1,   60,1024.4,0.00,9.8,1
2015-09-23,80.1,57.0,   59,1023.7,0.00,6.3,1
2015-09-24,81.0,55.0,   57,1025.4,0.00,7.2,1
2015-09-25,75.9,62.1,   60,1027.4,0.00,7.8,1
2015-09-26,72.0,60.1,   62,1030.1,0.00,9.2,1
2015-09-27,70.0,54.0,   68,1029.5,0.00,5.8,1
2015-09-28,79.0,66.0,   78,1022.7,0.00,5.6,1
2015-09-29,82.0,71.1,   85,1015.9,0.15,5.6,1
2015-09-30,80.1,59.0,   78,1008.5,1.16,15.4,1
2015-10-01,64.0,54.0,   75,1018.6,0.06,16.1,1
2015-10-02,54.0,48.0,   85,1022.7,1.28,19.2,1
2015-10-03,54.0,48.9,   83,1026.1,0.22,17.2,1
2015-10-04,63.0,52.0,   61,1025.4,0.00,14.1,1
2015-10-05,66.9,50.0,   67,1021.0,0.00,10.5,1
2015-10-06,75.0,50.0,   58,1016.3,0.00,5.6,1
2015-10-07,75.9,55.0,   64,1015.6,0.00,6.0,1
2015-10-08,70.0,55.9,   71,1019.3,0.00,3.8,1
2015-10-09,81.0,60.1,   79,1012.5,0.32,10.1,1
2015-10-10,66.0,48.9,   53,1018.3,0.00,7.4,1
2015-10-11,71.1,46.0,   62,1013.9,0.00,5.8,1
2015-10-12,78.1,48.9,   64,1009.1,0.00,5.1,1
2015-10-13,72.0,57.9,   72,1002.0,0.00,6.3,1
2015-10-14,71.1,55.0,   61,1007.8,0.00,9.4,1
2015-10-15,66.0,48.9,   56,1014.9,0.00,8.3,1
2015-10-16,66.0,48.0,   55,1014.9,0.00,9.8,1
2015-10-17,57.0,39.0,   48,1020.0,0.00,11.2,1
2015-10-18,52.0,35.1,   48,1025.7,0.00,11.9,1
2015-10-19,54.0,31.1,   50,1029.1,0.00,7.2,1
2015-10-20,72.0,45.0,   47,1023.4,0.00,12.3,1
2015-10-21,75.9,50.0,   57,1024.7,0.00,4.3,1
2015-10-22,77.0,50.0,   58,1020.7,0.00,8.7,1
2015-10-23,64.9,43.0,   44,1023.7,0.00,13.4,1
2015-10-24,57.0,39.0,   66,1026.8,0.00,7.6,1
2015-10-25,70.0,48.9,   67,1020.0,0.01,11.6,1
2015-10-26,61.0,44.1,   54,1030.1,0.00,5.8,1
2015-10-27,59.0,39.0,   64,1033.2,0.00,6.7,1
2015-10-28,70.0,54.0,   88,1017.3,1.42,13.6,1
2015-10-29,75.0,55.9,   58,1003.0,0.04,15.0,1
2015-10-30,62.1,45.0,   44,1013.9,0.00,11.4,1
2015-10-31,57.0,39.9,   61,1021.3,0.00,4.9,1
2015-11-01,66.0,50.0,   72,1013.9,0.00,10.1,0
2015-11-02,64.9,50.0,   62,1018.3,0.00,2.9,0
2015-11-03,75.0,45.0,   59,1022.0,0.00,3.8,0
2015-11-04,69.1,50.0,   70,1027.1,0.00,4.3,0
2015-11-05,71.1,54.0,   90,1023.7,0.01,3.1,0
2015-11-06,75.0,64.0,   80,1014.6,0.00,10.3,0
2015-11-07,71.1,53.1,   50,1016.3,0.00,8.7,0
2015-11-08,60.1,44.1,   46,1027.4,0.00,6.7,0
2015-11-09,61.0,37.0,   58,1029.5,0.00,2.5,0
2015-11-10,59.0,52.0,   86,1016.3,0.25,11.4,0
2015-11-11,62.1,51.1,   80,1010.8,0.16,10.5,0
2015-11-12,60.1,53.1,   82,1007.5,0.00,8.5,0
2015-11-13,61.0,46.9,   40,1005.4,0.00,18.8,0
2015-11-14,51.1,41.0,   44,1018.3,0.00,14.5,0
2015-11-15,60.1,35.1,   51,1023.7,0.00,9.4,0
2015-11-16,70.0,44.1,   46,1023.4,0.00,7.8,0
2015-11-17,53.1,39.0,   55,1033.2,0.00,7.6,0
2015-11-18,57.9,42.1,   71,1031.2,0.00,7.6,0
2015-11-19,64.0,57.9,   91,1020.0,0.83,10.5,0
2015-11-20,64.0,42.1,   45,1019.6,0.00,11.0,0
2015-11-21,51.1,39.0,   57,1021.7,0.00,6.3,0
2015-11-22,55.0,42.1,   54,1012.9,0.02,11.6,0
2015-11-23,46.0,32.0,   42,1017.9,0.00,12.3,0
2015-11-24,48.0,27.1,   49,1028.4,0.00,6.5,0
2015-11-25,51.1,31.1,   56,1040.3,0.00,2.2,0
2015-11-26,60.1,34.0,   79,1041.0,0.00,3.8,0
2015-11-27,66.0,42.1,   76,1030.5,0.00,5.1,0
2015-11-28,64.0,44.1,   78,1021.7,0.03,7.6,0
2015-11-29,50.0,37.0,   59,1024.7,0.00,10.3,0
2015-11-30,46.0,31.1,   66,1029.1,0.00,11.0,0
2015-12-01,52.0,42.1,   92,1021.3,0.36,7.4,0
2015-12-02,55.9,45.0,   96,1009.5,0.16,3.8,0
2015-12-03,55.0,44.1,   60,1013.2,0.00,13.2,0
2015-12-04,53.1,39.0,   55,1030.5,0.00,7.8,0
2015-12-05,54.0,35.1,   65,1037.6,0.00,2.7,0
2015-12-06,55.0,33.1,   69,1030.5,0.00,4.7,0
2015-12-07,57.9,34.0,   61,1020.3,0.00,6.0,0
2015-12-08,48.9,37.9,   65,1019.6,0.00,7.6,0
2015-12-09,53.1,33.1,   74,1019.0,0.00,3.4,0
2015-12-10,62.1,48.0,   75,1014.6,0.00,4.7,0
2015-12-11,60.1,46.0,   76,1013.9,0.00,5.1,0
2015-12-12,64.9,48.0,   74,1019.6,0.00,1.6,0
2015-12-13,68.0,54.0,   75,1020.3,0.00,3.6,0
2015-12-14,66.9,52.0,   92,1009.1,0.24,5.4,0
2015-12-15,68.0,52.0,   56,1002.4,0.05,18.1,0
2015-12-16,53.1,43.0,   63,1018.6,0.00,7.8,0
2015-12-17,59.0,50.0,   91,1010.8,1.02,4.9,0
2015-12-18,55.9,37.0,   62,1007.1,0.00,11.6,0
2015-12-19,41.0,34.0,   44,1019.0,0.00,16.6,0
2015-12-20,45.0,33.1,   47,1031.5,0.00,8.5,0
2015-12-21,54.0,34.0,   59,1023.7,0.00,6.3,0
2015-12-22,61.0,52.0,   87,1016.3,0.06,6.5,0
2015-12-23,66.0,50.0,   97,1017.9,1.44,4.3,0
2015-12-24,71.1,59.0,   82,1014.6,0.03,10.3,0
2015-12-25,63.0,54.0,   91,1021.3,0.03,1.1,0
2015-12-26,60.1,48.0,   56,1029.5,0.02,9.8,0
2015-12-27,62.1,46.0,   90,1015.2,0.08,9.8,0
2015-12-28,46.0,34.0,   58,1029.1,0.05,12.5,0
2015-12-29,45.0,34.0,   93,1019.3,0.60,9.4,0
2015-12-30,48.9,37.9,   89,1023.4,0.24,4.5,0
2015-12-31,48.9,42.1,   74,1017.9,0.02,9.2,0
2016-01-01,43.0,34.0,   56,1017.3,0.00,12.8,0
2016-01-02,42.1,30.2,   52,1016.9,0.00,9.4,0
2016-01-03,46.9,28.2,   57,1011.5,0.00,10.3,0
2016-01-04,35.1,14.2,   43,1019.0,0.00,17.2,0
2016-01-05,31.1,10.2,   37,1035.2,0.00,9.8,0
2016-01-06,42.1,15.3,   40,1033.2,0.00,5.4,0
2016-01-07,46.0,24.3,   42,1025.7,0.00,3.4,0
2016-01-08,45.0,31.1,   61,1022.4,0.00,8.1,0
2016-01-09,48.0,37.9,   83,1021.0,0.01,6.7,0
2016-01-10,64.9,39.0,   79,1001.0,1.77,15.4,0
2016-01-11,39.0,24.3,   37,1013.5,0.00,16.3,0
2016-01-12,44.1,22.1,   56,1011.2,0.01,8.7,0
2016-01-13,31.1,22.1,   44,1014.9,0.00,18.1,0
2016-01-14,39.0,23.2,   48,1014.2,0.00,8.1,0
2016-01-15,48.9,29.1,   69,1009.8,0.00,3.8,0
2016-01-16,55.0,42.1,   72,1000.7,0.26,11.6,0
2016-01-17,42.1,29.1,   67,1008.8,0.07,9.4,0
2016-01-18,30.2,18.1,   52,1010.8,0.03,17.2,0
2016-01-19,31.1,16.2,   44,1017.6,0.00,19.0,0
2016-01-20,39.0,27.1,   51,1020.7,0.00,9.4,0
2016-01-21,37.9,26.2,   47,1021.3,0.00,13.4,0
2016-01-22,30.2,20.1,   47,1023.4,0.03,10.3,0
2016-01-23,27.1,23.2,   95,1007.8,1.81,22.8,0
2016-01-24,36.0,17.2,   53,1014.6,0.01,9.4,0
2016-01-25,37.0,18.1,   63,1024.4,0.00,2.5,0
2016-01-26,46.0,25.2,   73,1017.3,0.00,5.8,0
2016-01-27,45.0,32.0,   56,1017.3,0.01,9.6,0
2016-01-28,42.1,24.3,   61,1012.9,0.00,4.0,0
2016-01-29,41.0,30.2,   61,1002.0,0.00,10.3,0
2016-01-30,39.0,25.2,   57,1016.6,0.00,8.3,0
2016-01-31,54.0,30.2,   65,1012.5,0.00,4.9,0
2016-02-01,57.9,36.0,   67,1010.8,0.02,8.1,0
2016-02-02,51.1,32.0,   56,1025.4,0.00,3.8,0
2016-02-03,57.9,39.0,   88,1017.3,0.61,6.5,0
2016-02-04,55.9,42.1,   66,1015.6,0.01,9.4,0
2016-02-05,43.0,31.1,   66,1022.4,0.48,12.5,0
2016-02-06,41.0,25.2,   59,1027.8,0.00,7.2,0
2016-02-07,46.9,28.2,   59,1019.3,0.00,4.7,0
2016-02-08,39.9,29.1,   67,1008.1,0.02,12.8,0
2016-02-09,36.0,27.1,   77,1003.7,0.02,6.0,0
2016-02-10,42.1,31.1,   67,1004.1,0.02,11.6,0
2016-02-11,31.1,19.2,   39,1014.6,0.00,19.9,0
2016-02-12,27.1,15.3,   43,1020.3,0.00,9.2,0
2016-02-13,24.3,7.2,   42,1019.0,0.00,19.7,0
2016-02-14,18.1,0.1,   30,1032.5,0.00,11.6,0
2016-02-15,33.1,10.2,   69,1029.5,0.42,6.9,0
2016-02-16,55.0,33.1,   85,1007.1,0.99,10.5,0
2016-02-17,41.0,32.0,   65,1016.3,0.00,9.6,0
2016-02-18,37.9,27.1,   38,1029.8,0.00,13.4,0
2016-02-19,37.9,19.2,   56,1031.2,0.00,6.9,0
2016-02-20,64.0,37.9,   49,1013.2,0.00,11.9,0
2016-02-21,55.9,37.9,   59,1012.9,0.08,5.6,0
2016-02-22,54.0,35.1,   54,1020.0,0.00,6.9,0
2016-02-23,42.1,34.0,   78,1024.7,0.27,12.8,0
2016-02-24,63.0,36.0,   94,1008.5,1.02,11.4,0
2016-02-25,64.0,35.1,   70,993.6,0.05,18.6,0
2016-02-26,39.0,28.2,   39,1011.9,0.00,17.9,0
2016-02-27,43.0,24.3,   44,1017.9,0.00,9.6,0
2016-02-28,62.1,35.1,   43,1012.2,0.00,12.3,0
2016-02-29,62.1,42.1,   53,1006.4,0.03,13.6,0
2016-03-01,53.1,39.0,   56,1015.9,0.00,9.4,0
2016-03-02,57.0,29.1,   47,1007.5,0.12,19.0,0
2016-03-03,37.9,26.2,   40,1023.4,0.00,9.4,0
2016-03-04,39.9,29.1,   70,1019.0,0.12,11.2,0
2016-03-05,43.0,28.2,   50,1021.7,0.00,5.8,0
2016-03-06,46.9,27.1,   45,1025.1,0.00,4.9,0
2016-03-07,63.0,31.1,   58,1020.7,0.00,10.5,0
2016-03-08,64.9,45.0,   58,1020.0,0.00,3.8,0
2016-03-09,82.0,42.1,   49,1017.9,0.00,6.9,0
2016-03-10,81.0,59.0,   46,1014.2,0.00,8.5,0
2016-03-11,69.1,48.0,   54,1020.0,0.03,11.4,0
2016-03-12,60.1,37.9,   54,1023.0,0.00,8.1,0
2016-03-13,62.1,48.9,   48,1017.3,0.00,6.5,0
2016-03-14,52.0,41.0,   80,1017.3,0.52,14.3,0
2016-03-15,57.0,45.0,   80,1009.1,0.00,9.4,0
2016-03-16,64.0,46.0,   74,1009.8,0.03,3.6,0
2016-03-17,66.0,44.1,   59,1009.8,0.00,7.8,0
2016-03-18,62.1,41.0,   40,1010.5,0.00,14.8,0
2016-03-19,46.9,35.1,   36,1019.0,0.00,6.7,0
2016-03-20,44.1,33.1,   53,1018.6,0.07,11.0,0
2016-03-21,53.1,33.1,   49,1011.5,0.00,14.3,0
2016-03-22,57.9,34.0,   38,1019.0,0.00,12.1,0
2016-03-23,73.9,45.0,   41,1014.6,0.00,10.3,0
2016-03-24,55.9,44.1,   71,1015.9,0.00,9.6,0
2016-03-25,73.9,46.0,   64,1008.8,0.11,11.4,0
2016-03-26,54.0,37.9,   62,1026.1,0.00,9.2,0
2016-03-27,51.1,44.1,   72,1026.4,0.00,6.9,0
2016-03-28,64.9,43.0,   72,1005.8,0.38,15.2,0
2016-03-29,55.9,39.9,   31,1015.2,0.00,21.0,0
2016-03-30,55.0,33.1,   39,1025.1,0.00,8.5,0
2016-03-31,73.9,46.0,   57,1013.5,0.00,13.9,0
2016-04-01,80.1,62.1,   69,1002.4,0.00,13.4,0
2016-04-02,64.0,42.1,   68,998.6,0.16,9.8,0
2016-04-03,45.0,35.1,   36,1007.5,0.03,19.9,0
2016-04-04,44.1,30.2,   80,1013.2,0.44,10.5,0
2016-04-05,44.1,26.2,   32,1025.4,0.00,16.3,0
2016-04-06,48.9,27.1,   44,1023.4,0.00,8.5,0
2016-04-07,61.0,46.0,   71,1001.4,0.09,12.5,0
2016-04-08,50.0,37.9,   48,1003.7,0.00,14.1,0
2016-04-09,44.1,32.0,   63,1009.1,0.09,10.7,0
2016-04-10,52.0,31.1,   38,1025.1,0.00,11.2,0
2016-04-11,68.0,42.1,   57,1020.0,0.01,10.3,0
2016-04-12,61.0,44.1,   58,1018.3,0.13,12.3,0
2016-04-13,57.9,39.0,   44,1027.8,0.00,7.4,0
2016-04-14,62.1,41.0,   47,1027.4,0.00,7.2,0
2016-04-15,64.9,39.0,   49,1029.5,0.00,4.7,0
2016-04-16,68.0,41.0,   44,1030.5,0.00,6.9,0
2016-04-17,73.0,42.1,   43,1028.1,0.00,3.8,0
2016-04-18,81.0,46.9,   30,1021.3,0.00,6.5,0
2016-04-19,73.9,54.0,   29,1016.6,0.00,14.3,0
2016-04-20,69.1,50.0,   27,1023.4,0.00,9.8,0
2016-04-21,77.0,44.1,   42,1018.6,0.00,11.9,0
2016-04-22,82.9,61.0,   56,1011.5,0.00,8.5,0
2016-04-23,73.0,54.0,   58,1010.5,0.04,12.8,0
2016-04-24,72.0,45.0,   34,1016.9,0.00,8.3,0
2016-04-25,68.0,48.0,   55,1014.2,0.00,5.4,0
2016-04-26,68.0,46.0,   83,1007.1,0.10,8.1,0
2016-04-27,66.9,46.0,   66,1012.5,0.00,8.1,0
2016-04-28,57.9,46.9,   51,1016.6,0.00,6.7,0
2016-04-29,57.0,46.9,   50,1019.0,0.03,7.8,0
2016-04-30,63.0,44.1,   58,1022.7,0.00,7.2,0
2016-05-01,51.1,43.0,   87,1021.0,0.21,6.9,1
2016-05-02,61.0,45.0,   84,1014.6,0.14,4.5,1
2016-05-03,55.0,51.1,   95,1010.5,0.59,6.5,1
2016-05-04,57.9,48.9,   84,1007.8,0.01,9.6,1
2016-05-05,59.0,46.0,   75,1005.1,0.00,13.0,1
2016-05-06,54.0,48.9,   90,1006.8,0.62,10.5,1
2016-05-07,59.0,48.0,   88,1008.1,0.10,5.1,1
2016-05-08,68.0,46.9,   57,1007.1,0.11,10.3,1
2016-05-09,75.0,45.0,   41,1015.6,0.00,12.8,1
2016-05-10,62.1,46.0,   46,1023.0,0.00,8.7,1
2016-05-11,73.9,48.9,   47,1020.7,0.00,6.0,1
2016-05-12,77.0,54.0,   50,1018.6,0.00,5.4,1
2016-05-13,66.0,57.9,   86,1010.5,0.29,4.3,1
2016-05-14,75.9,55.9,   64,1006.1,0.00,9.6,1
2016-05-15,59.0,44.1,   52,1009.8,0.00,16.1,1
2016-05-16,69.1,39.9,   38,1017.9,0.00,15.4,1
2016-05-17,66.0,52.0,   60,1021.3,0.00,9.4,1
2016-05-18,66.9,50.0,   56,1020.0,0.00,7.2,1
2016-05-19,72.0,54.0,   52,1019.0,0.00,3.8,1
2016-05-20,75.9,52.0,   41,1022.7,0.00,5.6,1
2016-05-21,64.0,54.0,   61,1017.6,0.08,4.7,1
2016-05-22,70.0,52.0,   67,1010.2,0.04,6.5,1
2016-05-23,75.9,53.1,   64,1012.2,0.01,5.8,1
2016-05-24,77.0,57.9,   67,1013.2,0.05,4.7,1
2016-05-25,91.0,57.0,   40,1017.3,0.00,8.1,1
2016-05-26,93.0,64.0,   38,1017.6,0.00,6.9,1
2016-05-27,89.1,70.0,   59,1016.9,0.00,7.4,1
2016-05-28,96.1,71.1,   51,1019.0,0.00,10.5,1
2016-05-29,88.0,69.1,   57,1019.0,0.03,8.3,1
2016-05-30,82.9,69.1,   81,1014.6,1.57,6.5,1
2016-05-31,84.9,71.1,   66,1013.9,0.00,6.0,1
2016-06-01,84.0,66.9,   54,1018.6,0.00,7.2,1
2016-06-02,72.0,63.0,   78,1019.6,0.00,6.7,1
2016-06-03,70.0,63.0,   85,1017.6,0.03,4.3,1
2016-06-04,84.9,64.9,   75,1014.6,0.01,5.6,1
2016-06-05,73.9,66.0,   87,1007.1,0.94,6.9,1
2016-06-06,86.0,66.0,   59,1004.1,0.00,11.6,1
2016-06-07,87.1,64.0,   55,1000.0,0.14,11.4,1
2016-06-08,69.1,54.0,   62,1004.7,0.51,12.5,1
2016-06-09,75.0,53.1,   41,1010.5,0.00,15.2,1
2016-06-10,80.1,55.9,   33,1015.6,0.00,11.6,1
2016-06-11,91.0,55.0,   52,1010.8,0.00,10.1,1
2016-06-12,88.0,63.0,   41,1005.1,0.00,19.9,1
2016-06-13,75.9,57.0,   49,1009.8,0.00,15.4,1
2016-06-14,82.0,59.0,   40,1012.9,0.00,10.5,1
2016-06-15,87.1,59.0,   40,1012.5,0.00,6.9,1
2016-06-16,77.0,66.9,   61,1008.1,0.00,4.5,1
2016-06-17,79.0,63.0,   56,1014.2,0.00,7.8,1
2016-06-18,86.0,57.9,   44,1023.0,0.00,5.6,1
2016-06-19,88.0,63.0,   56,1025.1,0.00,6.7,1
2016-06-20,84.9,64.9,   60,1017.9,0.00,6.5,1
2016-06-21,91.0,73.0,   42,1008.8,0.00,10.7,1
2016-06-22,90.0,66.9,   36,1010.2,0.00,8.3,1
2016-06-23,82.9,69.1,   57,1010.8,0.00,4.5,1
2016-06-24,82.9,68.0,   59,1016.9,0.00,8.3,1
2016-06-25,82.0,64.0,   55,1021.7,0.00,7.4,1
2016-06-26,86.0,64.9,   50,1022.0,0.00,7.4,1
2016-06-27,87.1,64.0,   66,1017.3,0.37,9.2,1
2016-06-28,78.1,69.1,   88,1013.2,0.39,5.8,1
2016-06-29,87.1,68.0,   62,1011.9,0.01,8.3,1
2016-06-30,88.0,66.9,   51,1015.6,0.00,7.2,1
2016-07-01,80.1,70.0,   77,1013.5,0.20,7.4,1
2016-07-02,80.1,66.0,   49,1015.2,0.00,13.4,1
2016-07-03,82.9,63.0,   48,1018.3,0.00,7.4,1
2016-07-04,84.0,62.1,   66,1016.3,0.46,8.3,1
2016-07-05,89.1,70.0,   71,1008.8,0.17,7.2,1
2016-07-06,95.0,73.9,   57,1010.2,0.00,5.1,1
2016-07-07,95.0,77.0,   64,1007.8,0.01,7.6,1
2016-07-08,90.0,69.1,   75,1008.8,0.05,9.6,1
2016-07-09,71.1,66.0,   87,1010.2,0.49,7.6,1
2016-07-10,84.0,66.9,   68,1011.5,0.00,9.2,1
2016-07-11,84.0,64.9,   61,1017.9,0.00,6.7,1
2016-07-12,84.0,66.9,   68,1018.6,0.00,7.4,1
2016-07-13,88.0,69.1,   71,1017.3,0.00,6.7,1
2016-07-14,91.0,75.9,   73,1011.5,0.12,6.5,1
2016-07-15,93.9,78.1,   58,1011.2,0.00,9.4,1
2016-07-16,91.0,75.0,   62,1015.9,0.57,6.9,1
2016-07-17,93.0,73.0,   57,1018.3,0.00,6.0,1
2016-07-18,95.0,72.0,   67,1017.3,0.23,11.0,1
2016-07-19,84.9,72.0,   45,1019.0,0.00,11.9,1
2016-07-20,86.0,66.0,   49,1022.0,0.00,7.6,1
2016-07-21,91.9,69.1,   52,1019.3,0.00,9.6,1
2016-07-22,97.0,73.0,   59,1011.9,0.00,14.8,1
2016-07-23,98.1,80.1,   39,1010.5,0.00,11.6,1
2016-07-24,96.1,73.0,   45,1014.2,0.00,8.1,1
2016-07-25,99.0,73.0,   72,1012.2,1.84,9.2,1
2016-07-26,93.0,72.0,   56,1011.9,0.00,10.5,1
2016-07-27,93.0,73.0,   53,1013.2,0.00,6.3,1
2016-07-28,93.0,75.0,   65,1011.9,0.00,6.5,1
2016-07-29,86.0,70.0,   78,1010.8,0.87,8.9,1
2016-07-30,86.0,73.0,   83,1015.6,0.36,5.8,1
2016-07-31,80.1,72.0,   89,1015.9,0.71,7.8,1
2016-08-01,79.0,71.1,   80,1017.3,0.00,6.7,1
2016-08-02,80.1,66.9,   66,1019.0,0.00,6.9,1
2016-08-03,80.1,64.9,   65,1021.0,0.00,6.7,1
2016-08-04,81.0,64.0,   64,1020.3,0.00,6.5,1
2016-08-05,84.0,66.9,   62,1014.9,0.00,8.5,1
2016-08-06,91.0,72.0,   71,1007.8,0.09,9.4,1
2016-08-07,89.1,71.1,   45,1011.5,0.00,8.5,1
2016-08-08,87.1,69.1,   49,1017.3,0.00,6.3,1
2016-08-09,87.1,68.0,   59,1022.0,0.00,7.4,1
2016-08-10,90.0,75.0,   73,1020.3,0.11,10.1,1
2016-08-11,96.1,75.0,   69,1017.3,0.11,10.1,1
2016-08-12,97.0,73.9,   71,1012.5,0.17,10.7,1
2016-08-13,98.1,79.0,   65,1011.9,0.00,8.5,1
2016-08-14,97.0,80.1,   60,1014.2,0.00,10.7,1
2016-08-15,93.9,77.0,   59,1020.3,0.00,7.2,1
2016-08-16,93.0,77.0,   67,1019.0,0.01,10.5,1
2016-08-17,88.0,75.9,   61,1015.9,0.20,10.7,1
2016-08-18,87.1,73.0,   66,1014.9,0.10,5.6,1
2016-08-19,90.0,73.9,   63,1013.2,0.00,6.9,1
2016-08-20,87.1,72.0,   71,1012.9,0.00,7.6,1
2016-08-21,87.1,73.9,   77,1009.8,0.13,9.2,1
2016-08-22,81.0,66.9,   51,1016.3,0.00,13.9,1
2016-08-23,84.0,59.0,   48,1025.1,0.00,6.3,1
2016-08-24,90.0,63.0,   57,1023.4,0.00,7.4,1
2016-08-25,88.0,66.9,   66,1017.6,0.01,10.1,1
2016-08-26,95.0,75.0,   58,1015.6,0.00,11.4,1
2016-08-27,88.0,71.1,   54,1021.7,0.00,7.2,1
2016-08-28,87.1,72.0,   67,1022.7,0.00,6.7,1
2016-08-29,93.0,72.0,   52,1019.3,0.00,11.0,1
2016-08-30,84.9,68.0,   62,1019.3,0.00,7.8,1
2016-08-31,91.9,73.9,   65,1013.9,0.00,7.6,1
2016-09-01,81.0,66.0,   80,1011.2,0.21,6.7,1
2016-09-02,82.0,64.9,   52,1017.9,0.00,10.7,1
2016-09-03,77.0,64.9,   63,1021.0,0.00,11.0,1
2016-09-04,82.0,62.1,   53,1023.0,0.00,10.5,1
2016-09-05,86.0,57.9,   49,1019.6,0.00,14.3,1
2016-09-06,82.0,69.1,   61,1014.6,0.00,19.7,1
2016-09-07,87.1,69.1,   69,1014.6,0.00,11.9,1
2016-09-08,91.9,71.1,   66,1011.5,0.00,6.0,1
2016-09-09,93.0,78.1,   60,1012.5,0.00,7.4,1
2016-09-10,91.9,75.9,   72,1014.2,0.01,7.6,1
2016-09-11,86.0,66.0,   51,1015.6,0.00,13.4,1
2016-09-12,78.1,57.0,   57,1023.4,0.00,6.7,1
2016-09-13,84.0,60.1,   65,1021.7,0.00,7.6,1
2016-09-14,93.9,66.0,   58,1017.9,0.00,11.0,1
2016-09-15,75.0,60.1,   51,1024.0,0.00,9.6,1
2016-09-16,73.0,57.0,   62,1025.7,0.00,6.0,1
2016-09-17,77.0,59.0,   71,1022.0,0.00,7.6,1
2016-09-18,87.1,68.0,   75,1017.3,0.00,8.9,1
2016-09-19,75.9,70.0,   88,1016.9,1.03,4.9,1
2016-09-20,84.0,69.1,   76,1019.0,0.00,5.1,1
2016-09-21,86.0,66.9,   55,1021.0,0.00,7.6,1
2016-09-22,84.0,61.0,   50,1020.3,0.00,5.6,1
2016-09-23,90.0,60.1,   58,1015.6,0.01,5.4,1
2016-09-24,72.0,57.9,   61,1019.0,0.44,11.4,1
2016-09-25,71.1,52.0,   45,1021.7,0.00,6.5,1
2016-09-26,73.0,51.1,   60,1019.6,0.00,8.9,1
2016-09-27,75.9,62.1,   71,1013.2,0.12,5.8,1
2016-09-28,73.0,55.9,   79,1019.6,0.00,12.3,1
2016-09-29,64.9,57.9,   74,1026.8,0.04,14.3,1
2016-09-30,60.1,55.9,   89,1025.1,0.31,16.3,1
2016-10-01,63.0,55.9,   90,1022.0,0.00,11.4,1
2016-10-02,64.9,57.0,   86,1018.6,0.00,5.6,1
2016-10-03,73.9,60.1,   77,1016.9,0.00,4.9,1
2016-10-04,71.1,61.0,   69,1024.7,0.00,10.3,1
2016-10-05,68.0,52.0,   70,1026.4,0.00,7.2,1
2016-10-06,75.0,51.1,   73,1025.7,0.00,5.1,1
2016-10-07,73.9,53.1,   74,1024.4,0.00,4.5,1
2016-10-08,69.1,55.0,   87,1017.9,0.17,5.4,1
2016-10-09,66.0,52.0,   72,1016.3,0.48,17.0,1
2016-10-10,66.0,46.9,   41,1024.0,0.00,13.0,1
2016-10-11,64.0,43.0,   63,1030.5,0.00,5.4,1
2016-10-12,66.9,46.9,   75,1026.1,0.00,4.5,1
2016-10-13,68.0,52.0,   77,1019.6,0.01,7.8,1
2016-10-14,64.0,46.0,   52,1026.8,0.00,8.1,1
2016-10-15,64.0,42.1,   65,1028.8,0.00,6.7,1
2016-10-16,73.0,45.0,   75,1020.7,0.00,8.5,1
2016-10-17,82.9,60.1,   67,1013.2,0.00,6.5,1
2016-10-18,84.9,62.1,   69,1011.9,0.00,9.6,1
2016-10-19,87.1,64.0,   57,1015.2,0.00,9.8,1
2016-10-20,71.1,60.1,   75,1018.3,0.00,9.4,1
2016-10-21,71.1,57.9,   90,1004.1,0.22,4.5,1
2016-10-22,57.9,46.9,   72,999.7,0.55,16.1,1
2016-10-23,64.9,44.1,   49,1010.2,0.00,14.3,1
2016-10-24,66.0,46.9,   54,1014.2,0.00,12.8,1
2016-10-25,54.0,42.1,   49,1024.0,0.00,11.6,1
2016-10-26,52.0,37.0,   47,1029.8,0.00,11.0,1
2016-10-27,55.9,42.1,   79,1025.1,0.65,8.1,1
2016-10-28,51.1,42.1,   65,1020.3,0.00,13.9,1
2016-10-29,66.0,37.0,   62,1017.6,0.00,8.9,1
2016-10-30,78.1,54.0,   73,1011.9,0.92,9.4,1
2016-10-31,57.0,43.0,   53,1021.7,0.00,11.0,1
2016-11-01,60.1,37.0,   69,1027.1,0.00,7.4,0
2016-11-02,73.0,51.1,   72,1022.7,0.00,8.1,0
2016-11-03,73.9,57.0,   71,1014.2,0.00,11.6,0
2016-11-04,62.1,46.9,   44,1020.3,0.00,11.6,0
2016-11-05,64.9,39.9,   56,1022.4,0.00,8.5,0
2016-11-06,60.1,43.0,   52,1024.0,0.00,13.2,0
2016-11-07,55.9,36.0,   50,1029.8,0.00,7.6,0
2016-11-08,69.1,37.9,   47,1019.3,0.00,4.0,0
2016-11-09,57.9,48.0,   75,1011.2,0.20,7.8,0
2016-11-10,57.9,41.0,   51,1013.2,0.00,11.0,0
2016-11-11,64.0,42.1,   43,1010.2,0.00,17.2,0
2016-11-12,53.1,37.0,   41,1024.4,0.00,9.8,0
2016-11-13,63.0,34.0,   44,1019.3,0.00,9.2,0
2016-11-14,63.0,37.0,   36,1016.9,0.00,5.8,0
2016-11-15,54.0,46.0,   82,1009.8,2.79,10.7,0
2016-11-16,64.0,41.0,   57,1008.8,0.00,9.2,0
2016-11-17,63.0,48.0,   57,1015.9,0.00,9.8,0
2016-11-18,66.9,44.1,   57,1018.6,0.00,4.3,0
2016-11-19,61.0,36.0,   76,1010.2,0.20,9.2,0
2016-11-20,43.0,34.0,   63,1001.7,0.23,21.5,0
2016-11-21,42.1,37.0,   45,1006.1,0.00,21.0,0
2016-11-22,44.1,37.0,   49,1018.3,0.00,18.1,0
2016-11-23,48.0,33.1,   51,1025.1,0.00,9.2,0
2016-11-24,50.0,35.1,   73,1024.4,0.00,6.9,0
2016-11-25,55.0,45.0,   79,1022.7,0.01,4.7,0
2016-11-26,53.1,41.0,   68,1019.0,0.00,8.9,0
2016-11-27,52.0,35.1,   59,1019.3,0.00,8.7,0
2016-11-28,54.0,32.0,   62,1021.3,0.00,4.9,0
2016-11-29,60.1,48.9,   89,1014.2,2.02,8.1,0
2016-11-30,57.9,52.0,,,1.07,6.9,0
2016-12-01,55.0,41.0,   64,1004.4,0.11,13.9,0
2016-12-02,53.1,37.9,   53,1012.2,0.00,14.8,0
2016-12-03,50.0,41.0,   51,1017.3,0.00,17.0,0
2016-12-04,48.0,39.0,   45,1022.4,0.00,9.6,0
2016-12-05,50.0,37.0,   74,1016.9,0.16,8.3,0
2016-12-06,46.0,34.0,   71,1017.3,0.44,7.6,0
2016-12-07,48.0,37.0,   84,1014.9,0.05,6.9,0
2016-12-08,44.1,33.1,   57,1014.6,0.00,10.7,0
2016-12-09,41.0,29.1,   46,1020.7,0.00,15.7,0
2016-12-10,37.0,23.2,   58,1028.8,0.00,9.4,0
2016-12-11,34.0,25.2,   65,1031.2,0.01,5.1,0
2016-12-12,46.0,32.0,   86,1013.2,0.50,8.7,0
2016-12-13,44.1,33.1,   60,1019.6,0.00,5.6,0
2016-12-14,44.1,32.0,   49,1014.9,0.00,9.6,0
2016-12-15,32.0,18.1,   35,1014.9,0.00,20.6,0
2016-12-16,28.2,16.2,   47,1028.8,0.00,11.4,0
2016-12-17,36.0,24.3,   89,1016.9,0.71,4.9,0
2016-12-18,59.0,31.1,   76,1016.9,0.07,10.5,0
2016-12-19,31.1,22.1,   43,1038.6,0.00,11.9,0
2016-12-20,34.0,18.1,   45,1031.5,0.00,6.5,0
2016-12-21,42.1,24.3,   53,1021.7,0.00,6.3,0
2016-12-22,51.1,32.0,   53,1017.6,0.00,9.8,0
2016-12-23,48.0,34.0,   51,1028.8,0.00,9.2,0
2016-12-24,46.0,37.0,   80,1023.0,0.49,7.6,0
2016-12-25,52.0,34.0,   61,1032.2,0.00,8.5,0
2016-12-26,46.9,29.1,   76,1033.9,0.00,7.4,0
2016-12-27,62.1,39.9,   65,1011.5,0.01,13.6,0
2016-12-28,43.0,31.1,   55,1019.0,0.00,8.3,0
2016-12-29,45.0,31.1,   79,1007.5,0.36,8.1,0
2016-12-30,42.1,32.0,   60,1006.4,0.00,15.0,0
2016-12-31,44.1,29.1,   49,1016.9,0.00,12.3,0
2017-01-01,50.0,33.1,   44,1021.7,0.00,9.4,0
2017-01-02,42.1,32.0,   84,1029.8,0.29,8.7,0
2017-01-03,44.1,39.0,   96,1010.2,0.43,12.3,0
2017-01-04,54.0,33.1,   64,1000.3,0.00,15.0,0
2017-01-05,33.1,26.2,   42,1013.5,0.00,13.6,0
2017-01-06,34.0,25.2,   57,1018.6,0.06,8.7,0
2017-01-07,26.2,20.1,   70,1023.4,0.32,14.1,0
2017-01-08,26.2,15.3,   49,1027.8,0.00,14.3,0
2017-01-09,23.2,12.2,   54,1039.3,0.00,7.4,0
2017-01-10,44.1,15.3,   69,1032.8,0.00,4.0,0
2017-01-11,53.1,39.9,   78,1024.4,0.57,8.7,0
2017-01-12,66.9,46.0,   75,1017.6,0.09,13.6,0
2017-01-13,61.0,33.1,   51,1030.1,0.00,14.5,0
2017-01-14,34.0,28.2,   68,1034.9,0.10,5.4,0
2017-01-15,41.0,29.1,   62,1027.8,0.00,7.2,0
2017-01-16,44.1,25.2,   57,1029.5,0.00,6.3,0
2017-01-17,41.0,37.9,   79,1020.7,0.53,6.3,0
2017-01-18,42.1,37.9,   89,1014.2,0.04,9.4,0
2017-01-19,50.0,37.0,   74,1016.6,0.00,6.7,0
2017-01-20,45.0,39.9,   77,1014.9,0.14,3.6,0
2017-01-21,48.0,42.1,   93,1010.8,0.00,7.4,0
2017-01-22,50.0,44.1,   90,1007.1,0.00,7.6,0
2017-01-23,46.0,37.0,   78,1006.4,1.24,22.1,0
2017-01-24,41.0,36.0,   87,994.9,0.78,18.3,0
2017-01-25,52.0,37.0,   60,1003.0,0.00,13.0,0
2017-01-26,55.9,42.1,   61,997.6,0.03,13.2,0
2017-01-27,46.0,35.1,   50,1003.4,0.00,18.8,0
2017-01-28,39.0,33.1,   55,1005.8,0.00,13.6,0
2017-01-29,45.0,30.2,   51,1006.4,0.00,10.3,0
2017-01-30,39.9,29.1,   43,1009.8,0.00,10.5,0
2017-01-31,32.0,25.2,   73,1011.9,0.03,5.1,0
2017-02-01,48.9,29.1,   61,1013.5,0.00,11.6,0
2017-02-02,46.9,31.1,   51,1019.0,0.00,11.4,0
2017-02-03,35.1,25.2,   42,1022.4,0.00,11.0,0
2017-02-04,36.0,21.2,   36,1026.8,0.00,13.2,0
2017-02-05,42.1,28.2,   47,1015.9,0.00,9.4,0
2017-02-06,51.1,37.0,   50,1017.9,0.00,7.6,0
2017-02-07,41.0,33.1,   92,1010.5,0.27,8.3,0
2017-02-08,64.9,39.0,   70,1003.4,0.04,8.9,0
2017-02-09,43.0,19.2,   63,1010.8,0.81,20.8,0
2017-02-10,32.0,18.1,   52,1022.4,0.00,13.0,0
2017-02-11,48.0,30.2,   57,1015.2,0.00,4.5,0
2017-02-12,39.9,32.0,   86,1011.9,0.43,8.1,0
2017-02-13,37.9,30.2,   59,1009.5,0.00,21.0,0
2017-02-14,42.1,27.1,   58,1011.9,0.00,8.1,0
2017-02-15,52.0,32.0,   71,998.3,0.00,8.1,0
2017-02-16,37.9,29.1,   48,1003.0,0.00,18.6,0
2017-02-17,44.1,27.1,   43,1011.2,0.00,11.2,0
2017-02-18,66.0,30.2,   45,1008.1,0.00,7.6,0
2017-02-19,69.1,46.9,   40,1009.8,0.00,8.9,0
2017-02-20,55.9,37.0,   38,1022.4,0.00,13.0,0
2017-02-21,46.0,30.2,   57,1025.7,0.00,7.2,0
2017-02-22,59.0,41.0,   68,1015.2,0.00,4.7,0
2017-02-23,66.9,43.0,   80,1011.2,0.00,5.6,0
2017-02-24,73.9,53.1,   72,1011.9,0.00,6.7,0
2017-02-25,66.0,46.0,   81,1004.4,0.54,9.8,0
2017-02-26,46.0,32.0,   43,1016.3,0.00,15.9,0
2017-02-27,55.0,30.2,   46,1028.4,0.00,9.2,0
2017-02-28,60.1,44.1,,,0.00,4.0,0
2017-03-01,73.0,52.0,   77,1003.4,0.16,12.3,0
2017-03-02,64.9,36.0,   33,1008.1,0.00,23.5,0
2017-03-03,42.1,25.2,   36,1024.4,0.00,15.9,0
2017-03-04,32.0,17.2,   33,1033.5,0.00,18.3,0
2017-03-05,37.9,14.2,   23,1035.9,0.00,10.7,0
2017-03-06,44.1,22.1,   40,1032.2,0.00,6.3,0
2017-03-07,57.0,42.1,   81,1023.7,0.09,3.4,0
2017-03-08,62.1,48.9,   42,1013.9,0.00,13.6,0
2017-03-09,64.9,48.9,   21,1014.2,0.00,15.9,0
2017-03-10,48.9,24.3,   59,1012.2,0.26,16.3,0
2017-03-11,31.1,18.1,   42,1021.7,0.00,17.4,0
2017-03-12,32.0,20.1,   38,1027.1,0.00,15.7,0
2017-03-13,37.0,20.1,   43,1029.8,0.00,7.4,0
2017-03-14,32.0,22.1,   82,1001.0,1.15,22.6,0
2017-03-15,27.1,20.1,   56,1004.7,0.00,19.2,0
2017-03-16,41.0,23.2,   42,1015.2,0.00,15.2,0
2017-03-17,46.9,26.2,   44,1023.4,0.00,10.7,0
2017-03-18,39.0,28.2,   72,1022.0,0.05,9.2,0
2017-03-19,48.0,33.1,   51,1021.3,0.00,13.4,0
2017-03-20,55.0,34.0,   36,1018.3,0.00,10.5,0
2017-03-21,62.1,42.1,   39,1012.2,0.00,6.9,0
2017-03-22,48.9,24.3,   29,1021.7,0.00,19.5,0
2017-03-23,45.0,23.2,   29,1034.2,0.00,8.5,0
2017-03-24,57.9,31.1,   50,1026.1,0.00,11.6,0
2017-03-25,62.1,44.1,   63,1023.0,0.01,8.5,0
2017-03-26,44.1,39.0,   80,1029.5,0.05,9.4,0
2017-03-27,55.9,39.0,   89,1017.9,0.23,4.9,0
2017-03-28,48.9,41.0,   97,1013.5,0.99,7.8,0
2017-03-29,61.0,41.0,   54,1018.6,0.00,15.2,0
2017-03-30,52.0,35.1,   50,1022.4,0.02,7.6,0
2017-03-31,42.1,37.9,   92,1013.9,2.06,12.1,0
2017-04-01,50.0,36.0,   75,1010.5,0.02,15.7,0
2017-04-02,64.9,41.0,   42,1018.6,0.00,11.2,0
2017-04-03,62.1,44.1,   52,1016.9,0.04,5.4,0
2017-04-04,53.1,46.9,   93,1003.7,1.22,8.1,0
2017-04-05,63.0,45.0,   79,1012.5,0.00,5.6,0
2017-04-06,50.0,42.1,   89,1000.0,0.76,12.5,0
2017-04-07,50.0,39.9,   62,997.0,0.00,18.1,0
2017-04-08,60.1,39.9,   35,1010.5,0.00,15.4,0
2017-04-09,70.0,39.9,   35,1020.3,0.00,7.8,0
2017-04-10,82.0,48.0,   39,1020.7,0.00,9.4,0
2017-04-11,84.0,55.9,   46,1019.0,0.00,8.3,0
2017-04-12,78.1,59.0,   50,1020.7,0.03,7.8,0
2017-04-13,66.0,48.0,   37,1027.1,0.00,13.2,0
2017-04-14,64.0,44.1,   41,1028.4,0.00,6.9,0
2017-04-15,66.9,46.9,   62,1025.1,0.00,7.8,0
2017-04-16,87.1,57.9,   58,1012.5,0.05,15.0,0
2017-04-17,75.0,57.9,   41,1014.9,0.00,15.0,0
2017-04-18,64.0,48.0,   51,1028.1,0.00,11.0,0
2017-04-19,52.0,46.0,   73,1029.8,0.00,10.3,0
2017-04-20,66.9,51.1,   76,1018.6,0.05,4.7,0
2017-04-21,57.0,48.9,   89,1013.9,0.14,8.5,0
2017-04-22,57.0,50.0,   76,1013.9,0.04,9.2,0
2017-04-23,64.9,44.1,   55,1019.0,0.00,7.2,0
2017-04-24,59.0,46.9,   65,1020.7,0.00,4.5,0
2017-04-25,55.9,51.1,   91,1015.6,0.88,15.2,0
2017-04-26,62.1,53.1,   95,1008.5,0.10,8.7,0
2017-04-27,69.1,55.0,   88,1011.9,0.00,5.8,0
2017-04-28,86.0,55.0,   55,1014.6,0.00,8.5,0
2017-04-29,86.0,64.9,   60,1015.9,0.16,13.6,0
2017-04-30,69.1,51.1,   55,1022.4,0.00,10.3,0
2017-05-01,75.0,50.0,   81,1011.5,0.00,7.2,1
2017-05-02,75.9,63.0,   48,1003.4,0.00,17.2,1
2017-05-03,66.9,48.9,   35,1014.2,0.00,16.1,1
2017-05-04,61.0,44.1,   52,1023.0,0.00,9.8,1
2017-05-05,60.1,53.1,   92,1006.4,3.05,10.5,1
2017-05-06,66.0,53.1,   78,995.9,0.10,11.9,1
2017-05-07,57.9,46.9,   64,1004.4,0.00,13.4,1
2017-05-08,60.1,43.0,   46,1011.5,0.00,10.3,1
2017-05-09,64.0,45.0,   47,1014.2,0.00,8.3,1
2017-05-10,64.0,48.9,   56,1016.3,0.00,4.9,1
2017-05-11,62.1,46.0,   55,1015.9,0.00,6.9,1
2017-05-12,62.1,45.0,   65,1017.3,0.00,6.7,1
2017-05-13,53.1,43.0,   95,1011.2,1.79,12.3,1
2017-05-14,70.0,44.1,   65,1004.1,0.09,13.6,1
2017-05-15,71.1,53.1,   49,1007.8,0.00,18.1,1
2017-05-16,81.0,55.0,   45,1015.2,0.00,8.3,1
2017-05-17,91.9,59.0,   50,1014.2,0.00,10.7,1
2017-05-18,93.9,73.9,   50,1011.9,0.00,13.4,1
2017-05-19,93.0,66.0,   49,1012.2,0.00,15.0,1
2017-05-20,66.0,53.1,   55,1024.4,0.00,10.1,1
2017-05-21,66.0,51.1,   51,1026.8,0.00,7.8,1
2017-05-22,60.1,55.0,   94,1017.9,0.70,4.5,1
2017-05-23,70.0,55.9,   65,1012.2,0.00,6.0,1
2017-05-24,70.0,57.0,   68,1007.8,0.04,7.2,1
2017-05-25,59.0,55.9,   97,1002.4,0.95,10.1,1
2017-05-26,75.9,55.0,   71,1003.0,0.15,11.2,1
2017-05-27,73.9,57.9,   67,1011.5,0.00,6.0,1
2017-05-28,71.1,57.9,   75,1013.2,0.00,7.4,1
2017-05-29,61.0,57.0,   84,1014.9,0.14,6.7,1
2017-05-30,59.0,55.0,   91,1020.3,0.18,6.7,1
2017-05-31,80.1,57.9,   79,1015.2,0.05,6.9,1
2017-06-01,82.0,61.0,   53,1013.2,0.00,8.9,1
2017-06-02,80.1,57.9,   36,1013.9,0.00,10.5,1
2017-06-03,75.9,55.0,   44,1014.6,0.03,10.7,1
2017-06-04,70.0,54.0,   61,1014.2,0.10,6.3,1
2017-06-05,71.1,55.9,   89,1007.1,0.05,6.9,1
2017-06-06,60.1,53.1,   86,1008.8,0.05,9.8,1
2017-06-07,70.0,52.0,   63,1015.2,0.00,7.8,1
2017-06-08,72.0,54.0,   62,1013.9,0.00,5.6,1
2017-06-09,84.0,52.0,   46,1008.1,0.00,9.6,1
2017-06-10,88.0,61.0,   47,1014.6,0.00,11.4,1
2017-06-11,93.9,66.9,   47,1016.6,0.00,11.2,1
2017-06-12,97.0,69.1,   45,1014.9,0.00,9.2,1
2017-06-13,99.0,72.0,   46,1012.2,0.00,9.8,1
2017-06-14,82.9,69.1,   59,1014.9,0.17,7.6,1
2017-06-15,73.9,64.9,   64,1016.9,0.00,7.6,1
2017-06-16,71.1,64.0,   84,1014.6,0.00,7.6,1
2017-06-17,73.0,64.0,   95,1013.2,1.24,5.1,1
2017-06-18,89.1,68.0,   79,1010.2,0.00,8.9,1
2017-06-19,91.0,69.1,   80,1009.8,1.51,13.9,1
2017-06-20,87.1,69.1,   56,1012.5,0.02,12.5,1
2017-06-21,87.1,68.0,   54,1012.9,0.00,11.2,1
2017-06-22,84.0,64.9,   58,1014.2,0.00,6.7,1
2017-06-23,87.1,77.0,   74,1006.4,0.41,12.8,1
2017-06-24,88.0,69.1,   60,1006.4,1.56,12.1,1
2017-06-25,86.0,68.0,   48,1013.9,0.00,8.1,1
2017-06-26,82.0,64.0,   42,1015.6,0.00,10.3,1
2017-06-27,80.1,62.1,   59,1014.9,0.15,8.1,1
2017-06-28,81.0,57.9,   47,1019.0,0.00,9.2,1
2017-06-29,86.0,64.0,   59,1018.6,0.00,13.4,1
2017-06-30,91.0,73.0,   57,1014.6,0.00,13.9,1
2017-07-01,84.9,71.1,   80,1012.9,0.47,9.6,1
2017-07-02,90.0,69.1,   62,1014.2,0.00,10.5,1
2017-07-03,90.0,71.1,   53,1014.9,0.00,8.3,1
2017-07-04,88.0,71.1,   51,1017.6,0.00,6.7,1
2017-07-05,84.9,69.1,   55,1021.7,0.00,7.6,1
2017-07-06,78.1,71.1,   69,1018.6,0.00,6.7,1
2017-07-07,82.9,66.0,   84,1008.5,2.15,8.3,1
2017-07-08,87.1,68.0,   63,1008.1,0.00,11.6,1
2017-07-09,84.0,68.0,   42,1015.6,0.00,8.9,1
2017-07-10,87.1,64.0,   56,1016.3,0.00,9.6,1
2017-07-11,89.1,73.9,   68,1013.5,0.04,8.1,1
2017-07-12,91.0,75.9,   65,1014.9,0.01,11.2,1
2017-07-13,93.0,73.0,   69,1015.2,0.03,9.6,1
2017-07-14,73.0,66.0,   95,1016.9,0.30,6.7,1
2017-07-15,88.0,66.9,   68,1013.2,0.01,8.7,1
2017-07-16,87.1,68.0,   63,1014.2,0.00,6.0,1
2017-07-17,84.9,70.0,   73,1016.9,0.00,6.9,1
2017-07-18,87.1,72.0,   72,1017.9,0.00,6.7,1
2017-07-19,95.0,75.0,   57,1015.9,0.00,9.6,1
2017-07-20,98.1,75.9,   58,1013.2,0.00,8.3,1
2017-07-21,93.9,75.0,   55,1011.9,0.00,8.5,1
2017-07-22,91.9,71.1,   58,1009.8,0.39,7.4,1
2017-07-23,81.0,70.0,   79,1009.1,0.05,5.8,1
2017-07-24,75.0,64.9,   80,1010.2,0.90,11.4,1
2017-07-25,73.0,62.1,   77,1019.0,0.01,7.6,1
2017-07-26,75.9,66.0,   61,1022.4,0.00,8.1,1
2017-07-27,80.1,64.0,   76,1014.9,0.00,5.6,1
2017-07-28,84.9,71.1,   72,1009.8,0.00,5.1,1
2017-07-29,78.1,66.9,   54,1009.5,0.00,17.2,1
2017-07-30,82.9,60.1,   48,1015.6,0.00,8.5,1
2017-07-31,91.0,64.0,   52,1017.3,0.00,5.4,1
2017-08-01,93.0,69.1,   55,1016.6,0.00,5.1,1
2017-08-02,86.0,70.0,   75,1017.9,0.99,4.3,1
2017-08-03,84.9,68.0,   73,1019.0,0.01,5.6,1
2017-08-04,84.9,70.0,   75,1015.9,0.85,8.3,1
2017-08-05,81.0,66.9,   68,1012.2,0.64,10.5,1
2017-08-06,78.1,63.0,   54,1018.6,0.00,9.4,1
2017-08-07,70.0,64.0,   86,1016.6,0.65,5.1,1
2017-08-08,80.1,64.9,   69,1014.6,0.00,8.1,1
2017-08-09,84.0,64.0,   56,1022.0,0.00,4.3,1
2017-08-10,86.0,64.9,   58,1022.7,0.00,5.4,1
2017-08-11,81.0,68.0,   63,1019.3,0.01,6.0,1
2017-08-12,77.0,64.9,   85,1013.2,0.12,6.0,1
2017-08-13,84.9,69.1,   61,1013.5,0.00,8.1,1
2017-08-14,81.0,66.9,   69,1015.6,0.00,6.3,1
2017-08-15,73.9,68.0,   90,1013.2,0.51,3.4,1
2017-08-16,87.1,70.0,   62,1014.2,0.00,8.5,1
2017-08-17,81.0,66.0,   70,1016.3,0.00,7.8,1
2017-08-18,84.0,73.0,   88,1010.5,0.68,6.7,1
2017-08-19,89.1,73.0,   63,1010.5,0.00,8.3,1
2017-08-20,84.9,68.0,   56,1017.6,0.00,9.6,1
2017-08-21,88.0,66.0,   65,1020.7,0.00,7.4,1
2017-08-22,91.0,73.0,   75,1012.9,0.70,11.9,1
2017-08-23,82.9,69.1,   58,1009.8,0.00,9.2,1
2017-08-24,81.0,66.0,   48,1013.5,0.00,8.1,1
2017-08-25,79.0,61.0,   53,1019.3,0.00,7.8,1
2017-08-26,79.0,59.0,   49,1024.0,0.00,6.3,1
2017-08-27,78.1,59.0,   55,1024.4,0.00,7.6,1
2017-08-28,75.9,60.1,   58,1024.7,0.00,8.9,1
2017-08-29,69.1,61.0,   76,1020.3,0.30,11.6,1
2017-08-30,80.1,60.1,   60,1013.9,0.00,11.0,1
2017-08-31,84.0,61.0,   62,1013.5,0.03,11.0,1
2017-09-01,73.0,55.0,   42,1019.6,0.00,12.1,1
2017-09-02,68.0,48.9,   68,1022.0,0.60,9.2,1
2017-09-03,73.0,60.1,   83,1012.9,0.48,9.8,1
2017-09-04,82.0,57.9,   62,1012.9,0.00,10.7,1
2017-09-05,87.1,66.9,   71,1008.8,0.03,10.3,1
2017-09-06,71.1,61.0,   87,1011.2,0.37,9.2,1
2017-09-07,73.9,59.0,   68,1012.5,0.03,10.5,1
2017-09-08,73.9,54.0,   61,1019.3,0.00,9.6,1
2017-09-09,72.0,54.0,   58,1024.4,0.00,10.7,1
2017-09-10,75.0,55.0,   57,1027.4,0.00,10.3,1
2017-09-11,79.0,53.1,   50,1024.0,0.00,5.8,1
2017-09-12,82.0,57.0,   59,1015.6,0.00,5.4,1
2017-09-13,84.0,59.0,   79,1012.2,0.17,5.6,1
2017-09-14,82.9,69.1,   74,1011.9,0.00,7.2,1
2017-09-15,82.0,64.9,   72,1016.9,0.00,3.8,1
2017-09-16,82.0,66.9,   83,1020.3,0.00,4.9,1
2017-09-17,82.0,69.1,   80,1020.3,0.00,3.8,1
2017-09-18,75.0,69.1,   81,1019.0,0.00,8.5,1
2017-09-19,81.0,69.1,   77,1013.9,0.04,16.3,1
2017-09-20,81.0,71.1,   65,1011.9,0.00,16.1,1
2017-09-21,84.0,71.1,   62,1015.6,0.00,12.3,1
2017-09-22,84.9,66.0,   45,1015.2,0.00,15.2,1
2017-09-23,90.0,70.0,   41,1016.3,0.00,9.8,1
2017-09-24,91.9,64.9,   57,1017.3,0.00,4.7,1
2017-09-25,90.0,69.1,   67,1016.9,0.00,4.0,1
2017-09-26,84.0,66.9,   77,1015.9,0.00,3.8,1
2017-09-27,88.0,69.1,   75,1010.8,0.00,6.7,1
2017-09-28,79.0,60.1,   52,1009.5,0.00,16.3,1
2017-09-29,70.0,54.0,   52,1016.6,0.00,6.3,1
2017-09-30,68.0,53.1,   66,1021.3,0.00,13.9,1
2017-10-01,71.1,48.9,   56,1027.4,0.00,7.6,1
2017-10-02,75.0,46.9,   55,1029.5,0.00,4.9,1
2017-10-03,70.0,51.1,   65,1035.2,0.00,6.3,1
2017-10-04,78.1,50.0,   66,1027.4,0.00,9.8,1
2017-10-05,86.0,63.0,   64,1019.0,0.00,11.6,1
2017-10-06,84.9,68.0,   71,1018.3,0.00,4.9,1
2017-10-07,82.0,64.9,   74,1018.3,0.00,6.5,1
2017-10-08,79.0,73.0,   85,1014.2,0.22,11.4,1
2017-10-09,77.0,72.0,   92,1012.9,0.26,9.8,1
2017-10-10,82.9,66.0,   63,1017.6,0.00,8.1,1
2017-10-11,75.9,63.0,   71,1020.0,0.01,8.1,1
2017-10-12,64.9,55.9,   67,1026.8,0.05,12.3,1
2017-10-13,66.9,50.0,   75,1028.8,0.00,8.9,1
2017-10-14,73.9,61.0,   85,1023.0,0.10,5.6,1
2017-10-15,73.0,64.9,   81,1014.6,0.00,11.2,1
2017-10-16,69.1,46.9,   57,1016.9,0.01,14.8,1
2017-10-17,62.1,39.9,   53,1025.7,0.00,7.4,1
2017-10-18,73.9,45.0,   55,1025.7,0.00,6.7,1
2017-10-19,73.9,48.0,   56,1021.7,0.00,10.1,1
2017-10-20,75.9,55.0,   40,1020.7,0.00,9.2,1
2017-10-21,81.0,52.0,   44,1026.4,0.00,3.6,1
2017-10-22,75.0,50.0,   64,1028.4,0.00,4.3,1
2017-10-23,75.0,57.9,   84,1022.0,0.00,7.6,1
2017-10-24,77.0,66.0,   88,1009.1,0.21,11.9,1
2017-10-25,68.0,52.0,   58,1006.1,0.00,6.7,1
2017-10-26,60.1,48.0,   56,1007.1,0.00,10.7,1
2017-10-27,64.9,41.0,   59,1017.9,0.00,6.3,1
2017-10-28,71.1,46.9,   69,1015.2,0.00,6.5,1
2017-10-29,68.0,61.0,   92,999.3,3.86,11.4,1
2017-10-30,61.0,48.0,   60,999.3,0.22,17.0,1
2017-10-31,59.0,45.0,   49,1018.3,0.00,11.6,1
2017-11-01,57.9,39.0,   61,1026.1,0.00,5.8,0
2017-11-02,75.0,55.0,   76,1023.0,0.00,6.3,0
2017-11-03,75.9,50.0,   69,1018.6,0.00,11.6,0
2017-11-04,57.0,43.0,   60,1026.4,0.00,7.6,0
2017-11-05,62.1,53.1,   88,1022.0,0.05,6.7,0
2017-11-06,66.9,46.9,   78,1014.9,0.00,12.1,0
2017-11-07,50.0,39.0,   73,1021.7,0.69,12.5,0
2017-11-08,51.1,39.0,   72,1023.7,0.00,11.4,0
2017-11-09,54.0,37.0,   75,1020.0,0.00,7.2,0
2017-11-10,50.0,25.2,   45,1024.4,0.01,17.9,0
2017-11-11,41.0,24.3,   40,1033.9,0.00,8.5,0
2017-11-12,48.0,28.2,   50,1031.2,0.00,4.5,0
2017-11-13,48.0,37.9,   70,1026.8,0.09,10.1,0
2017-11-14,48.9,36.0,   69,1026.4,0.00,9.8,0
2017-11-15,53.1,34.0,   69,1023.0,0.00,7.6,0
2017-11-16,59.0,44.1,   70,1011.5,0.15,12.8,0
2017-11-17,50.0,37.0,   42,1017.6,0.00,14.3,0
2017-11-18,54.0,30.2,   68,1008.5,0.12,4.3,0
2017-11-19,59.0,39.0,   63,999.0,0.26,18.1,0
2017-11-20,48.0,35.1,   50,1016.9,0.00,14.1,0
2017-11-21,60.1,36.0,   53,1018.6,0.00,9.4,0
2017-11-22,55.0,35.1,   67,1014.9,0.12,11.4,0
2017-11-23,46.0,31.1,   49,1018.3,0.00,7.8,0
2017-11-24,52.0,27.1,   53,1016.3,0.00,4.9,0
2017-11-25,59.0,33.1,   56,1008.1,0.00,7.2,0
2017-11-26,51.1,37.0,   51,1013.5,0.00,11.4,0
2017-11-27,54.0,37.0,   46,1019.0,0.00,11.6,0
2017-11-28,53.1,32.0,   67,1027.4,0.00,7.4,0
2017-11-29,66.0,39.0,   55,1021.0,0.00,12.8,0
2017-11-30,51.1,32.0,   67,1022.7,0.02,5.1,0
2017-12-01,52.0,36.0,   62,1021.7,0.00,9.4,0
2017-12-02,48.9,32.0,   65,1025.1,0.00,3.6,0
2017-12-03,48.9,37.9,   76,1023.4,0.00,4.7,0
2017-12-04,52.0,32.0,   80,1029.1,0.00,4.9,0
2017-12-05,64.0,50.0,   80,1019.0,0.31,9.6,0
2017-12-06,59.0,37.0,   46,1014.6,0.00,13.2,0
2017-12-07,46.0,31.1,   45,1015.9,0.00,11.6,0
2017-12-08,39.0,32.0,   48,1017.6,0.00,8.1,0
2017-12-09,35.1,30.2,   75,1010.8,0.37,8.5,0
2017-12-10,39.9,27.1,   65,1012.9,0.00,11.4,0
2017-12-11,43.0,32.0,   59,1015.9,0.00,8.1,0
2017-12-12,50.0,29.1,   64,1001.7,0.00,11.4,0
2017-12-13,34.0,20.1,   41,1002.0,0.00,19.7,0
2017-12-14,34.0,22.1,   63,1009.1,0.08,10.5,0
2017-12-15,27.1,18.1,   66,1016.6,0.10,5.6,0
2017-12-16,39.0,17.2,   67,1017.6,0.00,11.2,0
2017-12-17,37.9,32.0,   64,1024.4,0.00,3.8,0
2017-12-18,48.0,34.0,   73,1017.6,0.04,6.5,0
2017-12-19,57.0,43.0,   59,1010.2,0.00,13.4,0
2017-12-20,50.0,34.0,   41,1012.9,0.00,12.8,0
2017-12-21,42.1,30.2,   46,1022.4,0.00,6.9,0
2017-12-22,48.9,33.1,   62,1023.0,0.00,4.9,0
2017-12-23,50.0,39.0,   92,1011.9,0.51,7.6,0
2017-12-24,41.0,37.0,   65,1019.3,0.00,10.7,0
2017-12-25,37.9,28.2,   58,1013.2,0.20,19.0,0
2017-12-26,30.2,22.1,   34,1028.8,0.00,13.6,0
2017-12-27,26.2,17.2,   39,1032.5,0.00,11.6,0
2017-12-28,20.1,12.2,   40,1033.2,0.00,14.3,0
2017-12-29,25.2,12.2,   48,1026.1,0.00,10.3,0
2017-12-30,23.2,15.3,   72,1018.3,0.03,7.4,0
2017-12-31,19.2,9.1,   50,1024.4,0.00,15.0,0
2018-01-01,20.1,6.3,   48,1028.4,0.00,12.8,0
2018-01-02,27.1,12.2,   51,1028.4,0.00,14.3,0
2018-01-03,30.2,10.2,   48,1024.0,0.00,5.8,0
2018-01-04,29.1,18.1,   69,999.7,0.71,22.8,0
2018-01-05,18.1,9.1,   45,1010.5,0.00,22.6,0
2018-01-06,14.2,6.3,   42,1024.7,0.00,16.8,0
2018-01-07,18.1,4.1,   48,1033.2,0.00,10.5,0
2018-01-08,31.1,16.2,   62,1022.0,0.00,10.7,0
2018-01-09,44.1,23.2,   61,1022.0,0.00,11.2,0
2018-01-10,39.9,24.3,   67,1031.2,0.00,4.0,0
2018-01-11,51.1,36.0,   79,1026.8,0.00,1.3,0
2018-01-12,64.0,42.1,   95,1010.5,0.55,8.5,0
2018-01-13,61.0,18.1,   62,1011.9,0.06,17.7,0
2018-01-14,27.1,15.3,   42,1035.9,0.00,14.3,0
2018-01-15,32.0,15.3,   62,1035.9,0.00,10.5,0
2018-01-16,37.9,22.1,   76,1030.8,0.00,5.4,0
2018-01-17,36.0,21.2,   78,1023.7,0.23,10.5,0
2018-01-18,35.1,17.2,   50,1017.6,0.00,11.4,0
2018-01-19,39.0,20.1,   53,1016.6,0.00,8.5,0
2018-01-20,55.0,32.0,   49,1013.2,0.00,12.3,0
2018-01-21,55.0,34.0,   58,1020.7,0.00,4.9,0
2018-01-22,51.1,39.0,   82,1020.7,0.01,5.8,0
2018-01-23,62.1,39.0,   75,1006.1,0.25,10.7,0
2018-01-24,44.1,27.1,   51,1014.6,0.00,15.2,0
2018-01-25,36.0,23.2,   35,1029.1,0.00,13.9,0
2018-01-26,39.9,20.1,   43,1037.9,0.00,4.9,0
2018-01-27,57.0,28.2,   63,1029.5,0.00,9.8,0
2018-01-28,54.0,42.1,   77,1024.0,0.20,6.7,0
2018-01-29,45.0,35.1,   61,1020.7,0.00,12.1,0
2018-01-30,37.0,24.3,   72,1016.6,0.05,12.3,0
2018-01-31,33.1,17.2,   44,1022.4,0.00,10.7,0
2018-02-01,45.0,31.1,   59,1014.2,0.02,6.3,0
2018-02-02,41.0,17.2,   51,1018.3,0.14,18.3,0
2018-02-03,32.0,14.2,   44,1029.1,0.00,11.4,0
2018-02-04,41.0,29.1,   70,1017.6,0.81,7.4,0
2018-02-05,41.0,24.3,   58,1016.3,0.00,12.1,0
2018-02-06,37.9,24.3,   56,1028.4,0.00,4.5,0
2018-02-07,45.0,24.3,   81,1022.4,0.94,9.6,0
2018-02-08,35.1,24.3,   51,1027.1,0.00,12.3,0
2018-02-09,36.0,22.1,   60,1032.5,0.00,5.6,0
2018-02-10,46.9,34.0,   88,1022.7,0.64,1.1,0
2018-02-11,64.0,45.0,   96,1014.2,1.19,5.6,0
2018-02-12,64.0,32.0,   54,1027.1,0.00,14.1,0
2018-02-13,37.9,26.2,   53,1041.0,0.00,8.7,0
2018-02-14,55.0,33.1,   65,1025.1,0.05,8.5,0
2018-02-15,60.1,44.1,   85,1010.5,0.11,7.8,0
2018-02-16,59.0,36.0,   73,1007.5,0.06,13.6,0
2018-02-17,39.0,25.2,   64,1025.1,0.48,8.5,0
2018-02-18,46.0,33.1,   63,1025.4,0.00,8.7,0
2018-02-19,48.9,32.0,   80,1030.5,0.06,2.9,0
2018-02-20,69.1,46.0,   84,1026.1,0.00,8.5,0
2018-02-21,80.1,55.9,   72,1025.4,0.00,13.4,0
2018-02-22,59.0,37.0,   76,1035.2,0.15,13.2,0
2018-02-23,41.0,37.0,   89,1032.2,0.05,6.7,0
2018-02-24,55.9,41.0,   82,1021.7,0.06,7.6,0
2018-02-25,44.1,41.0,   92,1017.3,0.98,8.3,0
2018-02-26,54.0,41.0,   59,1021.0,0.00,8.7,0
2018-02-27,59.0,36.0,   38,1026.4,0.00,6.7,0
2018-02-28,62.1,36.0,   49,1016.6,0.00,8.7,0
2018-03-01,61.0,46.0,   63,1007.8,0.51,6.9,0
2018-03-02,46.0,34.0,   86,997.0,1.89,24.4,0
2018-03-03,48.0,36.0,   60,1015.2,0.00,21.3,0
2018-03-04,46.9,34.0,   52,1019.3,0.00,19.0,0
2018-03-05,46.0,33.1,   51,1017.6,0.00,15.7,0
2018-03-06,46.9,29.1,   59,1016.3,0.00,7.6,0
2018-03-07,39.9,32.0,   91,1006.4,0.85,16.1,0
2018-03-08,39.9,32.0,   69,1006.1,0.00,11.6,0
2018-03-09,43.0,29.1,   58,1007.8,0.00,16.6,0
2018-03-10,43.0,31.1,   50,1014.2,0.00,13.2,0
2018-03-11,46.9,30.2,   45,1017.9,0.00,9.4,0
2018-03-12,45.0,30.2,   65,1013.2,0.04,10.5,0
2018-03-13,43.0,33.1,   69,1004.4,0.26,15.7,0
2018-03-14,43.0,31.1,   56,1002.4,0.00,19.9,0
2018-03-15,50.0,32.0,   50,1002.0,0.00,17.0,0
2018-03-16,44.1,30.2,   46,1008.1,0.00,16.8,0
2018-03-17,51.1,27.1,   33,1009.8,0.00,15.0,0
2018-03-18,46.0,30.2,   28,1013.2,0.00,11.4,0
2018-03-19,48.0,29.1,   34,1013.5,0.00,8.7,0
2018-03-20,39.9,30.2,   39,1011.9,0.00,12.3,0
2018-03-21,39.9,31.1,   82,1005.1,0.77,16.6,0
2018-03-22,51.1,33.1,   52,1009.8,0.05,13.9,0
2018-03-23,52.0,35.1,   41,1016.3,0.00,12.8,0
2018-03-24,52.0,35.1,   35,1019.0,0.00,13.2,0
2018-03-25,46.0,32.0,   53,1029.1,0.00,10.5,0
2018-03-26,48.0,29.1,   52,1038.6,0.00,7.8,0
2018-03-27,43.0,31.1,   57,1031.2,0.03,4.7,0
2018-03-28,51.1,37.9,   81,1017.6,0.03,6.5,0
2018-03-29,51.1,46.0,   93,1014.6,0.03,4.3,0
2018-03-30,62.1,44.1,   75,1009.1,0.02,9.8,0
2018-03-31,57.9,37.9,   34,1022.4,0.00,10.5,0
2018-04-01,63.0,39.9,   46,1015.9,0.00,11.6,0
2018-04-02,45.0,32.0,   78,1020.3,0.56,6.9,0
2018-04-03,43.0,34.0,   92,1017.9,0.23,4.9,0
2018-04-04,57.0,39.0,   70,1003.4,0.06,15.9,0
2018-04-05,48.0,33.1,   35,1017.9,0.00,16.3,0
2018-04-06,64.0,35.1,   55,1012.2,0.07,9.6,0
2018-04-07,48.9,37.0,   41,1011.2,0.00,12.8,0
2018-04-08,48.0,31.1,   39,1013.5,0.00,14.3,0
2018-04-09,50.0,31.1,   45,1021.7,0.00,8.3,0
2018-04-10,52.0,37.0,   57,1021.3,0.00,9.2,0
2018-04-11,54.0,32.0,   48,1020.7,0.00,6.3,0
2018-04-12,62.1,42.1,   55,1014.9,0.00,6.9,0
2018-04-13,84.0,57.9,   42,1011.2,0.00,15.0,0
2018-04-14,81.0,44.1,   60,1014.6,0.00,11.9,0
2018-04-15,45.0,39.0,   77,1024.0,0.44,14.3,0
2018-04-16,61.0,39.9,   82,1003.7,2.99,16.1,0
2018-04-17,48.9,39.0,   56,1004.7,0.00,16.1,0
2018-04-18,55.0,37.9,   46,1008.8,0.00,13.2,0
2018-04-19,48.9,37.0,   70,1009.1,0.12,12.3,0
2018-04-20,53.1,37.0,   43,1022.7,0.00,16.8,0
2018-04-21,64.0,37.0,   39,1027.8,0.00,10.1,0
2018-04-22,68.0,42.1,   36,1028.4,0.00,6.7,0
2018-04-23,64.9,39.9,   52,1030.8,0.00,5.6,0
2018-04-24,64.0,46.9,   65,1026.4,0.08,7.6,0
2018-04-25,57.9,53.1,   98,1009.1,0.85,7.4,0
2018-04-26,70.0,55.0,   56,1007.1,0.01,11.4,0
2018-04-27,60.1,50.0,   80,1008.8,0.10,6.5,0
2018-04-28,66.0,48.0,   84,1009.5,0.26,7.6,0
2018-04-29,61.0,48.0,   59,1013.9,0.04,12.5,0
2018-04-30,54.0,46.0,   58,1016.6,0.04,13.4,0
2018-05-01,82.9,44.1,   34,1017.3,0.00,10.1,1
2018-05-02,90.0,55.9,   25,1016.9,0.00,13.4,1
2018-05-03,93.9,66.0,   44,1014.6,0.00,12.3,1
2018-05-04,88.0,69.1,   57,1011.5,0.00,13.0,1
2018-05-05,75.9,62.1,   36,1017.6,0.00,11.4,1
2018-05-06,66.9,59.0,   62,1013.9,0.00,8.5,1
2018-05-07,75.0,52.0,   63,1018.3,0.00,7.4,1
2018-05-08,70.0,52.0,   65,1023.7,0.00,5.6,1
2018-05-09,75.9,53.1,   60,1020.3,0.00,5.4,1
2018-05-10,68.0,52.0,   81,1013.2,0.08,6.0,1
2018-05-11,75.0,61.0,   40,,0.00,10.5,1
2018-05-12,64.0,52.0,   80,1019.0,0.21,8.1,1
2018-05-13,54.0,51.1,   90,1020.0,0.25,7.2,1
2018-05-14,70.0,52.0,   85,1015.2,0.12,3.6,1
2018-05-15,91.9,61.0,   78,1011.5,0.43,9.6,1
2018-05-16,66.9,57.0,   85,1018.3,0.35,6.7,1
2018-05-17,72.0,55.9,   91,1016.6,0.33,5.1,1
2018-05-18,66.0,57.0,   56,1024.7,0.00,9.4,1
2018-05-19,57.0,51.1,   92,1023.0,0.72,6.5,1
2018-05-20,84.9,55.9,   71,1014.9,0.00,10.7,1
2018-05-21,78.1,57.9,   54,1021.0,0.00,7.4,1
2018-05-22,66.9,57.9,   75,1018.6,0.19,3.6,1
2018-05-23,82.0,57.9,   62,1013.9,0.24,8.9,1
2018-05-24,84.9,66.0,   37,1018.6,0.00,8.9,1
2018-05-25,88.0,60.1,   47,1013.9,0.00,12.8,1
2018-05-26,91.9,70.0,   60,1009.5,0.00,8.1,1
2018-05-27,78.1,57.0,   84,1015.9,0.87,11.0,1
2018-05-28,71.1,55.9,   78,1017.6,0.00,5.8,1
2018-05-29,89.1,63.0,   69,1015.2,0.00,5.6,1
2018-05-30,73.9,57.9,   87,1019.6,0.00,6.3,1
2018-05-31,68.0,63.0,   90,1015.9,0.01,5.8,1
2018-06-01,82.0,63.0,   87,1008.5,0.20,3.4,1
2018-06-02,87.1,68.0,   73,1007.5,0.05,9.2,1
2018-06-03,69.1,52.0,   74,1014.9,0.20,12.1,1
2018-06-04,72.0,52.0,   77,1007.8,0.11,7.6,1
2018-06-05,77.0,57.0,   53,1005.1,0.00,11.9,1
2018-06-06,71.1,57.0,   63,1011.5,0.00,5.8,1
2018-06-07,70.0,60.1,   71,1019.3,0.00,6.9,1
2018-06-08,84.9,55.9,   62,1020.0,0.00,8.7,1
2018-06-09,82.9,66.0,   52,1018.6,0.00,6.5,1
2018-06-10,73.0,57.0,   60,1017.3,0.06,5.6,1
2018-06-11,71.1,57.0,   62,1018.3,0.07,5.6,1
2018-06-12,75.0,54.0,   57,1021.7,0.00,7.6,1
2018-06-13,80.1,62.1,   77,1012.2,0.04,9.8,1
2018-06-14,87.1,64.9,   43,1008.8,0.00,15.0,1
2018-06-15,81.0,64.0,   48,1013.5,0.00,11.0,1
2018-06-16,87.1,59.0,   43,1016.3,0.00,7.6,1
2018-06-17,91.0,61.0,   44,1017.6,0.00,6.3,1
2018-06-18,96.1,70.0,   64,1012.9,0.14,12.1,1
2018-06-19,90.0,73.9,   52,1008.8,0.17,11.6,1
2018-06-20,86.0,69.1,   54,1010.2,0.07,6.5,1
2018-06-21,87.1,66.0,   64,1008.1,0.11,8.3,1
2018-06-22,73.9,63.0,   75,1014.9,0.14,8.3,1
2018-06-23,69.1,64.0,   78,1011.2,0.00,7.6,1
2018-06-24,89.1,66.0,   72,1009.1,0.01,8.3,1
2018-06-25,84.0,64.9,   46,1015.9,0.00,12.3,1
2018-06-26,77.0,61.0,   60,1023.0,0.00,9.2,1
2018-06-27,75.0,63.0,   71,1016.9,0.00,7.6,1
2018-06-28,88.0,70.0,   80,1008.8,0.50,8.3,1
2018-06-29,93.0,69.1,   49,1013.9,0.00,7.8,1
2018-06-30,96.1,69.1,   43,1016.6,0.00,6.9,1
2018-07-01,98.1,77.0,   53,1015.9,0.00,6.0,1
2018-07-02,96.1,75.0,   60,1017.3,0.00,5.8,1
2018-07-03,93.9,77.0,   77,1021.3,0.13,3.4,1
2018-07-04,89.1,75.9,   76,1025.1,0.00,4.5,1
2018-07-05,91.0,75.0,   73,1023.7,0.00,8.9,1
2018-07-06,84.0,69.1,   70,1017.9,0.27,12.8,1
2018-07-07,77.0,61.0,   48,1026.4,0.00,9.6,1
2018-07-08,84.0,60.1,   48,1026.4,0.00,5.4,1
2018-07-09,91.0,63.0,   47,1021.0,0.00,7.2,1
2018-07-10,96.1,69.1,   44,1012.9,0.00,8.9,1
2018-07-11,89.1,72.0,   57,1013.9,0.00,10.3,1
2018-07-12,86.0,70.0,   50,1021.3,0.00,6.7,1
2018-07-13,86.0,66.9,   52,1022.7,0.00,7.2,1
2018-07-14,93.0,66.9,   49,1018.6,0.06,10.5,1
2018-07-15,86.0,69.1,   77,1015.6,1.14,6.9,1
2018-07-16,93.9,72.0,   67,1013.5,0.00,8.5,1
2018-07-17,93.0,71.1,   82,1010.2,1.12,9.8,1
2018-07-18,88.0,69.1,   46,1012.2,0.00,12.1,1
2018-07-19,82.9,62.1,   50,1018.3,0.00,7.6,1
2018-07-20,82.0,66.9,   60,1020.3,0.00,6.7,1
2018-07-21,77.0,66.0,   66,1016.6,0.98,11.0,1
2018-07-22,81.0,71.1,   89,1012.5,0.60,13.2,1
2018-07-23,82.9,72.0,   92,1019.0,0.17,11.4,1
2018-07-24,82.9,73.9,   86,1020.7,0.00,12.5,1
2018-07-25,79.0,71.1,   95,1014.2,0.66,8.7,1
2018-07-26,88.0,70.0,   75,1011.5,0.01,8.7,1
2018-07-27,89.1,70.0,   78,1014.9,1.16,6.9,1
2018-07-28,88.0,66.0,   72,1014.9,0.00,4.7,1
2018-07-29,84.9,70.0,   54,1018.3,0.00,7.6,1
2018-07-30,81.0,66.0,   67,1020.0,0.00,5.1,1
2018-07-31,82.0,66.9,   70,1019.6,0.00,7.4,1
2018-08-01,89.1,75.0,   78,1016.6,0.09,12.3,1
2018-08-02,88.0,75.0,   74,1018.6,0.40,9.6,1
2018-08-03,87.1,72.0,   84,1020.3,0.54,7.4,1
2018-08-04,89.1,72.0,   76,1018.3,0.69,8.3,1
2018-08-05,93.9,71.1,   60,1020.0,0.00,5.8,1
2018-08-06,95.0,75.0,   61,1017.6,0.00,6.7,1
2018-08-07,93.0,75.9,   72,1014.2,0.13,8.5,1
2018-08-08,93.9,75.0,   68,1010.8,0.00,6.3,1
2018-08-09,91.0,75.9,   59,1009.1,0.01,9.6,1
2018-08-10,91.0,71.1,   56,1011.5,0.00,5.6,1
2018-08-11,80.1,71.1,   87,1013.5,1.26,4.7,1
2018-08-12,84.9,69.1,   83,1016.3,0.00,6.7,1
2018-08-13,77.0,70.0,   94,1014.2,0.72,7.4,1
2018-08-14,82.9,66.9,   87,1010.8,0.40,7.6,1
2018-08-15,90.0,69.1,   65,1012.5,0.00,10.3,1
2018-08-16,91.9,73.0,   60,1017.3,0.00,8.1,1
2018-08-17,90.0,73.0,   73,1015.9,0.61,8.9,1
2018-08-18,90.0,70.0,   78,1010.2,0.11,10.5,1
2018-08-19,73.0,68.0,   78,1015.2,0.00,10.1,1
2018-08-20,75.0,68.0,   75,1020.0,0.00,7.4,1
2018-08-21,77.0,69.1,   77,1016.6,0.11,8.3,1
2018-08-22,86.0,71.1,   70,1006.8,0.75,11.6,1
2018-08-23,81.0,66.0,   53,1014.9,0.00,11.4,1
2018-08-24,84.9,63.0,   54,1022.7,0.00,4.9,1
2018-08-25,80.1,66.0,   61,1024.4,0.00,4.9,1
2018-08-26,87.1,66.0,   64,1019.6,0.00,8.5,1
2018-08-27,91.9,71.1,   66,1017.6,0.00,6.7,1
2018-08-28,96.1,75.9,   63,1016.6,0.00,10.1,1
2018-08-29,96.1,78.1,   61,1014.9,0.00,10.5,1
2018-08-30,91.9,77.0,   57,1016.6,0.00,11.4,1
2018-08-31,79.0,72.0,   71,1024.0,0.05,9.8,1
2018-09-01,78.1,70.0,   70,1025.7,0.00,7.4,1
2018-09-02,82.0,68.0,   76,1024.0,0.00,4.9,1
2018-09-03,95.0,75.9,   68,1023.4,0.00,7.2,1
2018-09-04,95.0,78.1,   58,1022.7,0.00,6.7,1
2018-09-05,91.0,78.1,   71,1022.4,0.00,6.7,1
2018-09-06,98.1,75.9,   70,1019.6,0.07,8.5,1
2018-09-07,79.0,71.1,   80,1020.0,0.00,9.6,1
2018-09-08,72.0,59.0,   69,1020.0,0.01,13.4,1
2018-09-09,61.0,55.9,   85,1023.0,0.51,12.5,1
2018-09-10,63.0,55.0,   96,1021.3,0.69,11.9,1
2018-09-11,75.9,57.9,   89,1020.0,0.01,4.9,1
2018-09-12,79.0,71.1,   94,1023.0,0.23,5.8,1
2018-09-13,77.0,70.0,   86,1024.0,0.47,6.7,1
2018-09-14,75.9,69.1,   82,1023.4,0.05,5.8,1
2018-09-15,81.0,66.0,   78,1022.4,0.00,3.6,1
2018-09-16,84.0,64.0,   72,1022.4,0.00,3.6,1
2018-09-17,79.0,66.9,   86,1017.9,0.00,5.8,1
2018-09-18,81.0,71.1,   89,1008.1,0.46,9.4,1
2018-09-19,82.9,66.9,   74,1012.9,0.00,7.6,1
2018-09-20,73.9,66.0,   71,1022.7,0.01,6.5,1
2018-09-21,73.9,66.9,   76,1020.7,0.00,9.2,1
2018-09-22,75.0,61.0,   62,1019.3,0.00,11.6,1
2018-09-23,66.0,57.9,   73,1024.0,0.00,8.5,1
2018-09-24,71.1,55.9,   72,1030.5,0.00,12.8,1
2018-09-25,75.0,59.0,   93,1024.4,1.89,8.5,1
2018-09-26,84.0,69.1,   82,1014.6,0.02,9.6,1
2018-09-27,73.9,61.0,   60,1018.6,0.01,11.2,1
2018-09-28,64.9,55.0,   87,1017.3,1.21,9.8,1
2018-09-29,75.9,53.1,   69,1022.4,0.00,6.9,1
2018-09-30,70.0,53.1,   71,1026.4,0.00,6.7,1
2018-10-01,79.0,59.0,   81,1024.7,0.00,5.8,1
2018-10-02,79.0,64.0,   80,1019.3,0.46,7.6,1
2018-10-03,75.9,60.1,   75,1017.3,0.00,8.5,1
2018-10-04,79.0,57.9,   81,1015.6,0.00,5.1,1
2018-10-05,71.1,59.0,   69,1020.3,0.00,8.7,1
2018-10-06,66.9,63.0,   88,1022.0,0.01,6.0,1
2018-10-07,82.0,66.9,   86,1022.4,0.00,6.7,1
2018-10-08,71.1,64.0,   94,1028.8,0.00,7.2,1
2018-10-09,78.1,64.9,   87,1025.7,0.00,4.7,1
2018-10-10,81.0,70.0,   87,1017.6,0.00,6.9,1
2018-10-11,81.0,68.0,   93,1005.4,0.72,7.8,1
2018-10-12,68.0,51.1,   59,1004.1,0.33,16.6,1
2018-10-13,59.0,46.9,   71,1013.2,0.07,8.5,1
2018-10-14,57.9,43.0,   70,1023.0,0.00,5.8,1
2018-10-15,68.0,53.1,   88,1016.3,0.04,10.3,1
2018-10-16,59.0,45.0,   55,1019.0,0.00,11.9,1
2018-10-17,64.0,42.1,   56,1015.6,0.00,13.9,1
2018-10-18,53.1,39.9,   41,1026.4,0.00,12.1,1
2018-10-19,61.0,35.1,   60,1021.3,0.00,11.0,1
2018-10-20,63.0,48.9,   75,1005.8,0.06,11.4,1
2018-10-21,50.0,37.0,   55,1014.2,0.00,15.7,1
2018-10-22,54.0,34.0,   64,1022.7,0.00,8.5,1
2018-10-23,66.0,44.1,   59,1016.3,0.00,8.7,1
2018-10-24,55.9,44.1,   55,1018.6,0.00,14.3,1
2018-10-25,53.1,36.0,   54,1019.6,0.00,10.5,1
2018-10-26,50.0,36.0,   66,1019.0,0.01,5.8,1
2018-10-27,50.0,45.0,   95,1004.7,1.09,17.4,1
2018-10-28,54.0,45.0,   82,1007.8,0.02,9.6,1
2018-10-29,59.0,44.1,   72,1009.1,0.01,11.9,1
2018-10-30,57.9,39.0,   53,1017.6,0.00,9.8,1
2018-10-31,68.0,37.0,   62,1016.6,0.00,6.9,1
2018-11-01,73.0,52.0,   75,1011.5,0.00,6.7,0
2018-11-02,73.0,64.9,   84,1004.7,0.07,11.4,0
2018-11-03,66.9,46.0,   68,1011.9,0.43,15.2,0
2018-11-04,55.9,39.0,   59,1031.8,0.00,5.1,0
2018-11-05,54.0,48.9,   85,1025.4,0.29,9.8,0
2018-11-06,59.0,48.9,   98,1012.2,0.68,7.2,0
2018-11-07,63.0,45.0,   56,1015.2,0.00,12.8,0
2018-11-08,57.9,39.9,   50,1024.0,0.00,8.5,0
2018-11-09,52.0,36.0,   80,1020.7,0.97,8.9,0
2018-11-10,48.9,32.0,   58,1015.9,0.03,14.8,0
2018-11-11,48.0,28.2,   53,1027.4,0.00,7.8,0
2018-11-12,48.9,30.2,   66,1028.8,0.06,2.9,0
2018-11-13,50.0,43.0,   81,1015.9,0.90,12.3,0
2018-11-14,43.0,31.1,   43,1029.8,0.00,14.3,0
2018-11-15,39.9,28.2,   73,1028.1,1.06,13.9,0
2018-11-16,46.0,34.0,   78,1006.4,0.33,16.8,0
2018-11-17,48.9,34.0,   63,1021.3,0.00,10.7,0
2018-11-18,44.1,37.0,   61,1026.4,0.00,4.5,0
2018-11-19,52.0,37.0,   76,1018.3,0.00,3.6,0
2018-11-20,48.9,39.0,   70,1013.2,0.00,10.5,0
2018-11-21,46.9,27.1,   53,1018.6,0.00,15.2,0
2018-11-22,29.1,17.2,   36,1031.2,0.00,17.0,0
2018-11-23,33.1,13.1,   38,1033.9,0.00,7.4,0
2018-11-24,48.0,25.2,   68,1016.9,1.23,7.8,0
2018-11-25,57.9,45.0,   69,1009.8,0.76,10.3,0
2018-11-26,53.1,42.1,   85,1004.7,1.12,9.4,0
2018-11-27,45.0,35.1,   66,997.3,0.02,17.4,0
2018-11-28,42.1,35.1,   57,1000.7,0.00,18.3,0
2018-11-29,46.9,37.0,   54,1012.9,0.00,15.0,0
2018-11-30,42.1,36.0,   69,1017.6,0.00,4.7,0
2018-12-01,46.0,32.0,   77,1021.3,0.06,4.9,0
2018-12-02,55.0,42.1,   99,1007.1,0.93,5.6,0
2018-12-03,55.0,45.0,   69,1004.4,0.00,13.0,0
2018-12-04,45.0,27.1,   48,1014.2,0.00,13.9,0
2018-12-05,37.0,24.3,   58,1018.6,0.00,8.7,0
2018-12-06,39.9,24.3,   58,1021.7,0.00,11.4,0
2018-12-07,39.9,26.2,   48,1027.1,0.00,12.5,0
2018-12-08,37.0,23.2,   54,1032.5,0.00,8.3,0
2018-12-09,36.0,25.2,   57,1028.4,0.00,3.6,0
2018-12-10,41.0,23.2,   58,1020.3,0.00,8.5,0
2018-12-11,42.1,23.2,   61,1018.3,0.00,6.7,0
2018-12-12,41.0,31.1,   59,1020.3,0.00,8.1,0
2018-12-13,37.9,32.0,   78,1029.5,0.00,10.3,0
2018-12-14,50.0,37.0,   87,1029.1,0.13,5.6,0
2018-12-15,51.1,46.9,   86,1020.7,0.15,9.2,0
2018-12-16,46.9,36.0,   90,1013.2,1.47,16.8,0
2018-12-17,48.9,37.9,   65,1007.8,0.00,15.0,0
2018-12-18,39.9,27.1,   46,1016.9,0.00,16.1,0
2018-12-19,44.1,25.2,   56,1020.7,0.00,6.3,0
2018-12-20,53.1,30.2,   81,1016.9,0.36,4.0,0
2018-12-21,61.0,50.0,   97,995.6,1.37,10.5,0
2018-12-22,53.1,39.9,   66,1001.4,0.03,16.1,0
2018-12-23,45.0,36.0,   54,1019.3,0.00,8.9,0
2018-12-24,44.1,34.0,   72,1018.3,0.09,9.2,0
2018-12-25,42.1,29.1,   56,1025.1,0.00,10.1,0
2018-12-26,44.1,31.1,   59,1031.2,0.00,6.9,0
2018-12-27,45.0,34.0,   63,1034.5,0.00,6.9,0
2018-12-28,59.0,43.0,   96,1017.6,1.21,8.3,0
2018-12-29,55.9,39.0,   63,1016.6,0.00,13.4,0
2018-12-30,41.0,33.1,   71,1023.4,0.00,5.4,0
2018-12-31,46.0,32.0,   86,1023.0,1.29,4.5,0
2019-01-01,57.9,39.9,   70,1011.2,0.08,15.0,0
2019-01-02,41.0,35.1,   59,1024.4,0.00,7.2,0
2019-01-03,45.0,32.0,   66,1014.6,0.00,8.7,0
2019-01-04,46.0,29.1,   70,1013.9,0.00,7.6,0
2019-01-05,46.9,41.0,   91,1001.4,0.61,10.5,0
2019-01-06,51.1,31.1,   57,1014.9,0.00,15.0,0
2019-01-07,34.0,25.2,   41,1029.8,0.00,9.6,0
2019-01-08,44.1,34.0,   90,1013.5,0.15,2.5,0
2019-01-09,46.0,34.0,   53,1002.0,0.04,18.3,0
2019-01-10,36.0,29.1,   52,1008.5,0.00,19.9,0
2019-01-11,33.1,21.2,   38,1024.0,0.00,15.0,0
2019-01-12,35.1,20.1,   41,1032.8,0.00,6.3,0
2019-01-13,33.1,23.2,   49,1028.8,0.00,11.4,0
2019-01-14,34.0,20.1,   54,1023.4,0.00,10.5,0
2019-01-15,37.9,20.1,   54,1020.3,0.00,5.6,0
2019-01-16,39.0,23.2,   61,1019.0,0.00,10.3,0
2019-01-17,34.0,24.3,   47,1027.1,0.00,7.6,0
2019-01-18,37.9,27.1,   85,1020.0,0.02,6.9,0
2019-01-19,37.9,28.2,   71,1020.7,0.45,6.9,0
2019-01-20,41.0,13.1,   79,999.7,1.07,16.3,0
2019-01-21,15.3,4.1,   45,1019.6,0.00,23.0,0
2019-01-22,32.0,13.1,   43,1035.9,0.00,8.5,0
2019-01-23,48.9,27.1,   59,1023.4,0.00,6.3,0
2019-01-24,59.0,35.1,   82,1001.7,0.98,16.6,0
2019-01-25,39.9,27.1,   42,1015.6,0.00,14.1,0
2019-01-26,36.0,21.2,   40,1024.0,0.00,6.5,0
2019-01-27,51.1,26.2,   56,1016.9,0.00,9.6,0
2019-01-28,37.9,22.1,   44,1018.3,0.00,10.7,0
2019-01-29,42.1,20.1,   78,1013.2,0.19,7.2,0
2019-01-30,34.0,5.2,   47,1014.9,0.20,17.4,0
2019-01-31,17.2,2.1,   36,1028.8,0.00,13.4,0
2019-02-01,22.1,10.2,   39,1029.8,0.00,6.9,0
2019-02-02,35.1,14.2,   55,1024.0,0.00,11.2,0
2019-02-03,53.1,24.3,   65,1020.3,0.00,6.3,0
2019-02-04,61.0,32.0,   67,1017.6,0.00,2.9,0
2019-02-05,68.0,37.0,   66,1015.2,0.00,6.7,0
2019-02-06,46.9,34.0,   73,1021.3,0.53,7.8,0
2019-02-07,45.0,39.0,   91,1017.6,0.07,7.6,0
2019-02-08,55.9,32.0,   66,1015.6,0.46,14.3,0
2019-02-09,34.0,24.3,   38,1035.6,0.00,17.2,0
2019-02-10,37.0,22.1,   42,1034.9,0.00,8.1,0
2019-02-11,37.9,29.1,   59,1026.8,0.00,6.9,0
2019-02-12,36.0,26.2,   75,1021.3,0.81,11.4,0
2019-02-13,42.1,33.1,   68,1006.1,0.06,15.2,0
2019-02-14,46.0,32.0,   46,1016.3,0.00,11.2,0
2019-02-15,63.0,39.9,   57,1006.8,0.00,8.7,0
2019-02-16,48.9,31.1,   44,1011.5,0.00,13.4,0
2019-02-17,36.0,22.1,   60,1018.3,0.05,7.6,0
2019-02-18,44.1,26.2,   75,1014.9,0.09,12.1,0
2019-02-19,37.0,23.2,   39,1034.2,0.00,11.4,0
2019-02-20,33.1,26.2,   72,1031.5,0.85,6.0,0
2019-02-21,52.0,32.0,   72,1015.2,0.12,10.3,0
2019-02-22,45.0,36.0,   46,1027.4,0.00,11.6,0
2019-02-23,39.9,31.1,   68,1029.5,0.02,6.7,0
2019-02-24,46.9,37.0,   84,1003.0,0.81,14.5,0
2019-02-25,43.0,28.2,   33,1010.5,0.00,28.2,0
2019-02-26,39.9,25.2,   36,1027.4,0.00,17.2,0
2019-02-27,31.1,24.3,   51,1026.1,0.00,8.1,0
2019-02-28,37.9,27.1,   54,1021.0,0.02,11.2,0
2019-03-01,36.0,25.2,   71,1025.7,0.05,8.3,0
2019-03-02,41.0,30.2,   83,1017.6,0.51,10.1,0
2019-03-03,42.1,32.0,   72,1017.3,0.66,6.3,0
2019-03-04,39.0,29.1,   64,1009.5,0.23,12.8,0
2019-03-05,31.1,21.2,   46,1016.9,0.00,12.1,0
2019-03-06,27.1,18.1,   46,1021.0,0.00,14.3,0
2019-03-07,32.0,15.3,   47,1026.1,0.00,10.1,0
2019-03-08,39.0,20.1,   52,1027.4,0.00,4.7,0
2019-03-09,48.9,33.1,   53,1025.7,0.00,5.8,0
2019-03-10,42.1,36.0,   91,1017.9,0.77,9.2,0
2019-03-11,55.0,39.0,   46,1016.6,0.00,15.0,0
2019-03-12,45.0,34.0,   42,1023.0,0.00,14.1,0
2019-03-13,46.9,28.2,   53,1026.8,0.00,5.1,0
2019-03-14,54.0,42.1,   61,1021.0,0.00,5.4,0
2019-03-15,77.0,45.0,   69,1007.8,0.52,12.8,0
2019-03-16,55.9,37.0,   40,1015.2,0.00,17.7,0
2019-03-17,46.0,30.2,   35,1022.0,0.00,9.6,0
2019-03-18,46.9,30.2,   37,1025.4,0.00,5.8,0
2019-03-19,51.1,29.1,   42,1029.1,0.00,6.3,0
2019-03-20,52.0,34.0,   59,1027.4,0.00,6.3,0
2019-03-21,48.0,42.1,   87,1014.6,1.00,9.4,0
2019-03-22,50.0,37.9,   69,995.6,0.43,20.6,0
2019-03-23,50.0,34.0,   37,1012.2,0.00,20.4,0
2019-03-24,62.1,31.1,   26,1019.6,0.00,10.7,0
2019-03-25,54.0,42.1,   37,1017.6,0.00,10.1,0
2019-03-26,50.0,32.0,   21,1024.7,0.00,14.5,0
2019-03-27,46.0,30.2,   41,1032.8,0.00,7.6,0
2019-03-28,52.0,32.0,   60,1027.8,0.00,6.3,0
2019-03-29,57.9,46.0,   65,1019.6,0.00,6.5,0
2019-03-30,71.1,50.0,   57,1014.9,0.00,8.7,0
2019-03-31,64.9,39.0,   63,1007.8,0.03,14.1,0
2019-04-01,48.0,32.0,   35,1023.0,0.00,15.4,0
2019-04-02,50.0,35.1,   54,1026.1,0.00,7.6,0
2019-04-03,66.9,39.9,   36,1016.9,0.00,18.3,0
2019-04-04,62.1,41.0,   24,1028.1,0.00,13.4,0
2019-04-05,43.0,39.0,   59,1029.8,0.17,8.9,0
2019-04-06,69.1,39.0,   65,1022.0,0.00,8.1,0
2019-04-07,63.0,46.0,   57,1022.4,0.00,5.8,0
2019-04-08,80.1,51.1,   67,1009.1,0.26,10.3,0
2019-04-09,52.0,45.0,   89,1005.1,0.02,6.5,0
2019-04-10,61.0,44.1,   42,1011.2,0.00,13.2,0
2019-04-11,52.0,37.9,   41,1023.7,0.00,7.4,0
2019-04-12,70.0,46.0,   68,1022.4,0.57,7.4,0
2019-04-13,79.0,61.0,   70,1016.6,0.17,11.4,0
2019-04-14,72.0,55.9,   86,1008.8,0.02,5.4,0
2019-04-15,70.0,46.0,   64,999.3,1.00,19.0,0
2019-04-16,66.9,37.0,   32,1015.6,0.00,15.2,0
2019-04-17,60.1,48.9,   45,1021.0,0.00,8.1,0
2019-04-18,64.0,51.1,   72,1016.3,0.00,8.1,0
2019-04-19,80.1,63.0,   72,1008.1,0.07,16.1,0
2019-04-20,69.1,53.1,   86,1007.8,0.51,9.6,0
2019-04-21,64.0,52.0,   74,1015.6,0.00,7.2,0
2019-04-22,64.9,50.0,   77,1016.6,0.09,9.6,0
2019-04-23,78.1,55.9,   57,1012.2,0.01,7.4,0
2019-04-24,71.1,55.0,   43,1008.1,0.00,11.6,0
2019-04-25,63.0,46.0,   64,1013.9,0.02,6.5,0
2019-04-26,62.1,52.0,   88,1001.4,0.81,9.2,0
2019-04-27,63.0,46.9,   43,1003.0,0.02,19.0,0
2019-04-28,55.9,45.0,   61,1016.9,0.00,9.2,0
2019-04-29,59.0,37.0,   53,1027.4,0.01,8.1,0
2019-04-30,64.0,48.9,   81,1024.0,0.02,4.7,0
2019-05-01,55.0,50.0,   80,1027.8,0.01,6.0,1
2019-05-02,78.1,51.1,   80,1020.3,0.14,6.5,1
2019-05-03,57.0,50.0,   90,1018.3,0.01,4.3,1
2019-05-04,70.0,54.0,   88,1011.2,0.07,4.0,1
2019-05-05,57.9,52.0,   94,1009.8,1.53,9.8,1
2019-05-06,72.0,52.0,   65,1015.6,0.00,7.8,1
2019-05-07,75.0,54.0,   70,1020.7,0.18,6.7,1
2019-05-08,71.1,55.9,   64,1023.0,0.00,7.6,1
2019-05-09,59.0,55.0,   64,1025.4,0.00,10.1,1
2019-05-10,79.0,55.0,   76,1016.3,0.03,8.9,1
2019-05-11,71.1,57.0,   52,1015.6,0.03,9.2,1
2019-05-12,59.0,44.1,   90,1013.2,1.48,12.8,1
2019-05-13,50.0,43.0,   89,1010.8,0.84,8.9,1
2019-05-14,52.0,44.1,   89,1009.8,0.28,6.5,1
2019-05-15,72.0,45.0,   53,1010.5,0.01,10.5,1
2019-05-16,75.0,52.0,   52,1010.8,0.04,6.5,1
2019-05-17,80.1,55.9,   59,1008.5,0.02,10.7,1
2019-05-18,78.1,57.9,   44,1014.9,0.00,8.3,1
2019-05-19,84.0,59.0,   72,1015.6,0.06,8.7,1
2019-05-20,89.1,68.0,   56,1008.5,0.00,14.1,1
2019-05-21,73.9,57.9,   36,1014.2,0.00,17.4,1
2019-05-22,77.0,55.0,   36,1022.7,0.00,7.8,1
2019-05-23,75.0,55.9,   75,1017.3,0.51,9.4,1
2019-05-24,78.1,60.1,   53,1013.9,0.00,17.7,1
2019-05-25,70.0,57.0,   62,1021.0,0.00,9.6,1
2019-05-26,90.0,61.0,   69,1012.9,0.20,10.5,1
2019-05-27,82.0,64.0,   45,1012.5,0.00,8.5,1
2019-05-28,75.9,63.0,   77,1008.5,0.77,5.4,1
2019-05-29,75.0,57.9,   83,1006.4,0.58,7.2,1
2019-05-30,68.0,57.9,   91,1007.1,0.52,5.6,1
2019-05-31,82.9,63.0,   62,1007.5,0.00,8.3,1
2019-06-01,79.0,63.0,   62,1009.1,0.00,5.8,1
2019-06-02,82.9,64.0,   62,1006.1,0.39,8.5,1
2019-06-03,73.0,57.0,   42,1012.9,0.00,12.8,1
2019-06-04,73.9,52.0,   41,1017.9,0.00,9.2,1
2019-06-05,84.0,63.0,   63,1010.5,0.00,12.3,1
2019-06-06,87.1,70.0,   62,1007.1,0.13,10.5,1
2019-06-07,81.0,64.9,   65,1013.2,0.00,5.8,1
2019-06-08,81.0,63.0,   53,1020.7,0.00,8.3,1
2019-06-09,77.0,57.9,   46,1025.1,0.00,9.8,1
2019-06-10,69.1,60.1,   90,1016.6,0.79,7.6,1
2019-06-11,80.1,64.9,   54,1013.5,0.18,13.9,1
2019-06-12,73.9,57.9,   52,1020.7,0.00,8.9,1
2019-06-13,68.0,57.0,   76,1010.2,0.65,9.2,1
2019-06-14,77.0,59.0,   55,1012.5,0.00,13.9,1
2019-06-15,84.0,55.9,   46,1017.3,0.00,11.9,1
2019-06-16,84.0,68.0,   70,1010.8,0.00,10.1,1
2019-06-17,77.0,69.1,   78,1014.2,0.01,4.5,1
2019-06-18,75.9,68.0,   93,1012.5,1.23,3.8,1
2019-06-19,71.1,66.9,   93,1009.8,0.13,5.4,1
2019-06-20,81.0,66.0,   92,1001.0,0.76,5.8,1
2019-06-21,81.0,66.0,   66,1003.0,0.67,12.8,1
2019-06-22,82.9,62.1,   44,1012.5,0.00,14.8,1
2019-06-23,87.1,61.0,   42,1014.2,0.00,10.3,1
2019-06-24,87.1,62.1,   50,1010.8,0.00,5.8,1
2019-06-25,88.0,71.1,   69,1009.8,0.74,7.6,1
2019-06-26,91.0,70.0,   49,1015.9,0.00,8.5,1
2019-06-27,91.0,71.1,   44,1019.3,0.00,6.9,1
2019-06-28,90.0,71.1,   48,1020.3,0.00,6.5,1
2019-06-29,93.0,71.1,   68,1014.2,0.32,10.3,1
2019-06-30,87.1,70.0,   53,1008.8,0.00,15.9,1
2019-07-01,88.0,66.0,   48,1012.5,0.00,9.6,1
2019-07-02,90.0,66.9,   56,1009.5,0.00,8.7,1
2019-07-03,87.1,77.0,   64,1010.8,0.00,4.5,1
2019-07-04,89.1,73.9,   67,1017.6,0.00,5.8,1
2019-07-05,82.9,73.9,   80,1019.6,0.00,6.5,1
2019-07-06,91.9,77.0,   76,1012.5,0.03,8.3,1
2019-07-07,87.1,72.0,   71,1012.5,0.00,9.2,1
2019-07-08,80.1,69.1,   68,1014.9,0.03,4.5,1
2019-07-09,91.0,66.9,   55,1016.6,0.00,7.6,1
2019-07-10,91.9,72.0,   55,1015.9,0.00,8.1,1
2019-07-11,86.0,72.0,   75,1011.9,1.48,7.8,1
2019-07-12,90.0,71.1,   64,1007.8,0.00,11.0,1
2019-07-13,89.1,71.1,   56,1012.9,0.00,8.9,1
2019-07-14,91.9,72.0,   48,1013.5,0.00,11.4,1
2019-07-15,89.1,70.0,   46,1017.3,0.00,8.5,1
2019-07-16,93.0,72.0,   51,1016.9,0.00,8.9,1
2019-07-17,97.0,73.9,   66,1012.9,0.96,8.7,1
2019-07-18,84.0,72.0,   89,1012.2,0.33,6.7,1
2019-07-19,95.0,72.0,   70,1011.5,0.00,8.5,1
2019-07-20,98.1,80.1,   58,1009.8,0.00,10.3,1
2019-07-21,99.0,80.1,   59,1008.8,0.00,11.9,1
2019-07-22,89.1,73.0,   77,1008.5,1.78,6.7,1
2019-07-23,75.9,66.9,   76,1009.8,0.60,9.4,1
2019-07-24,86.0,68.0,   63,1013.9,0.01,6.7,1
2019-07-25,87.1,69.1,   49,1019.3,0.00,6.7,1
2019-07-26,87.1,66.9,   53,1023.7,0.00,5.8,1
2019-07-27,88.0,71.1,   56,1023.0,0.00,6.3,1
2019-07-28,91.9,71.1,   57,1018.6,0.00,9.4,1
2019-07-29,93.9,72.0,   55,1015.2,0.00,7.6,1
2019-07-30,95.0,75.0,   59,1014.9,0.00,8.7,1
2019-07-31,89.1,70.0,   73,1016.3,1.60,4.9,1
2019-08-01,89.1,70.0,   58,1017.9,0.00,6.0,1
2019-08-02,84.9,73.0,   62,1019.3,0.00,6.5,1
2019-08-03,84.9,71.1,   73,1015.9,0.23,6.0,1
2019-08-04,91.0,70.0,   69,1012.5,0.50,6.3,1
2019-08-05,81.0,69.1,   67,1014.6,0.00,6.7,1
2019-08-06,82.0,72.0,   80,1011.5,0.31,6.0,1
2019-08-07,84.0,69.1,   87,1009.1,1.54,6.9,1
2019-08-08,87.1,68.0,   73,1006.4,0.00,,1
2019-08-09,86.0,66.9,   57,1007.5,0.00,8.3,1
2019-08-10,84.0,64.9,   45,1010.8,0.00,11.4,1
2019-08-11,82.0,63.0,   48,1015.6,0.00,7.8,1
2019-08-12,88.0,64.0,   52,1013.9,0.00,7.6,1
2019-08-13,81.0,73.0,   77,1009.1,0.00,7.6,1
2019-08-14,84.0,72.0,   82,1010.2,1.69,4.3,1
2019-08-15,82.9,72.0,   72,1015.6,0.00,6.7,1
2019-08-16,82.9,70.0,   75,1016.6,0.00,5.8,1
2019-08-17,88.0,75.0,   78,1015.6,0.00,5.4,1
2019-08-18,90.0,73.9,   75,1015.2,0.00,6.0,1
2019-08-19,93.9,73.0,   71,1014.9,0.00,7.2,1
2019-08-20,87.1,73.9,   63,1017.6,0.00,6.7,1
2019-08-21,89.1,73.9,   76,1012.9,0.51,7.4,1
2019-08-22,91.9,71.1,   71,1011.2,1.13,8.5,1
2019-08-23,75.0,64.9,   68,1015.6,0.01,7.2,1
2019-08-24,78.1,63.0,   52,1021.3,0.00,10.5,1
2019-08-25,77.0,62.1,   60,1023.7,0.00,11.9,1
2019-08-26,75.0,59.0,   65,1022.4,0.00,9.4,1
2019-08-27,73.9,60.1,   70,1017.9,0.00,6.3,1
2019-08-28,77.0,66.9,   84,1011.5,0.02,5.4,1
2019-08-29,84.0,66.0,   51,1012.5,0.00,10.7,1
2019-08-30,89.1,61.0,   56,1016.3,0.00,10.5,1
2019-08-31,82.9,66.9,   48,1022.7,0.00,7.6,1
2019-09-01,77.0,62.1,   63,1025.7,0.00,9.4,1
2019-09-02,77.0,70.0,   83,1017.3,1.19,6.5,1
2019-09-03,82.0,66.0,   65,1016.6,0.00,6.7,1
2019-09-04,90.0,66.9,   68,1013.5,0.00,10.5,1
2019-09-05,75.0,64.0,   62,1017.6,0.00,7.2,1
2019-09-06,68.0,59.0,   81,1011.5,0.32,14.3,1
2019-09-07,79.0,57.0,   59,1009.8,0.00,11.0,1
2019-09-08,80.1,59.0,   61,1017.3,0.00,6.7,1
2019-09-09,78.1,64.0,   68,1023.4,0.00,8.1,1
2019-09-10,78.1,68.0,   81,1026.1,0.00,6.5,1
2019-09-11,91.0,68.0,   69,1019.6,0.00,11.6,1
2019-09-12,81.0,63.0,   79,1019.0,0.04,11.2,1
2019-09-13,71.1,57.0,   61,1029.8,0.00,10.7,1
2019-09-14,77.0,64.9,   70,1024.4,0.00,7.6,1
2019-09-15,84.0,66.9,   59,1019.6,0.00,6.7,1
2019-09-16,80.1,66.9,   67,1017.3,0.00,3.8,1
2019-09-17,79.0,59.0,   47,1020.0,0.00,9.6,1
2019-09-18,71.1,55.9,   57,1023.7,0.00,9.4,1
2019-09-19,72.0,48.9,   53,1026.4,0.00,6.9,1
2019-09-20,80.1,50.0,   53,1023.4,0.00,7.4,1
2019-09-21,86.0,55.0,   57,1022.0,0.00,3.6,1
2019-09-22,89.1,60.1,   65,1019.0,0.00,7.4,1
2019-09-23,93.0,70.0,   60,1010.2,0.05,11.2,1
2019-09-24,79.0,63.0,   54,1009.5,0.00,11.6,1
2019-09-25,81.0,57.9,   53,1011.5,0.00,6.7,1
2019-09-26,86.0,59.0,   72,1010.2,0.00,8.5,1
2019-09-27,79.0,57.9,   64,1019.0,0.00,5.8,1
2019-09-28,86.0,60.1,   70,1018.6,0.00,7.6,1
2019-09-29,81.0,64.0,   51,1023.0,0.00,11.2,1
2019-09-30,70.0,61.0,   59,1025.4,0.00,9.2,1
2019-10-01,84.0,63.0,   66,1016.9,0.00,11.0,1
2019-10-02,96.1,66.9,   67,1010.2,0.58,13.6,1
2019-10-03,66.9,55.0,   94,1017.6,0.49,9.8,1
2019-10-04,68.0,48.9,   63,1019.3,0.00,14.1,1
2019-10-05,60.1,43.0,   57,1029.8,0.00,7.8,1
2019-10-06,71.1,59.0,   70,1025.1,0.00,8.7,1
2019-10-07,80.1,59.0,   70,1020.3,0.29,12.5,1
2019-10-08,64.9,57.9,   70,1023.0,0.03,13.2,1
2019-10-09,59.0,52.0,   76,1024.4,0.26,15.4,1
2019-10-10,73.0,53.1,   43,1022.4,0.00,17.4,1
2019-10-11,64.9,54.0,   50,1019.0,0.00,16.3,1
2019-10-12,70.0,55.0,   63,1014.9,0.00,7.4,1
2019-10-13,66.9,52.0,   66,1017.9,0.00,6.0,1
2019-10-14,75.0,57.9,   56,1014.9,0.00,7.6,1
2019-10-15,66.0,51.1,   54,1019.6,0.00,5.6,1
2019-10-16,66.0,50.0,   84,1004.7,2.13,11.9,1
2019-10-17,60.1,51.1,   56,995.6,0.00,22.6,1
2019-10-18,61.0,46.9,   55,1013.2,0.00,14.1,1
2019-10-19,63.0,39.9,   59,1019.0,0.00,4.9,1
2019-10-20,57.9,44.1,   85,1016.6,0.66,3.8,1
2019-10-21,69.1,48.9,   57,1022.0,0.00,5.6,1
2019-10-22,64.0,53.1,   82,1015.6,0.51,8.9,1
2019-10-23,68.0,50.0,   59,1011.9,0.01,9.6,1
2019-10-24,69.1,45.0,   48,1023.0,0.00,5.6,1
2019-10-25,66.9,46.0,   68,1021.7,0.00,4.7,1
2019-10-26,63.0,50.0,   64,1022.7,0.01,6.5,1
2019-10-27,70.0,57.0,   87,1012.2,1.38,10.1,1
2019-10-28,63.0,55.0,   70,1021.3,0.01,6.9,1
2019-10-29,60.1,55.0,   94,1025.4,0.16,6.5,1
2019-10-30,64.9,57.9,   94,1023.0,0.15,5.6,1
2019-10-31,73.9,62.1,   87,1009.1,0.59,11.9,1
2019-11-01,62.1,43.0,   49,1017.3,0.02,14.5,0
2019-11-02,53.1,36.0,   62,1021.0,0.00,6.5,0
2019-11-03,55.0,36.0,   52,1020.3,0.00,9.6,0
2019-11-04,57.0,35.1,   54,1026.4,0.00,6.7,0
2019-11-05,61.0,45.0,   68,1021.7,0.00,5.6,0
2019-11-06,55.9,42.1,   47,1027.4,0.00,7.8,0
2019-11-07,59.0,39.9,   66,1020.0,0.08,10.1,0
2019-11-08,41.0,29.1,   47,1022.0,0.00,15.7,0
2019-11-09,41.0,25.2,   51,1025.4,0.00,5.1,0
2019-11-10,53.1,33.1,   54,1018.3,0.00,6.5,0
2019-11-11,61.0,42.1,   69,1015.6,0.00,3.1,0
2019-11-12,55.0,25.2,   59,1012.9,0.03,14.1,0
2019-11-13,35.1,22.1,   39,1027.4,0.00,12.5,0
2019-11-14,46.0,24.3,   50,1028.8,0.00,6.7,0
2019-11-15,52.0,28.2,   50,1023.0,0.00,8.5,0
2019-11-16,43.0,29.1,   36,1029.8,0.00,14.8,0
2019-11-17,43.0,28.2,   55,1024.4,0.00,16.3,0
2019-11-18,43.0,37.0,   91,1009.5,0.35,10.7,0
2019-11-19,50.0,41.0,   74,1008.8,0.19,7.2,0
2019-11-20,51.1,39.9,   58,1014.9,0.00,13.4,0
2019-11-21,55.0,39.0,   56,1020.3,0.00,8.7,0
2019-11-22,53.1,37.9,   60,1010.8,0.07,13.4,0
2019-11-23,46.0,30.2,   53,1014.2,0.03,5.8,0
2019-11-24,45.0,37.9,   84,996.6,0.71,13.6,0
2019-11-25,54.0,35.1,   66,1009.8,0.00,6.9,0
2019-11-26,62.1,36.0,   65,1015.9,0.00,4.9,0
2019-11-27,60.1,44.1,   73,1009.1,0.01,8.9,0
2019-11-28,53.1,37.0,   52,1012.5,0.00,20.1,0
2019-11-29,42.1,30.2,   54,1022.0,0.00,13.4,0
2019-11-30,46.0,30.2,   43,1017.6,0.00,8.7,0
2019-12-01,37.0,28.2,   76,1009.1,0.69,13.4,0
2019-12-02,37.0,32.0,   92,999.7,0.32,15.4,0
2019-12-03,37.9,31.1,   68,1003.7,0.01,13.2,0
2019-12-04,39.0,30.2,,,0.00,9.6,0
2019-12-05,44.1,35.1,   62,1009.5,0.00,15.7,0
2019-12-06,50.0,32.0,   53,1018.3,0.00,11.9,0
2019-12-07,39.9,27.1,   46,1028.4,0.00,12.1,0
2019-12-08,42.1,23.2,   61,1031.5,0.00,4.9,0
2019-12-09,55.0,39.0,   96,1015.9,1.49,7.8,0
2019-12-10,57.9,39.9,   83,1010.8,0.10,12.5,0
2019-12-11,39.9,31.1,   72,1025.7,0.16,10.3,0
2019-12-12,36.0,26.2,   48,1038.6,0.00,6.7,0
2019-12-13,48.9,30.2,   82,1026.1,0.77,8.1,0
2019-12-14,57.0,44.1,   86,998.6,0.72,12.5,0
2019-12-15,48.9,37.0,   52,1010.5,0.00,17.7,0
2019-12-16,37.0,33.1,   59,1023.7,0.15,5.1,0
2019-12-17,36.0,33.1,   91,1009.8,1.03,11.0,0
2019-12-18,37.0,20.1,   69,1012.2,0.08,15.2,0
2019-12-19,27.1,16.2,   55,1027.1,0.00,15.0,0
2019-12-20,34.0,21.2,   56,1034.5,0.00,9.2,0
2019-12-21,35.1,19.2,   66,1035.2,0.00,5.1,0
2019-12-22,48.0,22.1,   65,1026.4,0.00,7.8,0
2019-12-23,57.0,31.1,   54,1018.3,0.00,8.7,0
2019-12-24,50.0,31.1,   51,1019.6,0.00,10.7,0
2019-12-25,48.0,27.1,   66,1022.0,0.00,3.8,0
2019-12-26,46.9,31.1,   82,1026.1,0.00,7.2,0
2019-12-27,54.0,45.0,   77,1023.4,0.00,8.1,0
2019-12-28,53.1,37.9,   66,1022.7,0.00,6.7,0
2019-12-29,45.0,35.1,   76,1021.3,0.32,4.9,0
2019-12-30,43.0,37.0,   93,1009.1,0.65,13.4,0
2019-12-31,46.0,37.9,   79,1004.7,0.00,10.5,0
2020-01-01,41.0,29.1,   54,1008.5,0.00,13.6,0
2020-01-02,50.0,26.2,   60,1013.2,0.00,7.4,0
2020-01-03,48.0,44.1,   86,1009.5,0.11,6.3,0
2020-01-04,52.0,41.0,   90,1003.0,0.21,5.8,0
2020-01-05,45.0,35.1,   48,1010.5,0.00,16.3,0
2020-01-06,46.0,31.1,   68,1014.9,0.03,10.3,0
2020-01-07,44.1,33.1,   53,1015.6,0.00,7.2,0
2020-01-08,45.0,28.2,   57,1016.9,0.00,17.0,0
2020-01-09,34.0,23.2,   41,1038.9,0.00,8.5,0
2020-01-10,55.0,30.2,   71,1033.5,0.00,8.5,0
2020-01-11,70.0,48.0,   71,1022.0,0.00,12.3,0
2020-01-12,69.1,44.1,   57,1018.3,0.04,19.7,0
2020-01-13,46.0,35.1,   74,1029.1,0.00,6.5,0
2020-01-14,46.0,36.0,   87,1024.4,0.02,4.5,0
2020-01-15,53.1,41.0,   68,1020.3,0.00,6.9,0
2020-01-16,50.0,34.0,   64,1015.2,0.05,16.8,0
2020-01-17,34.0,21.2,   35,1035.2,0.00,17.2,0
2020-01-18,36.0,20.1,   66,1026.8,0.31,7.8,0
2020-01-19,45.0,28.2,   63,1009.1,0.00,15.0,0
2020-01-20,33.1,21.2,   38,1024.7,0.00,15.2,0
2020-01-21,35.1,20.1,   45,1030.5,0.00,8.7,0
2020-01-22,41.0,22.1,   53,1030.8,0.00,3.8,0
2020-01-23,46.9,24.3,   53,1028.8,0.00,3.4,0
2020-01-24,52.0,32.0,   49,1027.1,0.00,4.7,0
2020-01-25,52.0,39.0,   89,1013.5,0.88,11.4,0
2020-01-26,48.0,34.0,   68,1009.1,0.00,10.7,0
2020-01-27,46.9,32.0,   61,1006.1,0.00,12.1,0
2020-01-28,45.0,37.0,   54,1010.2,0.00,14.8,0
2020-01-29,42.1,27.1,   45,1018.3,0.00,13.0,0
2020-01-30,37.0,23.2,   59,1026.1,0.00,6.9,0
2020-01-31,44.1,29.1,   73,1025.4,0.02,4.7,0
2020-02-01,44.1,36.0,   83,1012.2,0.00,4.3,0
2020-02-02,44.1,35.1,   81,1001.7,0.09,8.1,0
2020-02-03,57.9,35.1,   66,1009.1,0.00,6.3,0
2020-02-04,59.0,41.0,   75,1008.8,0.00,4.7,0
2020-02-05,53.1,39.9,   54,1015.6,0.02,10.1,0
2020-02-06,42.1,36.0,   95,1002.7,0.62,6.9,0
2020-02-07,60.1,33.1,   79,990.9,0.28,15.4,0
2020-02-08,43.0,29.1,   49,1021.0,0.00,11.9,0
2020-02-09,46.0,28.2,   70,1031.2,0.00,6.9,0
2020-02-10,46.9,41.0,   83,1021.3,0.35,9.6,0
2020-02-11,50.0,44.1,   87,1013.2,0.29,5.8,0
2020-02-12,46.9,36.0,   53,1020.0,0.19,10.1,0
2020-02-13,44.1,36.0,   87,1007.1,0.27,5.6,0
2020-02-14,39.9,18.1,   45,1025.7,0.00,15.4,0
2020-02-15,31.1,12.2,   50,1034.2,0.00,8.5,0
2020-02-16,46.0,28.2,   62,1021.7,0.00,6.0,0
2020-02-17,53.1,34.0,   47,1024.0,0.00,4.9,0
2020-02-18,48.9,39.0,   76,1022.0,0.00,7.2,0
2020-02-19,50.0,32.0,   41,1023.4,0.00,13.4,0
2020-02-20,37.0,25.2,   40,1030.5,0.00,11.2,0
2020-02-21,37.0,20.1,   36,1031.2,0.00,11.4,0
2020-02-22,51.1,24.3,   29,1024.0,0.00,10.7,0
2020-02-23,57.9,29.1,   27,1021.0,0.00,8.5,0
2020-02-24,62.1,35.1,   52,1016.3,0.00,4.7,0
2020-02-25,51.1,46.0,   83,1011.5,0.16,4.5,0
2020-02-26,48.9,45.0,   92,1011.2,0.01,7.2,0
2020-02-27,46.9,31.1,   55,1001.7,0.32,21.9,0
2020-02-28,43.0,29.1,   37,1010.2,0.00,18.1,0
2020-02-29,36.0,26.2,   38,1012.9,0.00,14.8,0
2020-03-01,46.0,24.3,   42,1020.3,0.00,10.1,0
2020-03-02,62.1,33.1,   48,1013.9,0.00,9.6,0
2020-03-03,59.0,48.0,   80,1003.7,0.24,8.1,0
2020-03-04,57.9,44.1,   45,1007.5,0.00,18.1,0
2020-03-05,54.0,39.9,   49,1018.6,0.00,8.7,0
2020-03-06,46.9,34.0,   81,1012.2,0.36,9.6,0
2020-03-07,48.9,36.0,   42,1022.7,0.00,15.9,0
2020-03-08,60.1,31.1,   31,1029.5,0.00,10.5,0
2020-03-09,73.9,37.9,   32,1026.1,0.00,11.9,0
2020-03-10,68.0,48.9,   56,1017.3,0.00,15.0,0
2020-03-11,57.0,43.0,   44,1018.6,0.00,6.9,0
2020-03-12,48.9,39.0,   71,1020.3,0.01,6.0,0
2020-03-13,72.0,48.0,   62,1012.2,0.29,13.2,0
2020-03-14,57.9,42.1,   32,1026.1,0.00,13.2,0
2020-03-15,55.0,39.0,   36,1030.8,0.00,9.2,0
2020-03-16,44.1,31.1,   53,1033.9,0.00,10.7,0
2020-03-17,55.0,42.1,   75,1022.4,0.22,8.1,0
2020-03-18,53.1,41.0,   49,1030.5,0.00,7.6,0
2020-03-19,52.0,41.0,   86,1024.0,1.12,7.6,0
2020-03-20,80.1,46.0,   72,1013.5,0.00,9.8,0
2020-03-21,66.9,39.0,   39,1025.4,0.00,13.4,0
2020-03-22,44.1,33.1,   46,1036.9,0.00,12.5,0
2020-03-23,41.0,37.0,   85,1025.1,1.13,13.2,0
2020-03-24,57.0,36.0,   62,1019.6,0.00,9.6,0
2020-03-25,46.0,39.9,   72,1017.9,0.01,11.6,0
2020-03-26,61.0,34.0,   61,1014.6,0.00,8.1,0
2020-03-27,70.0,48.9,   43,1011.5,0.00,9.8,0
2020-03-28,53.1,45.0,   73,1018.6,0.23,8.7,0
2020-03-29,48.9,45.0,   96,1013.5,0.01,12.3,0
2020-03-30,50.0,45.0,   87,1013.9,0.11,4.7,0
2020-03-31,46.9,41.0,   77,1015.6,0.03,6.0,0
2020-04-01,57.0,39.0,   50,1008.8,0.00,12.3,0
2020-04-02,60.1,37.9,   42,1005.4,0.00,19.5,0
2020-04-03,55.9,45.0,   69,1006.1,0.05,17.7,0
2020-04-04,61.0,46.0,   71,1015.2,0.00,8.3,0
2020-04-05,64.0,44.1,   75,1016.3,0.00,2.9,0
2020-04-06,68.0,48.0,   43,1015.6,0.06,8.9,0
2020-04-07,68.0,52.0,   40,1010.8,0.00,6.7,0
2020-04-08,69.1,48.9,   72,1001.0,0.22,8.9,0
2020-04-09,64.0,39.9,   64,994.9,0.06,12.5,0
2020-04-10,50.0,37.0,   48,998.6,0.00,21.9,0
2020-04-11,55.9,37.0,   33,1013.2,0.00,13.6,0
2020-04-12,64.9,37.0,   55,1020.0,0.00,8.1,0
2020-04-13,69.1,55.0,   81,1006.4,1.69,17.2,0
2020-04-14,60.1,46.9,   43,1016.3,0.00,11.2,0
2020-04-15,54.0,42.1,   38,1014.2,0.00,12.3,0
2020-04-16,51.1,37.0,   40,1019.3,0.00,15.4,0
2020-04-17,51.1,32.0,   54,1021.7,0.07,8.7,0
2020-04-18,46.9,39.9,   73,1009.8,0.16,9.6,0
2020-04-19,63.0,33.1,   45,1010.5,0.00,12.8,0
2020-04-20,55.9,42.1,   46,1004.4,0.00,9.2,0
2020-04-21,62.1,39.9,   63,1002.0,0.17,13.4,0
2020-04-22,53.1,36.0,   29,1011.9,0.00,15.2,0
2020-04-23,52.0,39.9,   46,1016.9,0.14,5.8,0
2020-04-24,50.0,42.1,   93,1008.1,0.59,11.2,0
2020-04-25,64.0,41.0,   63,1016.9,0.00,4.9,0
2020-04-26,51.1,42.1,   83,1011.2,0.11,12.8,0
2020-04-27,52.0,39.9,   73,1013.5,0.00,14.3,0
2020-04-28,68.0,39.9,   51,1019.3,0.00,7.6,0
2020-04-29,55.9,48.9,   75,1022.7,0.01,9.2,0
2020-04-30,59.0,50.0,   90,1014.6,0.47,14.3,0
2020-05-01,68.0,53.1,   80,1006.1,0.12,8.7,1
2020-05-02,75.0,51.1,   38,1013.2,0.00,13.4,1
2020-05-03,80.1,55.0,   57,1006.8,0.05,10.5,1
2020-05-04,73.9,48.9,   40,1006.8,0.00,14.8,1
2020-05-05,64.0,46.0,   32,1012.2,0.00,8.7,1
2020-05-06,54.0,46.0,   71,1009.8,0.15,6.9,1
2020-05-07,68.0,44.1,   38,1007.8,0.00,11.4,1
2020-05-08,57.9,37.0,   61,1007.8,0.43,8.1,1
2020-05-09,50.0,34.0,   44,1011.9,0.00,20.4,1
2020-05-10,64.9,35.1,   36,1016.9,0.00,17.0,1
2020-05-11,64.0,44.1,   62,1011.5,0.04,12.1,1
2020-05-12,62.1,44.1,   35,1016.9,0.00,15.0,1
2020-05-13,66.0,41.0,   32,1025.1,0.00,9.6,1
2020-05-14,66.9,43.0,   48,1023.0,0.00,5.8,1
2020-05-15,86.0,59.0,   61,1012.9,0.02,12.5,1
2020-05-16,78.1,60.1,   53,1017.3,0.00,9.8,1
2020-05-17,66.9,55.0,   63,1024.4,0.00,8.1,1
2020-05-18,69.1,55.0,   56,1020.3,0.00,8.5,1
2020-05-19,68.0,55.0,   41,1024.4,0.00,14.1,1
2020-05-20,66.0,50.0,   43,1030.1,0.00,10.3,1
2020-05-21,66.0,46.9,   65,1028.1,0.00,5.8,1
2020-05-22,77.0,52.0,   77,1020.3,0.03,4.7,1
2020-05-23,71.1,55.0,   86,1016.6,0.79,7.4,1
2020-05-24,68.0,53.1,   66,1023.7,0.00,8.9,1
2020-05-25,73.0,55.9,   81,1022.7,0.00,6.5,1
2020-05-26,77.0,57.9,   81,1022.7,0.00,3.8,1
2020-05-27,79.0,59.0,   82,1023.0,0.00,4.7,1
2020-05-28,78.1,62.1,   85,1020.3,0.00,6.7,1
2020-05-29,86.0,68.0,   76,1014.6,0.00,8.7,1
2020-05-30,84.0,68.0,   53,1011.9,0.03,11.4,1
2020-05-31,73.0,55.0,   34,1018.3,0.00,15.4,1
2020-06-01,73.9,51.1,   36,1021.3,0.00,10.1,1
2020-06-02,75.9,53.1,   46,1014.2,0.14,8.7,1
2020-06-03,81.0,59.0,   76,1004.4,0.80,8.7,1
2020-06-04,88.0,64.9,   59,1010.5,0.13,6.3,1
2020-06-05,82.0,70.0,   85,1011.9,0.19,6.5,1
2020-06-06,91.0,71.1,   58,1007.8,0.00,10.5,1
2020-06-07,80.1,64.0,   40,1012.2,0.00,14.3,1
2020-06-08,82.0,57.9,   40,1015.6,0.00,7.6,1
2020-06-09,91.0,61.0,   47,1013.2,0.00,9.8,1
2020-06-10,86.0,70.0,   66,1014.2,0.00,7.6,1
2020-06-11,87.1,73.0,   81,1015.2,0.08,12.1,1
2020-06-12,88.0,70.0,   42,1017.6,0.00,10.5,1
2020-06-13,77.0,57.9,   38,1022.0,0.00,12.1,1
2020-06-14,75.0,53.1,   49,1027.8,0.00,9.2,1
2020-06-15,75.0,55.9,   58,1028.8,0.00,8.1,1
2020-06-16,78.1,57.0,   58,1027.4,0.00,8.5,1
2020-06-17,80.1,60.1,   68,1024.0,0.00,8.1,1
2020-06-18,77.0,64.0,   84,1021.3,0.01,5.4,1
2020-06-19,84.0,64.9,   72,1019.3,0.00,5.6,1
2020-06-20,87.1,66.9,   69,1017.3,0.00,5.1,1
2020-06-21,86.0,66.9,   68,1015.6,0.00,6.3,1
2020-06-22,91.9,69.1,   61,1013.2,0.00,7.6,1
2020-06-23,88.0,71.1,   68,1007.8,0.00,6.9,1
2020-06-24,88.0,75.0,   50,1006.8,0.00,11.4,1
2020-06-25,88.0,69.1,   47,1013.9,0.00,6.7,1
2020-06-26,89.1,66.0,   47,1013.5,0.00,8.3,1
2020-06-27,86.0,68.0,   71,1009.1,0.10,7.8,1
2020-06-28,93.0,72.0,   63,1006.4,0.00,6.9,1
2020-06-29,91.0,71.1,   58,1009.5,0.00,9.8,1
2020-06-30,82.0,68.0,   75,1011.9,1.44,6.3,1
2020-07-01,80.1,66.9,   76,1011.2,0.23,5.6,1
2020-07-02,95.0,66.9,   54,1009.5,0.00,7.2,1
2020-07-03,93.9,73.0,   59,1010.2,1.11,6.9,1
2020-07-04,87.1,70.0,   72,1012.9,0.00,6.7,1
2020-07-05,95.0,71.1,   54,1013.5,0.00,6.9,1
2020-07-06,93.9,70.0,   62,1016.6,0.58,6.3,1
2020-07-07,82.9,73.0,   79,1018.3,0.00,7.4,1
2020-07-08,86.0,72.0,   83,1015.6,1.15,5.8,1
2020-07-09,88.0,73.0,   76,1015.2,0.00,5.8,1
2020-07-10,79.0,73.0,   90,1008.8,2.78,12.5,1
2020-07-11,87.1,71.1,   81,1004.7,0.89,9.6,1
2020-07-12,91.0,71.1,   56,1006.4,0.00,11.4,1
2020-07-13,89.1,71.1,   57,1008.8,0.05,8.7,1
2020-07-14,87.1,71.1,   51,1014.2,0.00,10.3,1
2020-07-15,82.0,69.1,   71,1021.7,0.00,8.5,1
2020-07-16,78.1,70.0,   66,1025.1,0.00,9.8,1
2020-07-17,87.1,70.0,   76,1019.0,0.07,5.8,1
2020-07-18,93.0,71.1,   56,1016.9,0.00,5.8,1
2020-07-19,96.1,73.9,   57,1012.9,0.00,10.3,1
2020-07-20,96.1,80.1,   56,1010.8,0.00,9.8,1
2020-07-21,91.0,77.0,   54,1015.6,0.00,6.7,1
2020-07-22,93.9,72.0,   73,1015.9,0.98,6.0,1
2020-07-23,91.0,73.0,   77,1016.3,0.00,9.8,1
2020-07-24,81.0,72.0,   84,1017.9,2.14,6.0,1
2020-07-25,90.0,72.0,   69,1017.9,0.00,6.0,1
2020-07-26,93.9,75.0,   56,1014.6,0.00,11.2,1
2020-07-27,96.1,75.0,   51,1009.5,0.00,11.4,1
2020-07-28,95.0,80.1,   59,,0.14,10.7,1
2020-07-29,91.9,77.0,   56,1012.2,0.00,5.1,1
2020-07-30,93.9,73.9,   51,1010.2,0.00,7.6,1
2020-07-31,82.9,70.0,   80,1009.5,1.10,4.9,1
2020-08-01,88.0,69.1,   63,1013.2,0.00,7.2,1
2020-08-02,93.0,77.0,   72,1011.9,0.00,11.2,1
2020-08-03,91.0,73.9,   59,1015.9,0.34,9.2,1
2020-08-04,81.0,70.0,   83,1009.8,0.72,14.1,1
2020-08-05,88.0,72.0,   59,1015.9,0.00,8.9,1
2020-08-06,81.0,70.0,   64,1019.0,0.00,5.6,1
2020-08-07,80.1,68.0,   78,1019.6,0.60,6.0,1
2020-08-08,84.0,69.1,   78,1020.3,0.00,6.0,1
2020-08-09,90.0,69.1,   73,1018.6,0.00,7.6,1
2020-08-10,93.9,73.0,   66,1015.9,0.00,7.8,1
2020-08-11,88.0,75.0,   76,1014.2,0.04,7.6,1
2020-08-12,91.0,77.0,   74,1015.9,0.00,5.8,1
2020-08-13,81.0,72.0,   76,1018.3,0.49,6.0,1
2020-08-14,89.1,73.0,   64,1015.6,0.00,7.6,1
2020-08-15,84.9,70.0,   63,1015.9,0.00,9.6,1
2020-08-16,73.0,66.9,   84,1014.2,0.14,12.8,1
2020-08-17,84.0,64.0,   74,1012.2,0.01,5.8,1
2020-08-18,84.9,63.0,   59,1010.8,0.28,7.6,1
2020-08-19,78.1,66.0,   76,1013.5,0.21,6.0,1
2020-08-20,82.9,61.0,   52,1016.9,0.00,6.7,1
2020-08-21,87.1,64.9,   66,1013.9,0.00,10.5,1
2020-08-22,91.9,71.1,   65,1013.5,0.00,9.4,1
2020-08-23,87.1,71.1,   75,1016.9,0.00,6.3,1
2020-08-24,93.0,72.0,   65,1014.9,0.00,8.5,1
2020-08-25,91.9,73.0,   59,1009.5,0.00,13.0,1
2020-08-26,82.0,66.9,   47,1013.2,0.00,12.1,1
2020-08-27,93.0,68.0,   64,1007.8,0.34,9.6,1
2020-08-28,89.1,69.1,   74,1009.1,0.02,9.2,1
2020-08-29,84.0,71.1,   80,1001.7,0.00,10.5,1
2020-08-30,82.0,64.0,   50,1007.8,0.00,12.5,1
2020-08-31,78.1,61.0,   63,1018.3,0.00,6.7,1
2020-09-01,79.0,68.0,   76,1019.3,0.12,8.3,1
2020-09-02,82.0,71.1,   85,1011.9,0.11,6.3,1
2020-09-03,89.1,70.0,   69,1008.5,0.85,7.2,1
2020-09-04,88.0,68.0,   63,1011.9,0.00,8.1,1
2020-09-05,81.0,64.9,   47,1021.3,0.00,7.6,1
2020-09-06,84.0,61.0,   61,1021.0,0.00,8.1,1
2020-09-07,79.0,64.9,   71,1019.3,0.00,5.8,1
2020-09-08,84.0,64.9,   71,1021.0,0.00,4.9,1
2020-09-09,82.0,71.1,   78,1025.1,0.00,4.5,1
2020-09-10,86.0,73.9,   87,1022.4,1.43,4.7,1
2020-09-11,78.1,62.1,   70,1021.7,0.00,10.5,1
2020-09-12,73.9,60.1,   62,1025.1,0.00,8.5,1
2020-09-13,77.0,61.0,   75,1019.0,0.00,8.3,1
2020-09-14,78.1,59.0,   55,1019.6,0.00,13.6,1
2020-09-15,66.9,51.1,   57,1026.1,0.00,8.1,1
2020-09-16,73.0,52.0,   67,1022.4,0.00,6.9,1
2020-09-17,77.0,61.0,   75,1016.3,0.00,5.4,1
2020-09-18,73.0,54.0,   56,1015.6,0.00,16.1,1
2020-09-19,64.9,48.0,   39,1026.4,0.00,11.9,1
2020-09-20,64.9,46.9,   42,1032.5,0.00,11.4,1
2020-09-21,66.9,45.0,   48,1032.5,0.00,9.2,1
2020-09-22,75.0,46.0,   42,1017.9,0.00,8.9,1
2020-09-23,82.9,55.0,   48,1011.9,0.00,9.4,1
2020-09-24,79.0,57.0,   59,1015.2,0.00,5.8,1
2020-09-25,80.1,57.0,   75,1018.6,0.00,5.4,1
2020-09-26,75.0,63.0,   82,1017.9,0.00,4.9,1
2020-09-27,80.1,68.0,   82,1014.6,0.05,4.3,1
2020-09-28,81.0,69.1,   80,1012.2,0.02,8.5,1
2020-09-29,73.9,66.9,   91,1009.5,0.75,6.0,1
2020-09-30,73.0,60.1,   64,1006.1,0.73,15.0,1
2020-10-01,73.0,55.0,   63,1012.9,0.02,8.9,1
2020-10-02,69.1,52.0,   66,1015.6,0.01,7.6,1
2020-10-03,69.1,48.0,   56,1022.4,0.00,6.7,1
2020-10-04,69.1,46.9,   63,1022.7,0.00,6.0,1
2020-10-05,71.1,51.1,   65,1020.3,0.00,6.7,1
2020-10-06,71.1,50.0,   66,1017.9,0.00,6.9,1
2020-10-07,79.0,57.0,   57,1007.5,0.00,15.0,1
2020-10-08,68.0,51.1,   48,1015.2,0.00,13.9,1
2020-10-09,73.0,46.9,   52,1021.3,0.00,7.6,1
2020-10-10,73.0,55.0,   72,1015.2,0.00,13.2,1
2020-10-11,68.0,57.9,   70,1019.3,0.01,9.6,1
2020-10-12,57.9,50.0,   91,1020.7,0.79,13.9,1
2020-10-13,61.0,53.1,   88,1011.9,0.25,13.2,1
2020-10-14,71.1,48.9,   60,1014.9,0.00,7.8,1
2020-10-15,77.0,51.1,   70,1015.2,0.00,8.1,1
2020-10-16,64.0,48.9,   87,1018.3,0.98,9.6,1
2020-10-17,63.0,45.0,   54,1025.7,0.00,8.1,1
2020-10-18,64.9,39.0,   69,1030.1,0.00,6.7,1
2020-10-19,66.9,48.0,   79,1026.4,0.00,6.7,1
2020-10-20,72.0,59.0,   90,1023.7,0.02,2.2,1
2020-10-21,71.1,61.0,   92,1024.0,0.00,3.6,1
2020-10-22,70.0,64.0,   91,1023.7,0.00,3.1,1
2020-10-23,68.0,62.1,   92,1021.0,0.00,4.3,1
2020-10-24,73.0,48.0,   71,1014.9,0.00,9.6,1
2020-10-25,53.1,44.1,   64,1023.4,0.04,9.2,1
2020-10-26,57.9,48.0,   97,1021.0,0.07,6.5,1
2020-10-27,61.0,54.0,   74,1020.7,0.00,5.8,1
2020-10-28,57.9,50.0,   87,1016.3,0.08,4.9,1
2020-10-29,55.9,46.9,   91,1007.1,1.59,11.4,1
2020-10-30,46.9,36.0,   86,1014.2,0.70,14.3,1
2020-10-31,46.9,32.0,   64,1031.5,0.00,5.8,1
2020-11-01,55.0,37.9,   71,1014.9,0.37,10.5,0
2020-11-02,46.9,37.9,   44,1010.2,0.00,17.2,0
2020-11-03,55.9,37.9,   48,1017.6,0.00,13.2,0
2020-11-04,64.9,36.0,   58,1030.5,0.00,6.5,0
2020-11-05,70.0,45.0,   70,1029.1,0.00,5.8,0
2020-11-06,73.0,48.9,   67,1024.7,0.00,7.8,0
2020-11-07,77.0,46.9,   56,1024.4,0.00,6.0,0
2020-11-08,77.0,46.0,   58,1027.4,0.00,1.8,0
2020-11-09,77.0,46.9,   63,1026.1,0.00,2.5,0
2020-11-10,75.9,51.1,   78,1021.7,0.00,7.6,0
2020-11-11,73.0,61.0,   92,1015.9,0.63,7.6,0
2020-11-12,68.0,48.0,   86,1015.2,0.16,11.2,0
2020-11-13,53.1,43.0,   88,1015.9,0.12,7.4,0
2020-11-14,54.0,39.0,   55,1021.3,0.00,8.5,0
2020-11-15,64.9,34.0,   70,1015.9,0.07,13.2,0
2020-11-16,55.0,39.9,   44,1013.5,0.00,13.4,0
2020-11-17,50.0,34.0,   51,1015.9,0.00,10.3,0
2020-11-18,37.9,29.1,   43,1031.2,0.00,14.1,0
2020-11-19,48.9,26.2,   52,1033.5,0.00,9.6,0
2020-11-20,64.0,39.9,   52,1026.8,0.00,11.0,0
2020-11-21,66.0,45.0,   50,1027.4,0.00,9.2,0
2020-11-22,59.0,43.0,   70,1027.4,0.00,11.2,0
2020-11-23,59.0,41.0,   67,1015.9,0.46,12.3,0
2020-11-24,50.0,39.9,   52,1026.8,0.00,8.5,0
2020-11-25,54.0,43.0,   61,1025.7,0.00,5.8,0
2020-11-26,66.0,48.0,   81,1016.6,0.65,7.2,0
2020-11-27,64.0,45.0,   68,1016.6,0.00,4.9,0
2020-11-28,57.9,41.0,   58,1015.9,0.00,7.6,0
2020-11-29,55.0,35.1,   52,1020.0,0.00,4.9,0
2020-11-30,64.9,43.0,   85,1003.4,1.21,12.1,0
2020-12-01,59.0,37.0,   69,1002.4,0.00,15.0,0
2020-12-02,44.1,34.0,   60,1014.9,0.00,15.0,0
2020-12-03,50.0,30.2,   50,1022.0,0.00,10.3,0
2020-12-04,52.0,37.9,   73,1016.9,0.12,8.1,0
2020-12-05,48.0,37.9,   74,1006.4,0.97,16.6,0
2020-12-06,42.1,32.0,   52,1009.8,0.00,15.4,0
2020-12-07,42.1,26.2,   57,1008.1,0.00,7.8,0
2020-12-08,39.0,30.2,   57,1008.5,0.00,11.6,0
2020-12-09,37.9,27.1,   74,1009.8,0.06,10.1,0
2020-12-10,50.0,33.1,   65,1018.3,0.00,9.2,0
2020-12-11,57.9,32.0,   70,1021.7,0.00,4.9,0
2020-12-12,53.1,39.0,   90,1017.6,0.00,3.1,0
2020-12-13,62.1,42.1,   71,1014.9,0.00,7.8,0
2020-12-14,46.0,35.1,   76,1013.9,0.28,8.3,0
2020-12-15,41.0,28.2,   48,1025.1,0.00,11.9,0
2020-12-16,32.0,24.3,   65,1024.7,0.39,16.1,0
2020-12-17,33.1,24.3,   78,1013.5,0.58,17.4,0
2020-12-18,33.1,20.1,   68,1025.4,0.00,9.6,0
2020-12-19,32.0,16.2,   62,1028.4,0.00,5.4,0
2020-12-20,37.9,28.2,   77,1020.7,0.01,1.3,0
2020-12-21,46.9,36.0,   80,1009.8,0.00,5.1,0
2020-12-22,46.9,35.1,   68,1011.5,0.00,11.0,0
2020-12-23,44.1,35.1,   56,1027.4,0.00,6.9,0
2020-12-24,60.1,37.0,   81,1016.6,0.43,11.9,0
2020-12-25,62.1,28.2,   83,1001.4,0.66,18.3,0
2020-12-26,33.1,24.3,   53,1013.5,0.00,16.3,0
2020-12-27,39.0,23.2,   56,1025.1,0.00,6.0,0
2020-12-28,52.0,32.0,   66,1021.3,0.00,7.4,0
2020-12-29,41.0,29.1,   43,1029.1,0.00,12.1,0
2020-12-30,42.1,26.2,   55,1027.8,0.00,7.8,0
2020-12-31,48.0,32.0,   72,1021.3,0.60,9.6,0
2021-01-01,39.0,27.1,   77,1028.4,0.68,6.0,0
2021-01-02,53.1,34.0,   76,1012.9,0.04,12.1,0
2021-01-03,37.9,32.0,   89,1016.9,0.23,11.0,0
2021-01-04,46.0,34.0,   79,1014.9,0.02,8.9,0
2021-01-05,42.1,36.0,   72,1013.2,0.00,8.3,0
2021-01-06,43.0,32.0,   65,1015.6,0.00,12.3,0
2021-01-07,44.1,31.1,   56,1019.0,0.00,12.3,0
2021-01-08,39.0,26.2,   62,1015.2,0.00,10.3,0
2021-01-09,39.0,23.2,   50,1012.9,0.00,13.4,0
2021-01-10,44.1,27.1,   51,1022.7,0.00,7.8,0
2021-01-11,37.9,25.2,   67,1024.7,0.00,2.7,0
2021-01-12,46.0,25.2,   62,1019.6,0.00,4.3,0
2021-01-13,45.0,31.1,   60,1015.9,0.00,5.4,0
2021-01-14,50.0,33.1,   64,1010.5,0.00,4.0,0
2021-01-15,46.9,32.0,   85,1012.9,0.61,9.2,0
2021-01-16,48.0,37.0,   78,998.0,0.62,11.4,0
2021-01-17,44.1,34.0,   57,1003.7,0.00,14.3,0
2021-01-18,46.9,32.0,   60,1008.1,0.00,12.3,0
2021-01-19,43.0,31.1,   58,1017.6,0.00,12.3,0
2021-01-20,41.0,27.1,   57,1014.6,0.01,11.0,0
2021-01-21,43.0,22.1,   56,1008.1,0.00,6.5,0
2021-01-22,48.0,30.2,   54,1006.8,0.00,10.7,0
2021-01-23,36.0,24.3,   37,1018.3,0.00,19.0,0
2021-01-24,34.0,22.1,   37,1021.3,0.00,15.2,0
2021-01-25,41.0,23.2,   44,1019.6,0.00,6.7,0
2021-01-26,35.1,31.1,   74,1014.6,0.15,8.1,0
2021-01-27,37.9,30.2,   70,1016.3,0.00,11.6,0
2021-01-28,35.1,21.2,   44,1019.0,0.00,19.0,0
2021-01-29,27.1,16.2,   40,1020.7,0.00,20.8,0
2021-01-30,34.0,16.2,   44,1025.4,0.00,11.6,0
2021-01-31,26.2,19.2,   67,1025.1,0.14,9.4,0
2021-02-01,31.1,22.1,   95,1009.1,1.44,20.8,0
2021-02-02,34.0,30.2,   87,997.0,0.06,16.3,0
2021-02-03,37.0,29.1,   67,1000.3,0.02,11.6,0
2021-02-04,43.0,30.2,   57,1010.5,0.00,10.1,0
2021-02-05,48.0,31.1,   65,1006.1,0.08,8.9,0
2021-02-06,44.1,28.2,   48,1016.3,0.00,10.3,0
2021-02-07,36.0,25.2,   79,1014.9,0.30,9.6,0
2021-02-08,29.1,16.2,   49,1028.8,0.00,7.6,0
2021-02-09,33.1,22.1,   78,1023.7,0.00,8.1,0
2021-02-10,35.1,21.2,   57,1026.1,0.01,5.8,0
2021-02-11,33.1,25.2,   69,1024.7,0.11,10.1,0
2021-02-12,31.1,16.2,   43,1027.1,0.00,7.6,0
2021-02-13,28.2,23.2,   51,1025.4,0.00,12.5,0
2021-02-14,37.9,26.2,   77,1023.7,0.00,8.7,0
2021-02-15,34.0,31.1,   80,1021.3,0.01,10.1,0
2021-02-16,51.1,33.1,   77,1006.4,0.84,13.0,0
2021-02-17,33.1,22.1,   42,1027.1,0.00,10.1,0
2021-02-18,29.1,24.3,   81,1028.4,0.48,12.3,0
2021-02-19,33.1,27.1,   90,1019.6,0.07,10.7,0
2021-02-20,35.1,26.2,   58,1020.3,0.00,13.2,0
2021-02-21,37.0,21.2,   53,1031.8,0.00,7.6,0
2021-02-22,37.0,28.2,   79,1016.3,0.54,7.4,0
2021-02-23,45.0,33.1,   72,1006.4,0.00,10.3,0
2021-02-24,54.0,33.1,   60,1013.5,0.00,10.7,0
2021-02-25,50.0,37.0,   40,1018.3,0.00,12.3,0
2021-02-26,46.0,33.1,   44,1029.8,0.00,6.5,0
2021-02-27,51.1,37.0,   87,1021.7,0.37,7.2,0
2021-02-28,46.0,37.9,   80,1022.0,0.32,5.6,0
2021-03-01,48.9,32.0,   71,1006.8,0.18,13.9,0
2021-03-02,35.1,21.2,   32,1020.3,0.00,17.4,0
2021-03-03,52.0,27.1,   43,1012.2,0.00,11.0,0
2021-03-04,46.0,27.1,   46,1010.5,0.00,16.1,0
2021-03-05,39.0,23.2,   30,1012.5,0.00,16.1,0
2021-03-06,37.0,28.2,   44,1018.6,0.00,12.3,0
2021-03-07,43.0,28.2,   39,1026.4,0.00,11.6,0
2021-03-08,45.0,25.2,   36,1029.8,0.00,8.7,0
2021-03-09,66.0,37.0,   33,1026.8,0.00,11.9,0
2021-03-10,52.0,35.1,   66,1032.2,0.00,6.7,0
2021-03-11,75.0,44.1,   56,1022.7,0.00,6.7,0
2021-03-12,71.1,53.1,   32,1017.6,0.00,14.5,0
2021-03-13,53.1,33.1,   25,1022.4,0.00,15.4,0
2021-03-14,55.9,31.1,   30,1016.6,0.00,19.7,0
2021-03-15,41.0,24.3,   20,1026.1,0.00,18.1,0
2021-03-16,37.9,28.2,   50,1025.1,0.01,6.7,0
2021-03-17,46.0,35.1,   77,1021.3,0.00,5.4,0
2021-03-18,46.0,41.0,   92,1013.2,0.67,9.6,0
2021-03-19,46.0,33.1,   31,1022.7,0.06,18.8,0
2021-03-20,60.1,30.2,   34,1033.5,0.00,5.1,0
2021-03-21,63.0,34.0,   40,1033.2,0.00,3.8,0
2021-03-22,59.0,35.1,   57,1028.8,0.00,4.7,0
2021-03-23,64.0,37.9,   73,1025.1,0.00,5.8,0
2021-03-24,57.9,45.0,   88,1020.3,1.35,6.7,0
2021-03-25,66.9,51.1,   88,1016.9,0.01,6.5,0
2021-03-26,84.0,51.1,   61,1008.1,0.10,17.0,0
2021-03-27,69.1,50.0,   54,1019.3,0.00,8.1,0
2021-03-28,66.0,50.0,   84,1006.8,0.54,8.7,0
2021-03-29,57.0,43.0,   36,1016.6,0.00,17.0,0
2021-03-30,61.0,35.1,   54,1027.1,0.00,7.6,0
2021-03-31,69.1,48.9,   83,1016.6,0.28,6.5,0
2021-04-01,57.9,37.0,   58,1011.5,0.03,18.3,0
2021-04-02,39.9,28.2,   37,1022.0,0.00,15.9,0
2021-04-03,54.0,30.2,   26,1025.4,0.00,9.6,0
2021-04-04,66.9,42.1,   35,1017.6,0.00,7.6,0
2021-04-05,70.0,46.0,   25,1013.5,0.00,17.4,0
2021-04-06,71.1,46.0,   20,1013.9,0.00,10.7,0
2021-04-07,71.1,48.9,   41,1015.6,0.00,5.8,0
2021-04-08,68.0,46.0,   56,,0.00,4.9,0
2021-04-09,53.1,48.9,   83,1021.0,0.01,5.4,0
2021-04-10,66.9,50.0,   79,1013.9,0.00,3.6,0
2021-04-11,57.9,46.0,   99,1003.4,0.89,6.7,0
2021-04-12,50.0,44.1,   83,1009.1,0.29,9.4,0
2021-04-13,66.0,41.0,   61,1016.6,0.09,7.4,0
2021-04-14,72.0,45.0,   64,1015.2,0.00,8.3,0
2021-04-15,57.9,46.0,   85,1006.4,0.36,8.1,0
2021-04-16,55.0,39.9,   65,1004.4,0.00,12.5,0
2021-04-17,54.0,42.1,   60,1008.1,0.00,9.2,0
2021-04-18,63.0,46.9,   49,1010.5,0.00,7.4,0
2021-04-19,68.0,50.0,   51,1010.5,0.00,5.6,0
2021-04-20,78.1,48.0,   47,1012.2,0.00,12.8,0
2021-04-21,75.0,39.9,   47,1005.8,0.00,15.4,0
2021-04-22,51.1,37.0,   33,1011.5,0.00,18.3,0
2021-04-23,66.9,39.9,   29,1014.9,0.00,14.3,0
2021-04-24,72.0,43.0,   34,1014.2,0.00,8.1,0
2021-04-25,66.9,50.0,   62,1007.1,0.48,11.4,0
2021-04-26,64.0,42.1,   30,1016.3,0.00,15.9,0
2021-04-27,63.0,46.9,   38,1016.9,0.00,5.4,0
2021-04-28,89.1,50.0,   52,1009.8,0.00,7.2,0
2021-04-29,80.1,60.1,   67,1003.4,0.02,8.3,0
2021-04-30,73.0,46.9,   43,999.3,0.01,22.6,0
2021-05-01,68.0,43.0,   34,1011.2,0.00,15.2,1
2021-05-02,86.0,55.9,   37,1007.5,0.00,13.6,1
2021-05-03,71.1,55.0,   64,1009.8,0.47,6.7,1
2021-05-04,75.0,54.0,   78,1007.1,0.30,7.8,1
2021-05-05,64.0,53.1,   83,1006.8,0.26,6.7,1
2021-05-06,69.1,50.0,   40,1013.2,0.00,12.1,1
2021-05-07,66.0,48.0,   48,1012.2,0.00,8.1,1
2021-05-08,55.0,48.0,   74,1011.9,0.15,6.0,1
2021-05-09,64.9,43.0,   68,1015.2,0.38,8.7,1
2021-05-10,63.0,48.9,   65,1012.2,0.01,9.2,1
2021-05-11,70.0,50.0,   38,1016.9,0.00,11.9,1
2021-05-12,71.1,46.9,   34,1021.0,0.00,14.3,1
2021-05-13,73.9,50.0,   30,1022.4,0.00,7.8,1
2021-05-14,78.1,48.9,   32,1022.4,0.00,7.2,1
2021-05-15,79.0,54.0,   31,1023.0,0.00,6.5,1
2021-05-16,75.9,57.9,   42,1024.0,0.00,6.0,1
2021-05-17,80.1,54.0,   43,1024.7,0.00,6.7,1
2021-05-18,84.9,55.0,   36,1025.1,0.00,9.2,1
2021-05-19,91.0,57.0,   37,1025.4,0.00,6.3,1
2021-05-20,75.9,60.1,   38,1031.2,0.00,6.7,1
2021-05-21,82.9,57.0,   45,1030.8,0.00,5.6,1
2021-05-22,96.1,64.0,   41,1020.7,0.00,8.3,1
2021-05-23,93.9,68.0,   46,1013.9,0.00,14.5,1
2021-05-24,68.0,60.1,   46,1025.1,0.00,11.4,1
2021-05-25,81.0,57.9,   54,1022.7,0.00,9.6,1
2021-05-26,93.9,66.0,   66,1015.2,0.09,12.1,1
2021-05-27,87.1,66.0,   46,1013.9,0.01,12.3,1
2021-05-28,71.1,52.0,   58,1015.6,1.15,13.4,1
2021-05-29,52.0,48.9,   80,1016.6,0.58,16.1,1
2021-05-30,53.1,48.0,   88,1020.7,1.15,13.6,1
2021-05-31,75.9,51.1,   58,1022.4,0.00,9.2,1
2021-06-01,80.1,54.0,   52,1023.7,0.00,7.4,1
2021-06-02,79.0,60.1,   60,1022.7,0.00,5.6,1
2021-06-03,77.0,62.1,   84,1016.6,0.41,4.3,1
2021-06-04,82.9,64.9,   80,1012.5,0.19,8.5,1
2021-06-05,95.0,64.0,   54,1013.2,0.00,10.7,1
2021-06-06,97.0,71.1,   48,1016.6,0.00,8.1,1
2021-06-07,95.0,73.9,   62,1017.6,0.04,8.3,1
2021-06-08,93.0,73.0,   75,1016.3,2.19,7.6,1
2021-06-09,96.1,72.0,   69,1014.9,0.53,6.9,1
2021-06-10,84.9,66.9,   49,1016.3,0.00,10.5,1
2021-06-11,73.0,64.9,   62,1014.6,0.00,6.5,1
2021-06-12,72.0,62.1,   69,1011.2,0.00,5.8,1
2021-06-13,78.1,59.0,   66,1012.9,0.00,5.8,1
2021-06-14,78.1,66.0,   77,1009.5,0.16,6.3,1
2021-06-15,84.9,66.9,   59,1007.5,0.01,10.5,1
2021-06-16,81.0,63.0,   38,1010.8,0.00,11.4,1
2021-06-17,81.0,57.0,   32,1014.9,0.00,6.9,1
2021-06-18,88.0,60.1,   41,1014.2,0.00,11.6,1
2021-06-19,93.0,68.0,   63,1008.1,0.05,11.2,1
2021-06-20,91.0,64.0,   62,1008.8,0.00,8.5,1
2021-06-21,91.9,75.9,   67,1004.7,0.00,9.6,1
2021-06-22,80.1,59.0,   75,1007.5,0.17,11.0,1
2021-06-23,80.1,55.0,   46,1021.7,0.00,8.7,1
2021-06-24,79.0,57.9,   52,1027.8,0.00,6.0,1
2021-06-25,82.9,60.1,   63,1025.1,0.00,8.1,1
2021-06-26,86.0,70.0,   74,1022.7,0.07,10.3,1
2021-06-27,95.0,73.9,   65,1021.0,0.00,12.8,1
2021-06-28,99.0,77.0,   59,1022.0,0.00,13.9,1
2021-06-29,102.0,79.0,   53,1021.0,0.00,12.8,1
2021-06-30,102.9,73.9,   55,1014.6,0.54,12.8,1
2021-07-01,89.1,73.0,   78,1010.2,0.94,5.8,1
2021-07-02,81.0,64.0,   78,1006.8,1.53,7.6,1
2021-07-03,70.0,61.0,   80,1009.1,0.05,8.9,1
2021-07-04,84.0,64.0,   66,1012.2,0.00,6.0,1
2021-07-05,89.1,66.0,   62,1016.3,0.00,7.8,1
2021-07-06,97.0,73.0,   64,1014.6,0.55,13.4,1
2021-07-07,97.0,72.0,   62,1013.5,0.00,9.4,1
2021-07-08,88.0,75.0,   73,1014.2,0.08,6.7,1
2021-07-09,91.0,73.0,   72,1009.1,1.60,11.2,1
2021-07-10,86.0,72.0,   71,1014.6,0.00,6.9,1
2021-07-11,82.0,73.0,   79,1018.3,0.00,7.6,1
2021-07-12,93.0,72.0,   79,1019.3,0.69,5.8,1
2021-07-13,78.1,71.1,   84,1022.7,0.01,5.8,1
2021-07-14,93.0,72.0,   73,1020.3,0.07,6.3,1
2021-07-15,91.0,73.9,   64,1017.6,0.00,5.8,1
2021-07-16,96.1,77.0,   58,1015.6,0.00,8.3,1
2021-07-17,93.0,71.1,   71,1015.9,2.28,6.7,1
2021-07-18,86.0,73.9,   72,1014.2,0.00,10.7,1
2021-07-19,86.0,73.0,   61,1014.2,0.00,8.1,1
2021-07-20,90.0,72.0,   60,1012.2,0.00,6.5,1
2021-07-21,84.9,73.0,   60,1011.9,0.05,8.3,1
2021-07-22,84.9,66.9,   48,1017.9,0.00,9.4,1
2021-07-23,86.0,68.0,   47,1019.3,0.00,6.0,1
2021-07-24,84.9,64.9,   55,1018.3,0.00,6.9,1
2021-07-25,87.1,69.1,   71,1012.5,0.37,9.6,1
2021-07-26,93.0,70.0,   53,1012.2,0.08,6.7,1
2021-07-27,93.9,71.1,   48,1013.5,0.00,6.7,1
2021-07-28,87.1,72.0,   65,1015.2,0.04,7.4,1
2021-07-29,81.0,70.0,   78,1012.2,0.57,8.3,1
2021-07-30,87.1,66.9,   52,1009.5,0.00,14.3,1
2021-07-31,81.0,61.0,   48,1014.6,0.00,7.2,1
2021-08-01,80.1,64.9,   70,1011.9,0.13,5.4,1
2021-08-02,84.0,63.0,   53,1014.2,0.00,7.6,1
2021-08-03,82.0,62.1,   52,1019.3,0.00,3.4,1
2021-08-04,80.1,68.0,   64,1019.6,0.00,4.9,1
2021-08-05,86.0,69.1,   63,1018.6,0.00,8.7,1
2021-08-06,91.9,66.9,   58,1020.0,0.00,7.4,1
2021-08-07,91.0,70.0,   56,1017.6,0.00,7.6,1
2021-08-08,86.0,68.0,   74,1018.3,0.19,8.7,1
2021-08-09,84.9,70.0,   74,1020.0,0.01,8.5,1
2021-08-10,88.0,73.9,   77,1019.3,0.55,4.9,1
2021-08-11,95.0,73.9,   74,1015.9,1.25,9.2,1
2021-08-12,98.1,75.0,   61,1015.2,0.00,9.6,1
2021-08-13,99.0,78.1,   52,1016.3,0.00,6.7,1
2021-08-14,91.9,78.1,   54,1017.6,0.00,9.8,1
2021-08-15,87.1,71.1,   48,1021.7,0.00,8.3,1
2021-08-16,82.9,69.1,   61,1022.4,0.00,6.5,1
2021-08-17,82.9,75.0,   67,1022.4,0.00,7.8,1
2021-08-18,84.9,75.9,   79,1021.0,0.00,7.8,1
2021-08-19,90.0,78.1,   67,1012.9,0.23,13.6,1
2021-08-20,84.9,75.9,   67,1011.9,0.00,6.3,1
2021-08-21,82.9,73.0,   78,1012.5,1.28,4.9,1
2021-08-22,78.1,73.0,   88,1009.5,2.51,10.5,1
2021-08-23,90.0,73.0,   75,1007.5,0.93,12.3,1
2021-08-24,93.0,75.0,   55,1013.5,0.00,8.3,1
2021-08-25,96.1,73.0,   57,1018.6,0.00,4.9,1
2021-08-26,97.0,75.0,   63,1018.6,0.11,6.5,1
2021-08-27,96.1,77.0,   63,1018.3,0.00,4.0,1
2021-08-28,82.0,70.0,   67,1023.4,0.00,11.0,1
2021-08-29,78.1,70.0,   76,1021.3,0.00,4.5,1
2021-08-30,91.0,73.9,   73,1011.5,0.00,6.7,1
2021-08-31,89.1,73.9,   55,1008.8,0.00,5.6,1
2021-09-01,79.0,64.9,   81,1005.8,8.41,14.3,1
2021-09-02,80.1,63.0,   53,1010.2,0.03,15.2,1
2021-09-03,78.1,60.1,   57,1016.6,0.00,8.7,1
2021-09-04,82.0,61.0,   55,1015.6,0.00,5.8,1
2021-09-05,77.0,64.0,   74,1010.5,0.00,8.7,1
2021-09-06,86.0,70.0,   57,1009.5,0.00,10.5,1
2021-09-07,84.0,63.0,   55,1013.9,0.00,6.7,1
2021-09-08,87.1,68.0,   64,1010.2,0.00,11.4,1
2021-09-09,78.1,70.0,   79,1008.1,0.15,5.8,1
2021-09-10,78.1,64.0,   51,1013.2,0.00,12.3,1
2021-09-11,81.0,57.0,   53,1020.7,0.00,7.4,1
2021-09-12,86.0,66.0,   61,1017.9,0.00,13.4,1
2021-09-13,88.0,70.0,   63,1016.3,0.20,9.6,1
2021-09-14,81.0,68.0,   72,1017.3,0.00,5.1,1
2021-09-15,91.0,72.0,   66,1014.6,0.00,9.4,1
2021-09-16,80.1,71.1,   69,1021.7,0.00,9.8,1
2021-09-17,77.0,71.1,   81,1022.4,0.00,10.5,1
2021-09-18,88.0,70.0,   63,1016.9,0.00,7.8,1
2021-09-19,80.1,64.0,   51,1021.0,0.00,9.6,1
2021-09-20,78.1,59.0,   60,1026.8,0.00,6.7,1
2021-09-21,80.1,63.0,   69,1026.1,0.03,6.5,1
2021-09-22,82.9,73.9,   77,1018.3,0.00,9.6,1
2021-09-23,82.0,66.0,   78,1013.2,1.22,12.1,1
2021-09-24,75.9,59.0,   58,1016.9,0.28,8.3,1
2021-09-25,79.0,57.9,   57,1015.2,0.00,4.7,1
2021-09-26,75.9,63.0,   48,1012.5,0.00,11.6,1
2021-09-27,82.9,57.9,   47,1013.5,0.00,13.2,1
2021-09-28,75.9,62.1,   66,1010.5,0.18,9.6,1
2021-09-29,72.0,55.0,   47,1015.2,0.00,10.5,1
2021-09-30,70.0,57.0,   49,1019.3,0.00,10.3,1
2021-10-01,72.0,52.0,   54,1023.4,0.00,6.7,1
2021-10-02,79.0,51.1,   59,1020.0,0.00,8.1,1
2021-10-03,84.0,55.9,   67,1014.6,0.00,5.1,1
2021-10-04,75.0,63.0,   84,1014.6,0.40,7.4,1
2021-10-05,68.0,61.0,   79,1023.4,0.00,7.6,1
2021-10-06,72.0,63.0,   73,1027.8,0.00,4.7,1
2021-10-07,78.1,62.1,   74,1024.4,0.00,4.9,1
2021-10-08,79.0,60.1,   72,1021.0,0.00,4.7,1
2021-10-09,70.0,61.0,   70,1023.0,0.00,10.3,1
2021-10-10,69.1,62.1,   83,1020.7,0.36,12.5,1
2021-10-11,75.9,62.1,   70,1018.3,0.00,11.2,1
2021-10-12,73.9,61.0,   76,1019.0,0.00,5.4,1
2021-10-13,73.0,64.0,   77,1016.3,0.00,5.4,1
2021-10-14,82.0,64.0,   65,1013.5,0.00,6.5,1
2021-10-15,84.0,63.0,   66,1012.5,0.00,4.3,1
2021-10-16,82.0,59.0,   69,1006.8,0.23,10.3,1
2021-10-17,64.9,52.0,   65,1009.5,0.03,11.9,1
2021-10-18,64.9,46.0,   55,1012.2,0.00,13.4,1
2021-10-19,70.0,48.0,   49,1015.2,0.00,13.4,1
2021-10-20,80.1,57.9,   48,1015.9,0.00,11.4,1
2021-10-21,79.0,55.0,   56,1013.9,0.00,8.5,1
2021-10-22,73.0,55.9,   59,1011.5,0.00,10.1,1
2021-10-23,64.0,50.0,   62,1014.9,0.01,8.1,1
2021-10-24,63.0,45.0,   63,1020.7,0.01,4.7,1
2021-10-25,78.1,57.0,   77,1011.9,0.10,6.5,1
2021-10-26,66.0,57.0,   85,997.0,3.68,14.3,1
2021-10-27,66.9,54.0,   64,1005.1,0.10,17.9,1
2021-10-28,61.0,48.0,   63,1013.9,0.00,8.3,1
2021-10-29,61.0,48.0,   69,1009.8,0.47,13.0,1
2021-10-30,66.9,57.0,   79,1002.4,0.12,8.5,1
2021-10-31,69.1,55.0,   71,1003.0,0.14,11.4,1
2021-11-01,64.0,50.0,   52,1017.6,0.00,9.4,0
2021-11-02,55.9,44.1,   61,1022.4,0.00,7.4,0
2021-11-03,55.9,39.0,   52,1024.4,0.00,8.1,0
2021-11-04,54.0,36.0,   53,1026.4,0.00,6.5,0
2021-11-05,55.0,36.0,   51,1027.8,0.00,7.4,0
2021-11-06,55.9,34.0,   59,1028.4,0.00,4.7,0
2021-11-07,57.0,35.1,   57,1022.0,0.00,5.6,0
2021-11-08,68.0,43.0,   50,1020.0,0.00,6.3,0
2021-11-09,73.9,44.1,   54,1018.3,0.00,5.1,0
2021-11-10,69.1,46.0,   47,1019.0,0.00,8.1,0
2021-11-11,64.0,41.0,   63,1024.7,0.00,8.1,0
2021-11-12,69.1,48.0,   70,1013.9,0.41,11.4,0
2021-11-13,66.0,39.9,   65,1009.1,0.31,10.1,0
2021-11-14,48.0,35.1,   64,1012.2,0.00,9.8,0
2021-11-15,51.1,37.9,   67,1010.5,0.01,11.9,0
2021-11-16,52.0,36.0,   51,1020.7,0.00,10.1,0
2021-11-17,59.0,34.0,   67,1024.0,0.00,4.0,0
2021-11-18,72.0,46.9,   67,1015.9,0.03,8.5,0
2021-11-19,51.1,41.0,   45,1024.7,0.01,15.0,0
2021-11-20,48.9,33.1,   56,1032.8,0.00,6.0,0
2021-11-21,57.0,42.1,   64,1023.4,0.01,6.5,0
2021-11-22,55.0,37.0,   62,1011.9,0.01,11.4,0
2021-11-23,46.0,34.0,   42,1017.3,0.00,12.8,0
2021-11-24,48.0,32.0,   46,1025.7,0.00,9.4,0
2021-11-25,59.0,34.0,   44,1016.3,0.00,5.8,0
2021-11-26,48.0,37.9,   65,1004.7,0.09,14.8,0
2021-11-27,43.0,36.0,   46,1011.5,0.00,15.2,0
2021-11-28,42.1,33.1,   71,1011.5,0.00,3.8,0
2021-11-29,46.9,33.1,   53,1012.9,0.00,10.5,0
2021-11-30,42.1,27.1,   64,1015.6,0.00,6.5,0
2021-12-01,51.1,39.0,   46,1019.6,0.00,8.5,0
2021-12-02,59.0,45.0,   67,1007.5,0.07,11.4,0
2021-12-03,51.1,37.9,   42,1013.5,0.00,12.8,0
2021-12-04,51.1,35.1,   55,1019.6,0.00,4.7,0
2021-12-05,52.0,35.1,   48,1026.8,0.00,4.9,0
2021-12-06,66.0,44.1,   75,1010.2,0.25,12.5,0
2021-12-07,45.0,36.0,   45,1020.7,0.00,9.8,0
2021-12-08,44.1,34.0,   65,1015.9,0.02,6.5,0
2021-12-09,41.0,32.0,   50,1022.0,0.00,8.3,0
2021-12-10,51.1,39.0,   56,1021.0,0.00,4.9,0
2021-12-11,69.1,44.1,   81,1007.5,0.19,11.4,0
2021-12-12,55.0,39.0,   37,1019.3,0.00,14.3,0
2021-12-13,55.0,37.0,   35,1024.4,0.00,13.2,0
2021-12-14,55.9,37.9,   38,1031.8,0.00,7.2,0
2021-12-15,55.0,34.0,   62,1033.5,0.00,6.0,0
2021-12-16,64.9,54.0,   62,1017.3,0.00,13.9,0
2021-12-17,62.1,48.0,   34,1017.9,0.00,11.4,0
2021-12-18,48.9,39.9,   78,1017.3,0.12,6.3,0
2021-12-19,46.9,30.2,   59,1017.9,0.02,15.0,0
2021-12-20,39.9,23.2,   51,1026.1,0.00,7.4,0
2021-12-21,43.0,26.2,   60,1017.6,0.00,4.9,0
2021-12-22,50.0,34.0,   59,1005.8,0.13,13.9,0
2021-12-23,39.0,31.1,   42,1020.7,0.00,8.5,0
2021-12-24,42.1,32.0,   74,1017.6,0.01,4.9,0
2021-12-25,55.0,37.9,   85,1002.7,0.16,5.1,0
2021-12-26,55.0,39.9,   53,1012.2,0.00,13.6,0
2021-12-27,39.9,35.1,   62,1016.6,0.05,5.8,0
2021-12-28,48.0,37.0,   72,1010.8,0.12,5.8,0
2021-12-29,46.0,42.1,   87,1012.5,0.04,4.7,0
2021-12-30,50.0,44.1,   89,1013.5,0.09,4.7,0
2021-12-31,54.0,46.9,   89,1013.5,0.01,4.9,0
2022-01-01,55.0,48.9,   97,1007.8,0.81,4.9,0
2022-01-02,59.0,36.0,   84,1005.4,0.04,11.4,0
2022-01-03,36.0,22.1,   52,1019.6,0.00,17.2,0
2022-01-04,35.1,18.1,   52,1028.4,0.00,7.6,0
2022-01-05,46.0,25.2,   89,1013.5,0.14,6.5,0
2022-01-06,37.9,31.1,   58,1011.9,0.00,9.8,0
2022-01-07,33.1,23.2,   74,1013.2,0.27,15.2,0
2022-01-08,31.1,19.2,   51,1033.5,0.00,7.6,0
2022-01-09,37.9,22.1,   83,1022.4,0.08,11.0,0
2022-01-10,37.9,22.1,   50,1020.0,0.00,15.7,0
2022-01-11,23.2,15.3,   40,1031.5,0.00,12.5,0
2022-01-12,39.9,17.2,   55,1022.4,0.00,8.5,0
2022-01-13,46.9,27.1,   64,1014.9,0.00,3.1,0
2022-01-14,44.1,21.2,   63,1009.8,0.00,18.1,0
2022-01-15,21.2,10.2,   40,1025.1,0.00,13.4,0
2022-01-16,39.0,6.3,   70,1023.4,0.54,11.0,0
2022-01-17,44.1,33.1,   81,989.5,1.30,18.1,0
2022-01-18,37.9,25.2,   49,1012.5,0.00,15.0,0
2022-01-19,48.9,24.3,   57,1017.6,0.00,9.6,0
2022-01-20,42.1,19.2,   67,1021.3,0.25,12.5,0
2022-01-21,23.2,13.1,   45,1033.5,0.00,15.7,0
2022-01-22,30.2,10.2,   51,1026.8,0.00,9.4,0
2022-01-23,37.0,16.2,   58,1012.5,0.01,7.2,0
2022-01-24,33.1,25.2,   72,1011.5,0.00,6.7,0
2022-01-25,42.1,26.2,   62,1014.9,0.00,8.3,0
2022-01-26,28.2,16.2,   41,1027.8,0.00,12.3,0
2022-01-27,32.0,11.1,   51,1028.8,0.00,6.9,0
2022-01-28,32.0,26.2,   80,1019.3,0.10,8.1,0
2022-01-29,27.1,10.2,   74,1007.1,0.52,20.6,0
2022-01-30,24.3,10.2,   53,1016.6,0.00,11.6,0
2022-01-31,30.2,11.1,   57,1027.8,0.00,4.0,0
2022-02-01,35.1,13.1,   67,1033.5,0.00,6.0,0
2022-02-02,44.1,24.3,   91,1029.8,0.00,3.6,0
2022-02-03,48.0,36.0,  100,1022.7,0.43,2.9,0
2022-02-04,55.0,27.1,   95,1012.9,0.54,12.5,0
2022-02-05,28.2,17.2,   56,1025.4,0.00,16.6,0
2022-02-06,29.1,14.2,   65,1035.6,0.00,6.7,0
2022-02-07,37.0,27.1,   94,1024.0,0.11,8.5,0
2022-02-08,46.0,30.2,   66,1014.2,0.05,11.0,0
2022-02-09,45.0,25.2,   60,1016.9,0.00,6.3,0
2022-02-10,55.0,32.0,   54,1011.9,0.00,8.5,0
2022-02-11,60.1,32.0,   43,1013.9,0.00,6.9,0
2022-02-12,60.1,42.1,   40,1014.2,0.00,13.2,0
2022-02-13,42.1,25.2,   78,1019.6,0.17,11.6,0
2022-02-14,26.2,16.2,   40,1022.4,0.00,15.0,0
2022-02-15,32.0,16.2,   40,1036.9,0.00,8.1,0
2022-02-16,45.0,22.1,   56,1036.2,0.00,5.4,0
2022-02-17,69.1,43.0,   65,1017.6,0.23,15.7,0
2022-02-18,64.0,26.2,   52,1007.8,0.15,19.2,0
2022-02-19,42.1,22.1,   44,1017.3,0.00,15.0,0
2022-02-20,37.0,19.2,   38,1029.5,0.00,11.6,0
2022-02-21,55.9,26.2,   54,1027.1,0.00,5.4,0
2022-02-22,62.1,34.0,   84,1022.0,0.13,9.8,0
2022-02-23,70.0,35.1,   62,1015.9,0.00,15.2,0
2022-02-24,35.1,30.2,   42,1030.5,0.00,9.6,0
2022-02-25,44.1,26.2,   72,1020.7,0.84,13.4,0
2022-02-26,37.9,24.3,   47,1028.4,0.00,10.5,0
2022-02-27,48.9,23.2,   44,1016.6,0.00,15.0,0
2022-02-28,37.9,27.1,   31,1024.0,0.00,11.4,0
2022-03-01,48.0,30.2,   49,1019.6,0.00,5.4,0
2022-03-02,54.0,39.9,   49,1014.6,0.00,9.6,0
2022-03-03,46.0,25.2,   41,1018.6,0.06,16.3,0
2022-03-04,39.0,20.1,   35,1032.5,0.00,8.5,0
2022-03-05,46.0,26.2,   49,1031.2,0.00,5.4,0
2022-03-06,69.1,44.1,   74,1016.6,0.04,10.5,0
2022-03-07,75.9,50.0,   62,1006.1,0.01,16.6,0
2022-03-08,50.0,37.9,   36,1017.9,0.00,16.6,0
2022-03-09,42.1,33.1,   72,1016.9,0.60,8.3,0
2022-03-10,50.0,30.2,   67,1020.7,0.00,3.8,0
2022-03-11,54.0,35.1,   58,1016.6,0.00,5.1,0
2022-03-12,46.0,23.2,   76,999.0,0.31,16.3,0
2022-03-13,35.1,21.2,   50,1021.3,0.00,15.0,0
2022-03-14,57.9,31.1,   42,1027.8,0.00,10.7,0
2022-03-15,69.1,37.9,   42,1022.0,0.00,7.6,0
2022-03-16,66.0,46.9,   58,1021.7,0.00,6.7,0
2022-03-17,55.0,45.0,   91,1015.9,0.09,8.9,0
2022-03-18,73.9,48.0,   75,1015.2,0.00,6.7,0
2022-03-19,71.1,46.9,   79,1008.8,0.15,7.2,0
2022-03-20,60.1,46.9,   54,1009.1,0.00,15.7,0
2022-03-21,64.9,44.1,   32,1017.6,0.00,13.6,0
2022-03-22,61.0,44.1,   23,1021.3,0.00,13.6,0
2022-03-23,46.9,39.0,   46,1022.7,0.11,10.5,0
2022-03-24,46.9,39.9,   93,1011.9,0.88,12.3,0
2022-03-25,60.1,44.1,   60,1002.7,0.02,11.4,0
2022-03-26,55.9,41.0,   51,998.6,0.00,14.3,0
2022-03-27,48.0,28.2,   48,1004.7,0.00,17.4,0
2022-03-28,35.1,23.2,   32,1013.9,0.00,21.7,0
2022-03-29,39.9,24.3,   35,1020.7,0.00,17.0,0
2022-03-30,48.0,29.1,   38,1021.0,0.00,6.7,0
2022-03-31,71.1,44.1,   76,1004.4,0.11,11.2,0
2022-04-01,60.1,43.0,   55,1003.7,0.21,17.2,0
2022-04-02,55.0,39.0,   43,1016.3,0.00,11.4,0
2022-04-03,48.0,39.9,   73,1009.8,0.13,7.4,0
2022-04-04,54.0,39.0,   45,1014.9,0.00,11.0,0
2022-04-05,54.0,42.1,   57,1016.6,0.07,5.4,0
2022-04-06,53.1,45.0,   87,1010.2,0.67,12.8,0
2022-04-07,53.1,46.0,   89,1006.1,1.10,11.9,0
2022-04-08,64.0,48.9,   53,1002.7,0.01,12.3,0
2022-04-09,57.9,46.9,   66,1004.4,0.13,8.3,0
2022-04-10,53.1,43.0,   45,1009.5,0.00,17.0,0
2022-04-11,62.1,39.9,   40,1018.3,0.00,8.1,0
2022-04-12,73.0,48.9,   44,1016.3,0.04,7.4,0
2022-04-13,66.9,50.0,   63,1014.6,0.00,5.4,0
2022-04-14,88.0,55.9,   52,1008.5,0.06,11.4,0
2022-04-15,71.1,51.1,   28,1018.3,0.00,11.9,0
2022-04-16,73.0,46.0,   47,1012.9,0.12,12.1,0
2022-04-17,54.0,42.1,   39,1021.0,0.00,14.5,0
2022-04-18,53.1,36.0,   53,1023.0,0.88,11.4,0
2022-04-19,53.1,39.9,   61,1007.8,0.93,19.7,0
2022-04-20,62.1,43.0,   42,1026.8,0.00,10.5,0
2022-04-21,64.0,46.9,   55,1029.8,0.00,8.3,0
2022-04-22,72.0,48.0,   36,1027.8,0.00,12.8,0
2022-04-23,64.0,48.9,   46,1027.1,0.00,6.9,0
2022-04-24,63.0,50.0,   51,1024.0,0.00,8.1,0
2022-04-25,57.9,50.0,   48,1023.7,0.00,6.7,0
2022-04-26,66.0,54.0,   74,1016.9,0.01,5.8,0
2022-04-27,60.1,42.1,   38,1014.6,0.00,18.1,0
2022-04-28,60.1,41.0,   26,1016.6,0.00,19.2,0
2022-04-29,66.0,42.1,   17,1018.6,0.00,16.8,0
2022-04-30,70.0,45.0,   24,1019.3,0.00,8.5,0
2022-05-01,69.1,43.0,   47,1019.3,0.00,7.2,1
2022-05-02,57.9,53.1,   82,1017.3,0.22,7.6,1
2022-05-03,64.9,51.1,   72,1020.3,0.00,9.6,1
2022-05-04,68.0,51.1,   79,1015.2,0.15,5.8,1
2022-05-05,75.0,57.9,   54,1017.3,0.00,8.5,1
2022-05-06,61.0,51.1,   80,1013.2,0.94,5.8,1
2022-05-07,54.0,46.9,   78,1011.2,1.21,15.0,1
2022-05-08,62.1,46.0,   41,1019.0,0.00,15.4,1
2022-05-09,72.0,46.0,   22,1023.4,0.00,15.4,1
2022-05-10,75.0,50.0,   24,1026.4,0.00,12.3,1
2022-05-11,78.1,53.1,   43,1024.7,0.00,10.3,1
2022-05-12,75.9,57.0,   72,1025.4,0.00,5.8,1
2022-05-13,75.0,59.0,   87,1024.0,0.17,4.9,1
2022-05-14,71.1,60.1,   90,1017.6,0.29,3.4,1
2022-05-15,80.1,60.1,   77,1010.8,0.21,4.9,1
2022-05-16,82.9,63.0,   72,1004.7,0.11,9.8,1
2022-05-17,81.0,57.0,   42,1008.1,0.00,15.7,1
2022-05-18,75.9,57.0,   39,1013.5,0.00,9.8,1
2022-05-19,70.0,55.9,   81,1008.1,0.91,5.4,1
2022-05-20,70.0,57.0,   84,1013.2,0.32,5.4,1
2022-05-21,95.0,63.0,   63,1015.2,0.00,7.4,1
2022-05-22,95.0,73.0,   56,1015.2,0.00,11.4,1
2022-05-23,78.1,63.0,   43,1021.3,0.00,11.0,1
2022-05-24,69.1,60.1,   55,1025.4,0.00,7.6,1
2022-05-25,71.1,55.9,   51,1028.1,0.00,6.3,1
2022-05-26,71.1,57.9,   66,1023.7,0.00,7.2,1
2022-05-27,84.0,66.9,   78,1012.2,0.46,7.8,1
2022-05-28,79.0,66.0,   72,1007.8,0.24,8.9,1
2022-05-29,80.1,62.1,   56,1017.3,0.00,4.9,1
2022-05-30,91.0,62.1,   54,1017.9,0.00,8.1,1
2022-05-31,98.1,70.0,   44,,0.00,10.7,1
2022-06-01,71.1,62.1,   76,1013.5,0.54,7.6,1
2022-06-02,86.0,64.0,   76,1006.8,0.15,7.6,1
2022-06-03,80.1,68.0,   64,1007.8,0.00,6.0,1
2022-06-04,87.1,62.1,   38,1011.2,0.00,7.8,1
2022-06-05,80.1,57.9,   35,1015.2,0.00,6.3,1
2022-06-06,84.9,60.1,   36,1016.9,0.00,7.8,1
2022-06-07,82.9,61.0,   61,1015.9,0.05,10.7,1
2022-06-08,87.1,70.0,   60,1010.8,0.02,9.6,1
2022-06-09,87.1,68.0,   58,1004.4,0.78,15.0,1
2022-06-10,82.9,63.0,,,0.00,9.8,1
2022-06-11,80.1,66.0,   51,1012.9,0.00,6.9,1
2022-06-12,75.9,64.0,   76,1014.2,0.06,6.7,1
2022-06-13,91.9,69.1,   56,1012.2,0.00,7.2,1
2022-06-14,87.1,69.1,   43,1012.9,0.00,8.3,1
2022-06-15,82.9,66.9,   58,1018.6,0.00,7.6,1
2022-06-16,77.0,66.0,   73,1018.6,0.39,9.4,1
2022-06-17,95.0,71.1,   50,1005.8,0.00,13.6,1
2022-06-18,78.1,60.1,   46,1007.1,0.00,17.0,1
2022-06-19,78.1,55.9,   34,1014.6,0.00,17.2,1
2022-06-20,82.9,57.9,   33,1019.3,0.00,8.7,1
2022-06-21,82.0,62.1,   51,1019.3,0.05,4.0,1
2022-06-22,71.1,64.0,   80,1016.6,0.07,7.6,1
2022-06-23,75.9,64.9,   70,1014.9,0.00,6.5,1
2022-06-24,88.0,66.0,   60,1016.3,0.00,6.0,1
2022-06-25,96.1,66.9,   51,1018.6,0.00,5.8,1
2022-06-26,93.9,72.0,   49,1017.6,0.00,10.3,1
2022-06-27,81.0,71.1,   75,1014.2,0.29,9.6,1
2022-06-28,84.0,69.1,   43,1020.3,0.00,9.4,1
2022-06-29,90.0,64.0,   50,1022.4,0.00,7.6,1
2022-06-30,91.9,68.0,   46,1021.0,0.00,8.9,1
2022-07-01,99.0,71.1,   52,1015.9,0.00,12.3,1
2022-07-02,96.1,79.0,   53,1012.2,0.00,11.6,1
2022-07-03,93.0,77.0,   38,1015.9,0.00,11.0,1
2022-07-04,91.0,64.0,   32,1020.0,0.00,7.4,1
2022-07-05,91.0,71.1,   53,1014.9,0.04,10.3,1
2022-07-06,91.0,77.0,   55,1010.8,0.00,11.9,1
2022-07-07,84.0,71.1,   59,1015.2,0.00,8.1,1
2022-07-08,91.0,70.0,   70,1015.2,0.12,4.3,1
2022-07-09,89.1,73.9,   52,1016.3,0.00,7.6,1
2022-07-10,84.9,66.9,   46,1017.3,0.00,7.8,1
2022-07-11,88.0,66.0,   51,1013.2,0.00,9.8,1
2022-07-12,98.1,70.0,   55,1007.5,0.00,14.1,1
2022-07-13,96.1,75.9,   47,1011.2,0.00,8.5,1
2022-07-14,93.9,73.0,   46,1014.6,0.00,9.8,1
2022-07-15,86.0,73.0,   57,1020.0,0.00,8.1,1
2022-07-16,82.9,72.0,   76,1018.3,0.09,4.9,1
2022-07-17,84.9,70.0,   73,1015.9,0.06,5.8,1
2022-07-18,93.0,73.9,   78,1010.8,0.07,6.7,1
2022-07-19,93.9,73.9,   52,1008.1,0.00,11.6,1
2022-07-20,100.0,73.9,   48,1007.1,0.00,8.5,1
2022-07-21,100.0,78.1,   51,1004.4,0.01,11.6,1
2022-07-22,100.0,79.0,   44,1011.2,0.00,7.4,1
2022-07-23,100.9,78.1,   44,1015.2,0.00,5.6,1
2022-07-24,102.0,77.0,   43,1014.6,0.00,12.8,1
2022-07-25,91.9,79.0,   65,1011.2,0.03,12.1,1
2022-07-26,86.0,71.1,   47,1015.2,0.00,8.5,1
2022-07-27,87.1,69.1,   54,1013.2,0.00,6.5,1
2022-07-28,91.9,73.9,   70,1009.8,0.12,7.8,1
2022-07-29,89.1,73.9,   59,1012.2,0.01,8.3,1
2022-07-30,91.0,75.0,   42,1016.6,0.00,11.4,1
2022-07-31,87.1,68.0,   56,1020.3,0.00,6.7,1
2022-08-01,78.1,68.0,   81,1013.9,0.43,6.5,1
2022-08-02,95.0,69.1,   58,1009.8,0.00,9.4,1
2022-08-03,93.9,73.0,   53,1014.9,0.00,6.9,1
2022-08-04,98.1,73.9,   55,1016.9,0.00,8.1,1
2022-08-05,91.9,77.0,   61,1020.0,0.00,8.7,1
2022-08-06,96.1,73.9,   60,1022.0,0.00,10.5,1
2022-08-07,96.1,79.0,   62,1020.0,0.04,15.0,1
2022-08-08,99.0,78.1,   58,1014.9,0.00,14.1,1
2022-08-09,100.9,81.0,   58,1012.5,0.00,12.3,1
2022-08-10,90.0,75.0,   57,1015.9,0.00,8.5,1
2022-08-11,91.9,72.0,   54,1011.9,0.15,6.9,1
2022-08-12,88.0,71.1,   35,1015.2,0.00,12.3,1
2022-08-13,82.0,66.0,   41,1018.3,0.00,9.6,1
2022-08-14,82.0,63.0,   48,1017.3,0.00,6.7,1
2022-08-15,82.9,68.0,   50,1015.6,0.00,4.7,1
2022-08-16,84.0,64.9,   56,1015.9,0.00,8.5,1
2022-08-17,82.0,64.9,   55,1015.2,0.11,5.8,1
2022-08-18,91.0,64.9,   42,1012.9,0.00,8.9,1
2022-08-19,93.9,66.0,   48,1017.3,0.00,6.9,1
2022-08-20,90.0,72.0,   57,1020.3,0.00,6.7,1
2022-08-21,82.9,71.1,   75,1019.0,0.00,6.7,1
2022-08-22,82.0,72.0,   85,1012.5,0.75,3.8,1
2022-08-23,89.1,71.1,   68,1009.8,0.00,8.1,1
2022-08-24,91.9,68.0,   51,1014.2,0.00,7.8,1
2022-08-25,93.0,69.1,   48,1016.3,0.00,5.4,1
2022-08-26,93.0,73.0,   57,1012.9,0.00,8.1,1
2022-08-27,91.0,75.0,   57,1015.6,0.00,5.8,1
2022-08-28,82.0,75.0,   75,1020.7,0.00,8.1,1
2022-08-29,87.1,75.0,   74,1018.6,0.01,8.1,1
2022-08-30,90.0,73.0,   73,1011.2,0.43,10.3,1
2022-08-31,87.1,70.0,   54,1009.1,0.00,10.5,1
2022-09-01,88.0,66.9,   41,1013.9,0.00,12.3,1
2022-09-02,78.1,61.0,   57,1023.7,0.00,7.8,1
2022-09-03,81.0,63.0,   67,1023.7,0.00,6.3,1
2022-09-04,93.0,70.0,   67,1019.3,0.01,6.5,1
2022-09-05,87.1,73.0,   73,1017.9,0.01,6.7,1
2022-09-06,75.0,68.0,   90,1015.6,0.61,7.2,1
2022-09-07,73.0,64.9,   79,1015.2,0.01,11.6,1
2022-09-08,80.1,64.0,   65,1013.2,0.00,7.6,1
2022-09-09,82.0,62.1,   61,1018.3,0.00,6.7,1
2022-09-10,87.1,61.0,   58,1023.0,0.00,4.0,1
2022-09-11,75.0,69.1,   80,1019.0,0.35,4.5,1
2022-09-12,84.9,68.0,   80,1010.2,0.53,5.1,1
2022-09-13,84.9,68.0,   68,1007.5,0.35,7.6,1
2022-09-14,82.9,61.0,   57,1014.2,0.00,9.8,1
2022-09-15,75.0,62.1,   46,1020.7,0.00,11.0,1
2022-09-16,78.1,53.1,   45,1021.7,0.00,6.7,1
2022-09-17,75.9,64.0,   63,1023.4,0.00,7.4,1
2022-09-18,84.9,63.0,   63,1017.3,0.00,11.4,1
2022-09-19,88.0,66.9,   68,1012.5,0.08,10.1,1
2022-09-20,81.0,66.9,   64,1012.2,0.00,10.5,1
2022-09-21,82.9,61.0,   63,1012.2,0.00,7.4,1
2022-09-22,78.1,55.9,   71,1004.4,0.34,13.0,1
2022-09-23,64.0,50.0,   48,1013.5,0.00,15.2,1
2022-09-24,72.0,46.9,   49,1014.9,0.00,7.4,1
2022-09-25,75.9,57.9,   67,1006.4,1.44,7.2,1
2022-09-26,75.0,57.9,   60,1005.8,0.00,9.6,1
2022-09-27,69.1,53.1,   58,1011.5,0.00,10.3,1
2022-09-28,71.1,48.9,   63,1019.6,0.00,11.0,1
2022-09-29,68.0,50.0,   60,1027.1,0.00,11.6,1
2022-09-30,62.1,50.0,   65,1024.7,0.00,11.0,1
2022-10-01,57.9,50.0,   84,1016.9,0.62,14.5,1
2022-10-02,60.1,48.9,   70,1019.3,0.50,19.0,1
2022-10-03,52.0,46.0,   67,1023.7,0.60,17.2,1
2022-10-04,51.1,43.0,   94,1016.3,1.77,16.1,1
2022-10-05,59.0,51.1,   96,1012.9,0.31,11.4,1
2022-10-06,75.0,48.9,   62,1014.2,0.00,4.0,1
2022-10-07,75.9,51.1,   64,1014.9,0.00,9.6,1
2022-10-08,57.9,43.0,   58,1020.7,0.02,10.7,1
2022-10-09,61.0,37.0,   63,1021.0,0.00,9.8,1
2022-10-10,66.9,42.1,   59,1022.4,0.00,7.8,1
2022-10-11,71.1,43.0,   62,1025.4,0.00,5.4,1
2022-10-12,68.0,46.9,   71,1021.7,0.00,6.5,1
2022-10-13,66.9,51.1,   92,1010.8,0.38,8.5,1
2022-10-14,70.0,50.0,   55,1012.5,0.01,8.1,1
2022-10-15,71.1,46.9,   59,1015.9,0.00,6.7,1
2022-10-16,69.1,51.1,   58,1013.5,0.00,4.7,1
2022-10-17,69.1,54.0,   73,1005.1,0.29,6.7,1
2022-10-18,60.1,45.0,   47,1005.1,0.00,10.1,1
2022-10-19,57.0,37.0,   56,1010.5,0.00,10.5,1
2022-10-20,61.0,39.9,   51,1015.2,0.00,11.0,1
2022-10-21,66.9,41.0,   52,1020.0,0.00,3.6,1
2022-10-22,69.1,42.1,   59,1024.4,0.00,3.1,1
2022-10-23,63.0,52.0,   69,1024.4,0.11,10.5,1
2022-10-24,62.1,55.0,   92,1021.0,1.20,10.3,1
2022-10-25,73.9,62.1,   92,1017.9,0.06,4.0,1
2022-10-26,75.0,59.0,   84,1009.8,0.00,5.1,1
2022-10-27,68.0,50.0,   51,1020.3,0.00,12.8,1
2022-10-28,60.1,44.1,   51,1032.2,0.00,9.8,1
2022-10-29,62.1,41.0,   58,1030.5,0.00,5.6,1
2022-10-30,64.9,37.0,   54,1023.4,0.00,3.1,1
2022-10-31,66.9,46.9,   74,1017.6,0.10,5.8,1
2022-11-01,72.0,60.1,   81,1016.6,0.07,8.1,0
2022-11-02,73.0,53.1,   56,1025.1,0.00,5.6,0
2022-11-03,69.1,46.9,   67,1028.4,0.00,3.8,0
2022-11-04,73.0,48.9,   78,1027.1,0.00,4.3,0
2022-11-05,79.0,61.0,   73,1023.0,0.00,7.6,0
2022-11-06,77.0,66.0,   73,1022.0,0.00,7.6,0
2022-11-07,81.0,55.9,   45,1022.4,0.01,14.1,0
2022-11-08,62.1,46.0,   35,1033.5,0.00,13.6,0
2022-11-09,55.0,37.9,   54,1036.2,0.00,7.2,0
2022-11-10,70.0,42.1,   69,1027.4,0.00,5.1,0
2022-11-11,71.1,55.9,   85,1013.5,0.77,6.7,0
2022-11-12,73.9,62.1,   64,1002.7,0.04,11.4,0
2022-11-13,63.0,42.1,   61,1012.9,0.04,13.9,0
2022-11-14,48.0,35.1,   48,1026.4,0.00,11.4,0
2022-11-15,46.9,33.1,   65,1028.1,0.58,11.4,0
2022-11-16,53.1,39.9,   68,1013.2,0.24,14.3,0
2022-11-17,48.0,36.0,   52,1014.6,0.00,14.5,0
2022-11-18,46.0,32.0,   53,1019.3,0.00,13.6,0
2022-11-19,42.1,27.1,   47,1021.3,0.00,11.0,0
2022-11-20,39.0,27.1,   37,1021.0,0.00,14.8,0
2022-11-21,44.1,24.3,   39,1028.8,0.00,10.5,0
2022-11-22,53.1,31.1,   45,1025.7,0.00,8.5,0
2022-11-23,57.9,33.1,   46,1023.7,0.00,7.6,0
2022-11-24,57.0,32.0,   65,1027.1,0.00,4.5,0
2022-11-25,57.9,41.0,   68,1013.2,0.01,12.3,0
2022-11-26,60.1,42.1,   41,1015.9,0.00,11.0,0
2022-11-27,60.1,42.1,   74,1005.4,0.52,7.6,0
2022-11-28,55.9,42.1,   62,1007.1,0.00,14.5,0
2022-11-29,45.0,33.1,   61,1024.4,0.00,4.5,0
2022-11-30,60.1,36.0,   73,1013.2,0.49,12.3,0
2022-12-01,45.0,34.0,   43,1024.0,0.00,14.3,0
2022-12-02,46.0,29.1,   55,1032.5,0.00,4.7,0
2022-12-03,59.0,44.1,   75,1019.6,0.39,12.1,0
2022-12-04,48.0,33.1,   46,1022.4,0.00,8.1,0
2022-12-05,48.9,29.1,   55,1025.1,0.00,3.8,0
2022-12-06,57.9,34.0,   84,1025.4,0.64,6.5,0
2022-12-07,60.1,54.0,   92,1020.7,0.21,7.2,0
2022-12-08,55.0,43.0,   60,1022.7,0.00,11.9,0
2022-12-09,48.0,33.1,   50,1025.4,0.00,12.1,0
2022-12-10,42.1,29.1,   58,1028.1,0.00,8.7,0
2022-12-11,41.0,34.0,   81,1022.7,0.30,10.1,0
2022-12-12,39.0,29.1,   76,1022.0,0.00,12.5,0
2022-12-13,43.0,24.3,   54,1024.4,0.00,8.9,0
2022-12-14,42.1,30.2,   49,1021.0,0.00,12.1,0
2022-12-15,44.1,32.0,   75,1020.0,0.68,12.1,0
2022-12-16,46.0,39.9,   87,1004.1,0.51,15.7,0
2022-12-17,46.9,36.0,   59,1007.5,0.00,12.3,0
2022-12-18,43.0,31.1,   54,1013.9,0.00,11.2,0
2022-12-19,42.1,30.2,   54,1023.4,0.00,13.0,0
2022-12-20,42.1,30.2,   52,1029.1,0.00,10.3,0
2022-12-21,43.0,24.3,   59,1032.2,0.00,4.0,0
2022-12-22,52.0,29.1,   82,1023.4,0.28,9.6,0
2022-12-23,57.9,9.1,   70,993.6,1.26,21.7,0
2022-12-24,17.2,8.2,   43,1009.8,0.00,20.1,0
2022-12-25,30.2,14.2,   48,1013.9,0.00,15.9,0
2022-12-26,31.1,18.1,   45,1023.0,0.00,11.4,0
2022-12-27,36.0,28.2,   47,1025.4,0.00,9.4,0
2022-12-28,48.9,28.2,   53,1026.1,0.00,8.1,0
2022-12-29,52.0,32.0,   56,1025.7,0.00,6.3,0
2022-12-30,62.1,39.0,   56,1024.4,0.00,4.5,0
2022-12-31,54.0,45.0,   92,1014.9,0.26,1.8,0
2023-01-01,57.9,45.0,   69,1012.9,0.00,8.1,0
2023-01-02,59.0,43.0,   71,1019.3,0.05,4.9,0
2023-01-03,55.9,48.9,   90,1013.9,0.45,3.4,0
2023-01-04,66.0,50.0,   85,1010.2,0.02,5.6,0
2023-01-05,55.0,46.9,   89,1013.5,0.00,4.3,0
2023-01-06,50.0,39.0,   78,1015.9,0.31,6.3,0
2023-01-07,48.0,37.0,   63,1021.3,0.00,10.1,0
2023-01-08,42.1,33.1,   58,1024.4,0.00,5.8,0
2023-01-09,48.0,37.0,   62,1014.2,0.01,7.2,0
2023-01-10,43.0,33.1,   58,1017.3,0.00,7.6,0
2023-01-11,41.0,36.0,   56,1023.4,0.00,6.0,0
2023-01-12,57.0,39.0,   82,1016.3,0.21,6.5,0
2023-01-13,59.0,37.9,   71,1002.4,0.11,13.9,0
2023-01-14,37.9,33.1,   58,1010.2,0.00,17.9,0
2023-01-15,46.0,32.0,   47,1015.6,0.00,19.2,0
2023-01-16,51.1,29.1,   33,1011.9,0.00,10.7,0
2023-01-17,48.0,31.1,   38,1006.1,0.00,6.3,0
2023-01-18,57.0,39.9,   60,1009.5,0.02,12.1,0
2023-01-19,44.1,37.9,   84,1011.9,0.95,5.6,0
2023-01-20,51.1,37.9,   66,1006.1,0.00,11.9,0
2023-01-21,42.1,37.9,   55,1020.0,0.00,10.1,0
2023-01-22,43.0,37.0,   67,1017.9,0.50,7.2,0
2023-01-23,41.0,37.0,   78,1004.7,0.29,14.8,0
2023-01-24,50.0,36.0,   50,1020.7,0.00,13.0,0
2023-01-25,57.9,34.0,   71,1017.9,0.95,8.5,0
2023-01-26,57.9,39.9,   61,1003.7,0.38,18.3,0
2023-01-27,45.0,31.1,   57,1019.0,0.00,8.5,0
2023-01-28,55.0,31.1,   48,1024.0,0.00,8.9,0
2023-01-29,54.0,37.9,   56,1022.7,0.00,7.6,0
2023-01-30,57.0,39.0,   67,1020.0,0.00,5.8,0
2023-01-31,48.9,32.0,   59,1022.0,0.06,10.5,0
2023-02-01,39.9,27.1,   48,1024.4,0.02,9.4,0
2023-02-02,42.1,25.2,   42,1019.3,0.00,8.5,0
2023-02-03,35.1,13.1,   36,1017.6,0.00,21.0,0
2023-02-04,26.2,5.2,   36,1034.2,0.00,11.4,0
2023-02-05,51.1,25.2,   49,1021.3,0.00,6.7,0
2023-02-06,55.9,32.0,   55,1017.3,0.00,11.2,0
2023-02-07,43.0,27.1,   62,1025.1,0.01,7.4,0
2023-02-08,57.0,35.1,   54,1022.4,0.00,7.4,0
2023-02-09,52.0,33.1,   71,1020.0,0.00,3.8,0
2023-02-10,61.0,43.0,   53,1012.2,0.00,14.3,0
2023-02-11,48.0,36.0,   38,1024.0,0.00,11.6,0
2023-02-12,48.0,31.1,   51,1016.9,0.12,4.7,0
2023-02-13,61.0,39.0,   28,1003.0,0.00,13.4,0
2023-02-14,57.0,42.1,   35,1016.9,0.00,10.7,0
2023-02-15,70.0,43.0,   46,1016.3,0.00,11.4,0
2023-02-16,68.0,50.0,   65,1014.2,0.06,4.7,0
2023-02-17,62.1,33.1,   76,1006.1,0.15,14.8,0
2023-02-18,44.1,28.2,   40,1025.7,0.00,13.4,0
2023-02-19,52.0,32.0,   59,1023.4,0.00,6.5,0
2023-02-20,64.0,39.9,   59,1006.4,0.00,9.2,0
2023-02-21,48.9,37.9,   76,1005.1,0.21,8.1,0
2023-02-22,45.0,34.0,   63,1017.9,0.19,6.5,0
2023-02-23,45.0,39.9,   86,1012.9,0.01,7.8,0
2023-02-24,48.0,26.2,   51,1023.7,0.00,16.3,0
2023-02-25,34.0,23.2,   55,1028.4,0.00,6.0,0
2023-02-26,53.1,23.2,   60,1012.5,0.00,10.1,0
2023-02-27,45.0,34.0,   54,1012.9,0.38,8.5,0
2023-02-28,39.0,33.1,   86,1008.5,0.26,9.2,0
2023-03-01,46.0,30.2,   72,1018.3,0.01,6.9,0
2023-03-02,57.0,39.9,   70,1007.1,0.00,11.2,0
2023-03-03,46.9,36.0,   58,1014.6,0.25,8.7,0
2023-03-04,50.0,39.9,   72,1002.7,1.24,14.3,0
2023-03-05,57.0,39.0,   48,1019.6,0.00,13.6,0
2023-03-06,54.0,39.9,   36,1017.9,0.00,11.2,0
2023-03-07,50.0,34.0,   52,1011.5,0.13,18.8,0
2023-03-08,50.0,32.0,   49,1020.7,0.00,17.2,0
2023-03-09,53.1,34.0,   50,1021.3,0.00,13.0,0
2023-03-10,46.0,34.0,   68,1013.9,0.32,6.9,0
2023-03-11,46.9,35.1,   75,1008.5,0.33,14.5,0
2023-03-12,48.0,33.1,   56,1016.3,0.00,7.4,0
2023-03-13,45.0,39.0,   88,1010.8,0.53,9.2,0
2023-03-14,39.0,33.1,   78,1001.7,0.09,20.4,0
2023-03-15,48.0,35.1,   42,1010.5,0.00,21.7,0
2023-03-16,62.1,31.1,   28,1015.6,0.00,8.5,0
2023-03-17,61.0,45.0,   44,1005.8,0.00,6.7,0
2023-03-18,55.9,41.0,   38,1006.4,0.01,14.3,0
2023-03-19,42.1,30.2,   32,1016.9,0.00,16.6,0
2023-03-20,54.0,27.1,   35,1024.7,0.00,8.7,0
2023-03-21,64.9,32.0,   28,1027.4,0.00,10.5,0
2023-03-22,64.9,39.9,   51,1025.7,0.00,5.8,0
2023-03-23,62.1,46.0,   80,1012.5,0.04,8.5,0
2023-03-24,57.0,43.0,   45,1014.6,0.00,7.2,0
2023-03-25,46.9,42.1,   77,1012.5,0.16,10.5,0
2023-03-26,64.9,41.0,   43,1012.2,0.00,12.3,0
2023-03-27,60.1,43.0,   51,1015.9,0.20,8.1,0
2023-03-28,54.0,41.0,   57,1018.3,0.01,10.1,0
2023-03-29,57.0,37.9,   44,1019.3,0.00,9.2,0
2023-03-30,48.0,31.1,   33,1025.4,0.00,13.4,0
2023-03-31,55.9,33.1,   54,1021.3,0.00,5.4,0
2023-04-01,73.9,52.0,   66,999.0,0.26,14.1,0
2023-04-02,53.1,37.0,   31,1013.2,0.00,17.2,0
2023-04-03,66.0,36.0,   46,1018.3,0.00,7.8,0
2023-04-04,73.0,46.9,   68,1016.6,0.00,4.0,0
2023-04-05,59.0,48.0,   90,1022.4,0.00,7.8,0
2023-04-06,82.9,48.0,   67,1020.0,0.00,9.8,0
2023-04-07,62.1,43.0,   24,1026.8,0.00,14.8,0
2023-04-08,54.0,37.9,   35,1031.8,0.00,8.3,0
2023-04-09,55.0,35.1,   50,1032.2,0.00,8.1,0
2023-04-10,69.1,35.1,   42,1029.1,0.00,6.9,0
2023-04-11,77.0,45.0,   27,1018.6,0.00,13.6,0
2023-04-12,87.1,64.0,   24,1010.2,0.00,12.3,0
2023-04-13,91.9,61.0,   29,1010.5,0.00,11.4,0
2023-04-14,93.0,61.0,   30,1010.8,0.00,9.2,0
2023-04-15,75.0,60.1,   80,1011.9,0.15,6.5,0
2023-04-16,72.0,55.9,   80,1009.5,0.00,5.1,0
2023-04-17,71.1,55.0,   62,1003.0,0.03,11.4,0
2023-04-18,59.0,45.0,   43,1008.5,0.00,17.0,0
2023-04-19,68.0,39.9,   45,1017.3,0.00,10.1,0
2023-04-20,64.0,45.0,   51,1022.0,0.00,6.7,0
2023-04-21,69.1,51.1,   70,1017.9,0.00,7.6,0
2023-04-22,70.0,53.1,   79,1012.9,0.90,10.3,0
2023-04-23,72.0,50.0,   61,1011.2,1.01,10.3,0
2023-04-24,64.0,45.0,   43,1017.3,0.00,8.5,0
2023-04-25,63.0,46.9,   43,1021.0,0.00,8.1,0
2023-04-26,61.0,42.1,   60,1023.0,0.00,7.8,0
2023-04-27,59.0,50.0,   70,1022.7,0.00,4.9,0
2023-04-28,57.0,50.0,   66,1020.0,0.41,9.4,0
2023-04-29,54.0,50.0,   93,1011.5,3.05,10.5,0
2023-04-30,61.0,52.0,   93,997.0,2.26,8.9,0
2023-05-01,64.0,50.0,   53,992.9,0.07,16.8,1
2023-05-02,59.0,46.9,   61,995.9,0.05,12.1,1
2023-05-03,60.1,46.9,   60,999.7,0.00,9.6,1
2023-05-04,57.9,48.0,   76,1011.9,0.02,7.6,1
2023-05-05,66.0,46.9,   66,1022.0,0.00,4.9,1
2023-05-06,75.9,45.0,   46,1022.4,0.00,7.2,1
2023-05-07,80.1,53.1,   44,1014.2,0.00,8.3,1
2023-05-08,80.1,60.1,   46,1008.8,0.01,11.2,1
2023-05-09,68.0,55.0,   40,1014.9,0.00,7.6,1
2023-05-10,75.9,48.0,   43,1020.0,0.00,5.4,1
2023-05-11,84.0,52.0,   35,1018.6,0.00,9.6,1
2023-05-12,90.0,60.1,   39,1016.9,0.00,8.5,1
2023-05-13,84.0,66.9,   42,1015.9,0.00,8.9,1
2023-05-14,77.0,59.0,   30,1021.7,0.00,11.9,1
2023-05-15,78.1,51.1,   31,1020.7,0.00,11.0,1
2023-05-16,82.9,53.1,   39,1005.8,0.00,12.5,1
2023-05-17,70.0,50.0,   30,1009.5,0.00,17.4,1
2023-05-18,61.0,44.1,   50,1026.1,0.00,8.5,1
2023-05-19,72.0,52.0,   62,1025.7,0.00,7.8,1
2023-05-20,70.0,57.9,   92,1015.9,0.66,5.1,1
2023-05-21,75.0,57.0,   55,1014.2,0.01,11.4,1
2023-05-22,78.1,55.9,   62,1021.7,0.00,7.2,1
2023-05-23,69.1,55.0,   59,1025.7,0.00,5.8,1
2023-05-24,81.0,52.0,   53,1017.3,0.07,6.9,1
2023-05-25,72.0,51.1,   42,1020.3,0.00,13.6,1
2023-05-26,75.9,51.1,   38,1024.4,0.00,7.8,1
2023-05-27,80.1,54.0,   39,1025.4,0.00,6.5,1
2023-05-28,80.1,55.9,   43,1019.3,0.00,5.6,1
2023-05-29,79.0,59.0,   49,1017.3,0.00,9.6,1
2023-05-30,70.0,57.0,   55,1022.7,0.00,8.1,1
2023-05-31,78.1,51.1,   60,1022.0,0.00,4.9,1
2023-06-01,88.0,59.0,   55,1017.9,0.00,3.6,1
2023-06-02,91.0,64.0,   48,1012.2,0.00,5.1,1
2023-06-03,73.9,55.9,   68,1015.2,0.00,9.4,1
2023-06-04,71.1,48.9,   51,1015.9,0.00,8.7,1
2023-06-05,80.1,55.9,   40,1010.8,0.00,10.7,1
2023-06-06,84.0,62.1,   37,1004.4,0.00,11.2,1
2023-06-07,73.9,59.0,   41,1003.7,0.00,10.5,1
2023-06-08,77.0,50.0,   45,1005.8,0.00,6.5,1
2023-06-09,77.0,59.0,   50,1006.8,0.00,7.2,1
2023-06-10,82.9,57.9,   50,1008.5,0.00,8.9,1
2023-06-11,84.9,64.9,   59,1010.5,0.00,5.8,1
2023-06-12,78.1,68.0,   78,1006.1,0.53,8.7,1
2023-06-13,82.9,64.9,   49,1004.7,0.00,11.4,1
2023-06-14,79.0,62.1,   64,1000.7,0.28,10.5,1
2023-06-15,82.0,60.1,   53,1003.7,0.00,10.3,1
2023-06-16,82.0,62.1,   64,1005.8,0.22,6.3,1
2023-06-17,82.0,63.0,   54,1005.4,0.00,13.2,1
2023-06-18,84.9,64.0,   46,1010.8,0.00,10.3,1
2023-06-19,80.1,64.9,   66,1017.3,0.00,8.3,1
2023-06-20,78.1,64.9,   62,1022.0,0.00,7.6,1
2023-06-21,75.0,63.0,   61,1024.0,0.00,11.2,1
2023-06-22,73.9,59.0,   75,1020.7,0.04,10.3,1
2023-06-23,71.1,66.0,   87,1015.9,0.07,6.3,1
2023-06-24,82.0,69.1,   83,1010.2,0.08,4.5,1
2023-06-25,87.1,71.1,   75,1009.1,0.01,3.6,1
2023-06-26,80.1,69.1,   82,1007.1,0.90,7.4,1
2023-06-27,82.0,66.9,   80,1005.8,0.53,4.9,1
2023-06-28,84.9,66.9,   67,1009.5,0.00,8.3,1
2023-06-29,84.9,66.9,   57,1015.6,0.00,7.4,1
2023-06-30,86.0,66.9,   56,1017.3,0.00,6.0,1
2023-07-01,82.9,69.1,   66,1016.3,0.00,7.6,1
2023-07-02,91.0,72.0,   73,1010.5,0.30,7.6,1
2023-07-03,93.0,73.9,   65,1009.8,0.05,7.2,1
2023-07-04,82.9,73.9,   78,1012.2,1.19,3.8,1
2023-07-05,93.9,73.0,   62,1014.6,0.00,6.0,1
2023-07-06,91.9,77.0,   67,1013.2,0.00,6.5,1
2023-07-07,88.0,75.9,   73,1010.8,0.00,4.9,1
2023-07-08,88.0,75.9,   74,1010.5,0.00,5.4,1
2023-07-09,82.9,75.0,   79,1009.1,0.25,7.4,1
2023-07-10,88.0,72.0,   61,1008.1,0.00,10.1,1
2023-07-11,91.9,68.0,   48,1011.5,0.00,7.6,1
2023-07-12,95.0,71.1,   47,1012.9,0.00,7.2,1
2023-07-13,93.0,75.0,   59,1010.2,0.00,9.8,1
2023-07-14,87.1,72.0,   72,1011.9,0.31,7.8,1
2023-07-15,91.0,71.1,   78,1012.9,0.14,5.8,1
2023-07-16,80.1,75.9,   88,1009.5,1.49,6.0,1
2023-07-17,93.0,75.0,   66,1012.9,0.00,6.7,1
2023-07-18,86.0,73.0,   74,1013.9,1.16,6.0,1
2023-07-19,84.0,71.1,   75,1015.9,0.00,3.8,1
2023-07-20,88.0,72.0,   62,1014.2,0.00,6.0,1
2023-07-21,88.0,72.0,   63,1007.5,0.28,8.5,1
2023-07-22,87.1,71.1,   48,1009.1,0.00,9.6,1
2023-07-23,93.0,68.0,   50,1014.2,0.00,6.7,1
2023-07-24,88.0,71.1,   60,1018.3,0.00,7.4,1
2023-07-25,88.0,69.1,   72,1017.9,0.89,6.5,1
2023-07-26,91.9,66.0,   62,1017.9,0.00,6.9,1
2023-07-27,96.1,75.0,   65,1013.5,0.01,14.3,1
2023-07-28,95.0,77.0,   57,1014.6,0.09,6.7,1
2023-07-29,93.0,73.0,   66,1008.5,0.10,12.3,1
2023-07-30,82.9,66.9,   50,1013.5,0.00,11.0,1
2023-07-31,87.1,64.0,   45,1014.9,0.00,6.3,1
2023-08-01,84.0,66.9,   45,1019.6,0.00,10.1,1
2023-08-02,82.9,63.0,   48,1022.4,0.00,6.5,1
2023-08-03,81.0,64.0,   58,1018.6,0.00,8.5,1
2023-08-04,79.0,72.0,   72,1014.2,0.00,9.8,1
2023-08-05,88.0,70.0,   57,1014.2,0.00,6.7,1
2023-08-06,87.1,68.0,   57,1015.6,0.00,7.8,1
2023-08-07,84.0,69.1,   80,1010.5,0.67,9.2,1
2023-08-08,84.0,71.1,   65,1004.4,0.00,14.1,1
2023-08-09,90.0,70.0,   49,1007.1,0.00,13.6,1
2023-08-10,82.9,71.1,   76,1005.1,0.45,3.8,1
2023-08-11,88.0,66.9,   59,1008.5,0.00,8.7,1
2023-08-12,90.0,68.0,   66,1011.5,0.01,6.7,1
2023-08-13,90.0,71.1,   62,1011.5,0.50,9.4,1
2023-08-14,90.0,73.0,   59,1013.5,0.00,4.7,1
2023-08-15,84.0,72.0,   78,1008.1,0.43,8.1,1
2023-08-16,84.9,70.0,   77,1012.9,0.56,5.4,1
2023-08-17,82.0,73.9,   81,1012.9,0.00,7.6,1
2023-08-18,84.9,70.0,   57,1007.8,0.36,12.5,1
2023-08-19,82.0,63.0,   50,1015.2,0.00,11.2,1
2023-08-20,89.1,62.1,   51,1018.6,0.00,7.6,1
2023-08-21,91.0,70.0,   58,1016.9,0.00,8.9,1
2023-08-22,80.1,68.0,   49,1018.3,0.00,13.4,1
2023-08-23,82.0,64.9,   53,1019.6,0.00,7.8,1
2023-08-24,75.0,68.0,   75,1017.3,0.04,6.5,1
2023-08-25,81.0,71.1,   84,1011.2,0.91,5.8,1
2023-08-26,87.1,73.0,   69,1010.2,0.24,6.3,1
2023-08-27,87.1,69.1,   61,1013.2,0.00,7.2,1
2023-08-28,78.1,72.0,   74,1016.9,0.00,6.7,1
2023-08-29,82.9,68.0,   76,1012.9,0.00,5.1,1
2023-08-30,88.0,70.0,   64,1006.8,0.10,10.5,1
2023-08-31,80.1,64.0,   49,1014.2,0.00,13.4,1
2023-09-01,79.0,60.1,   54,1024.4,0.00,8.5,1
2023-09-02,82.9,59.0,   60,1021.0,0.00,7.8,1
2023-09-03,91.9,66.0,   58,1013.2,0.00,8.3,1
2023-09-04,93.0,72.0,   61,1011.2,0.00,6.0,1
2023-09-05,95.0,78.1,   58,1012.9,0.00,5.8,1
2023-09-06,97.0,77.0,   55,1009.8,0.00,6.5,1
2023-09-07,96.1,75.9,   55,1009.5,0.00,8.1,1
2023-09-08,91.9,73.0,   76,1013.5,0.29,5.8,1
2023-09-09,88.0,73.0,   80,1017.9,0.02,6.5,1
2023-09-10,81.0,70.0,   82,1018.3,1.18,3.6,1
2023-09-11,84.9,72.0,   83,1015.2,0.58,5.4,1
2023-09-12,87.1,69.1,   70,1014.9,0.00,6.3,1
2023-09-13,82.9,71.1,   73,1012.9,0.25,7.4,1
2023-09-14,81.0,63.0,   52,1016.9,0.00,13.2,1
2023-09-15,73.9,57.9,   55,1016.9,0.00,14.8,1
2023-09-16,79.0,60.1,   50,1012.9,0.00,10.7,1
2023-09-17,79.0,55.9,   64,1013.2,0.16,4.7,1
2023-09-18,70.0,62.1,   87,1008.1,1.23,7.2,1
2023-09-19,77.0,59.0,   59,1014.2,0.00,10.3,1
2023-09-20,78.1,57.9,   52,1020.7,0.00,6.9,1
2023-09-21,75.0,55.9,   58,1024.4,0.00,7.6,1
2023-09-22,73.9,57.9,   63,1026.4,0.00,11.2,1
2023-09-23,64.9,57.9,   87,1019.3,1.00,16.1,1
2023-09-24,66.9,61.0,   91,1014.9,1.11,12.3,1
2023-09-25,64.9,59.0,   88,1018.3,0.57,14.5,1
2023-09-26,63.0,55.9,   79,1026.4,0.09,11.2,1
2023-09-27,68.0,51.1,   59,1026.4,0.00,9.8,1
2023-09-28,66.0,55.0,   81,1024.4,0.07,11.0,1
2023-09-29,64.9,60.1,   90,1020.7,1.72,14.1,1
2023-09-30,70.0,59.0,   81,1021.3,0.04,11.0,1
2023-10-01,82.0,57.9,   65,1021.3,0.00,8.9,1
2023-10-02,81.0,63.0,   66,1021.7,0.00,6.9,1
2023-10-03,84.9,59.0,   67,1021.0,0.00,4.0,1
2023-10-04,84.9,63.0,   69,1022.0,0.00,,1
2023-10-05,79.0,60.1,   74,1022.4,0.00,5.6,1
2023-10-06,75.0,68.0,   89,1015.6,0.10,4.5,1
2023-10-07,72.0,54.0,   80,1005.8,0.22,8.9,1
2023-10-08,63.0,48.9,   57,1004.7,0.00,15.2,1
2023-10-09,64.0,46.9,   57,1008.5,0.02,9.6,1
2023-10-10,66.9,51.1,   69,1009.8,0.01,6.0,1
2023-10-11,73.0,52.0,   57,1010.8,0.00,5.1,1
2023-10-12,73.9,50.0,   53,1011.9,0.00,5.4,1
2023-10-13,66.9,53.1,   51,1014.6,0.00,9.2,1
2023-10-14,57.0,50.0,   80,1008.1,0.65,9.4,1
2023-10-15,64.0,50.0,   61,1000.3,0.00,12.5,1
2023-10-16,68.0,45.0,   64,1003.7,0.00,8.3,1
2023-10-17,66.0,52.0,   63,1013.5,0.00,5.4,1
2023-10-18,66.9,52.0,   69,1020.3,0.00,4.0,1
2023-10-19,68.0,46.9,   71,1019.0,0.00,7.2,1
2023-10-20,66.0,59.0,   89,1005.1,1.83,5.8,1
2023-10-21,68.0,57.9,   71,993.6,0.25,13.4,1
2023-10-22,62.1,48.9,   52,1005.1,0.00,16.8,1
2023-10-23,64.0,48.0,   54,1020.3,0.00,9.6,1
2023-10-24,70.0,44.1,   62,1027.1,0.00,5.4,1
2023-10-25,77.0,48.0,   57,1025.1,0.00,9.2,1
2023-10-26,82.0,54.0,   56,1022.7,0.00,6.7,1
2023-10-27,78.1,59.0,   65,1018.6,0.00,7.6,1
2023-10-28,84.0,61.0,   60,1016.3,0.00,9.6,1
2023-10-29,64.9,51.1,   82,1018.3,0.38,10.3,1
2023-10-30,63.0,51.1,   80,1010.2,0.56,9.4,1
2023-10-31,54.0,46.0,   53,1017.6,0.00,6.9,1
2023-11-01,52.0,39.0,   56,1018.6,0.00,12.1,0
2023-11-02,52.0,35.1,   51,1031.2,0.00,6.9,0
2023-11-03,59.0,34.0,   55,1030.1,0.00,6.9,0
2023-11-04,63.0,39.9,   60,1022.4,0.00,4.3,0
2023-11-05,68.0,45.0,   56,1017.3,0.00,5.6,0
2023-11-06,57.0,43.0,   63,1019.3,0.00,6.0,0
2023-11-07,66.0,53.1,   69,1009.1,0.00,10.3,0
2023-11-08,55.0,39.9,   44,1017.6,0.00,10.7,0
2023-11-09,62.1,41.0,   61,1012.9,0.00,4.7,0
2023-11-10,54.0,43.0,   59,1019.3,0.00,9.6,0
2023-11-11,57.9,35.1,   58,1026.8,0.00,9.2,0
2023-11-12,48.0,34.0,   58,1031.5,0.00,8.5,0
2023-11-13,51.1,32.0,   58,1025.4,0.00,5.8,0
2023-11-14,57.0,37.9,   54,1025.4,0.00,12.1,0
2023-11-15,55.0,33.1,   60,1028.4,0.00,5.8,0
2023-11-16,69.1,37.9,   55,1023.0,0.00,6.3,0
2023-11-17,70.0,45.0,   66,1015.2,0.00,7.6,0
2023-11-18,61.0,39.9,   55,1008.1,0.00,11.4,0
2023-11-19,57.0,35.1,   48,1013.9,0.00,9.8,0
2023-11-20,48.9,36.0,   44,1028.1,0.00,8.9,0
2023-11-21,51.1,32.0,   67,1028.4,0.78,11.9,0
2023-11-22,57.9,50.0,   77,1006.1,1.46,11.6,0
2023-11-23,55.0,46.0,   54,1011.5,0.00,13.0,0
2023-11-24,54.0,34.0,   47,1021.0,0.00,11.6,0
2023-11-25,43.0,31.1,   52,1028.8,0.00,3.8,0
2023-11-26,57.0,30.2,   76,1018.6,0.66,8.1,0
2023-11-27,54.0,37.0,   62,1007.1,0.01,13.9,0
2023-11-28,43.0,31.1,   44,1012.2,0.00,15.2,0
2023-11-29,39.0,27.1,   45,1019.0,0.00,12.3,0
2023-11-30,54.0,30.2,   48,1020.3,0.00,9.4,0
2023-12-01,48.0,35.1,   78,1020.0,0.38,4.3,0
2023-12-02,61.0,46.0,   85,1015.9,0.00,5.6,0
2023-12-03,52.0,45.0,   91,1008.8,0.75,7.4,0
2023-12-04,55.0,42.1,   66,1008.5,0.00,10.5,0
2023-12-05,44.1,37.0,   54,1015.9,0.00,7.6,0
2023-12-06,44.1,33.1,   55,1015.9,0.00,11.6,0
2023-12-07,39.0,31.1,   65,1016.9,0.00,9.2,0
2023-12-08,52.0,34.0,   65,1021.3,0.00,4.7,0
2023-12-09,59.0,36.0,   78,1021.7,0.00,2.9,0
2023-12-10,64.0,46.0,   87,1010.8,0.93,5.8,0
2023-12-11,50.0,39.0,   64,1011.5,0.43,16.1,0
2023-12-12,46.0,32.0,   52,1028.1,0.00,11.4,0
2023-12-13,48.9,32.0,   49,1031.5,0.00,10.1,0
2023-12-14,44.1,33.1,   46,1036.2,0.00,8.7,0
2023-12-15,59.0,32.0,   47,1028.1,0.00,9.6,0
2023-12-16,57.0,37.9,   58,1031.2,0.00,6.5,0
2023-12-17,60.1,48.9,   84,1020.7,0.40,7.6,0
2023-12-18,64.0,41.0,   76,992.2,2.75,16.6,0
2023-12-19,45.0,32.0,   57,1015.6,0.00,14.1,0
2023-12-20,48.9,31.1,   48,1027.8,0.00,10.5,0
2023-12-21,45.0,29.1,   53,1029.8,0.00,11.4,0
2023-12-22,37.9,25.2,   46,1031.8,0.00,4.9,0
2023-12-23,45.0,30.2,   65,1031.8,0.00,5.4,0
2023-12-24,48.9,39.9,   78,1029.5,0.01,2.9,0
2023-12-25,51.1,43.0,   82,1029.8,0.00,3.4,0
2023-12-26,50.0,44.1,   86,1025.7,0.00,3.1,0
2023-12-27,51.1,45.0,   89,1017.3,0.34,5.8,0
2023-12-28,55.0,50.0,   92,1005.4,1.51,10.5,0
2023-12-29,57.0,46.0,   76,1004.4,0.05,7.6,0
2023-12-30,46.9,37.0,   61,1005.4,0.00,12.3,0
2023-12-31,44.1,39.9,   50,,0.00,8.5,0
2024-01-01,50.0,36.0,   62,1017.3,0.00,7.4,0
2024-01-02,45.0,30.2,   54,1018.3,0.00,8.5,0
2024-01-03,46.9,31.1,   59,1016.3,0.00,8.1,0
2024-01-04,48.0,29.1,   52,1016.6,0.00,11.6,0
2024-01-05,39.9,26.2,   50,1024.7,0.00,9.8,0
2024-01-06,39.0,25.2,   76,1016.9,0.46,8.5,0
2024-01-07,41.0,35.1,   82,1005.8,0.17,12.5,0
2024-01-08,48.0,35.1,   54,1026.4,0.00,10.5,0
2024-01-09,57.9,31.1,   82,1015.6,2.05,11.9,0
2024-01-10,59.0,44.1,   57,993.2,0.17,19.7,0
2024-01-11,48.0,41.0,   51,1010.8,0.00,12.1,0
2024-01-12,50.0,34.0,   64,1017.6,0.10,8.5,0
2024-01-13,61.0,36.0,   63,995.6,0.82,19.7,0
2024-01-14,45.0,27.1,   45,1012.9,0.00,17.7,0
2024-01-15,30.2,24.3,   47,1023.4,0.03,7.4,0
2024-01-16,32.0,22.1,   78,1011.5,0.24,10.7,0
2024-01-17,26.2,17.2,   49,1016.3,0.00,10.3,0
2024-01-18,34.0,17.2,   49,1020.3,0.00,6.7,0
2024-01-19,33.1,27.1,   70,1010.8,0.01,10.5,0
2024-01-20,27.1,18.1,   52,1015.6,0.00,11.6,0
2024-01-21,33.1,21.2,   46,1027.4,0.00,11.9,0
2024-01-22,39.0,20.1,   51,1033.2,0.00,8.9,0
2024-01-23,41.0,32.0,   65,1032.5,0.01,6.9,0
2024-01-24,46.0,39.0,   85,1030.5,0.04,2.5,0
2024-01-25,59.0,45.0,   89,1020.7,0.21,4.9,0
2024-01-26,48.9,42.1,   93,1017.9,0.25,5.8,0
2024-01-27,48.0,42.1,   78,1022.0,0.00,6.5,0
2024-01-28,44.1,37.9,   88,1009.5,0.92,12.5,0
2024-01-29,42.1,37.0,   71,1011.2,0.03,13.4,0
2024-01-30,39.0,35.1,   65,1022.0,0.01,6.5,0
2024-01-31,41.0,35.1,   75,1020.0,0.00,4.7,0
2024-02-01,46.9,32.0,   74,1015.2,0.00,5.8,0
2024-02-02,46.0,39.0,   77,1012.2,0.20,9.6,0
2024-02-03,46.9,33.1,   54,1017.3,0.00,11.2,0
2024-02-04,50.0,29.1,   53,1015.2,0.00,7.6,0
2024-02-05,48.0,30.2,   44,1014.2,0.00,12.8,0
2024-02-06,45.0,27.1,   47,1021.7,0.00,10.3,0
2024-02-07,50.0,29.1,   51,1025.4,0.00,5.8,0
2024-02-08,54.0,32.0,   56,1025.4,0.00,3.4,0
2024-02-09,55.9,41.0,   69,1018.6,0.00,4.5,0
2024-02-10,60.1,42.1,   68,1010.8,0.00,5.8,0
2024-02-11,52.0,44.1,   56,1012.9,0.00,9.4,0
2024-02-12,48.9,36.0,   60,1011.9,0.00,6.3,0
2024-02-13,42.1,33.1,   74,1003.4,0.58,13.6,0
2024-02-14,39.0,30.2,   42,1016.9,0.00,17.7,0
2024-02-15,39.0,27.1,   52,1017.6,0.00,8.5,0
2024-02-16,45.0,34.0,   39,1011.5,0.00,15.7,0
2024-02-17,37.0,27.1,   67,1009.5,0.33,9.2,0
2024-02-18,41.0,19.2,   50,1011.9,0.00,13.9,0
2024-02-19,43.0,26.2,   41,1021.3,0.00,10.1,0
2024-02-20,39.9,24.3,   45,1031.8,0.00,4.7,0
2024-02-21,41.0,24.3,   63,1029.8,0.00,4.5,0
2024-02-22,46.0,31.1,   72,1014.9,0.04,5.8,0
2024-02-23,48.9,42.1,   79,999.0,0.03,5.8,0
2024-02-24,46.0,29.1,   44,1006.4,0.00,12.1,0
2024-02-25,43.0,21.2,   45,1019.6,0.00,7.6,0
2024-02-26,55.9,33.1,   62,1017.3,0.00,5.8,0
2024-02-27,57.9,36.0,   79,1014.6,0.42,5.8,0
2024-02-28,63.0,45.0,   81,1004.7,0.15,12.5,0
2024-02-29,44.1,32.0,   34,1024.4,0.00,16.1,0
2024-03-01,46.9,30.2,   47,1035.2,0.00,7.2,0
2024-03-02,54.0,42.1,   90,1024.7,1.31,5.6,0
2024-03-03,70.0,48.0,   66,1021.3,0.00,8.1,0
2024-03-04,59.0,45.0,   77,1027.4,0.00,8.5,0
2024-03-05,48.0,44.1,   91,1020.3,0.54,9.8,0
2024-03-06,51.1,48.0,   92,1014.6,1.03,7.4,0
2024-03-07,57.0,45.0,   71,1012.5,0.01,17.0,0
2024-03-08,55.9,37.9,   56,1025.1,0.00,8.3,0
2024-03-09,48.9,42.1,   82,1015.9,1.43,11.4,0
2024-03-10,53.1,37.9,   68,997.0,0.03,17.4,0
2024-03-11,55.0,36.0,   33,1005.4,0.00,22.6,0
2024-03-12,68.0,39.0,   34,1009.8,0.00,11.4,0
2024-03-13,64.0,46.9,   53,1012.9,0.00,3.6,0
2024-03-14,75.0,43.0,   57,1014.9,0.00,4.0,0
2024-03-15,75.0,51.1,   53,1006.8,0.00,12.3,0
2024-03-16,62.1,46.0,   51,1008.5,0.00,8.9,0
2024-03-17,64.0,48.0,   45,1002.7,0.00,12.8,0
2024-03-18,54.0,37.9,   38,1006.4,0.00,13.4,0
2024-03-19,48.9,34.0,   46,1007.5,0.00,13.4,0
2024-03-20,59.0,34.0,   52,1005.4,0.01,12.3,0
2024-03-21,45.0,30.2,   31,1020.0,0.00,16.1,0
2024-03-22,45.0,29.1,   47,1027.1,0.00,6.9,0
2024-03-23,48.0,35.1,   84,1011.2,3.10,15.2,0
2024-03-24,50.0,32.0,   41,1024.4,0.00,13.9,0
2024-03-25,54.0,33.1,   44,1029.5,0.00,10.5,0
2024-03-26,54.0,37.9,   61,1022.4,0.00,7.6,0
2024-03-27,52.0,43.0,   79,1019.0,0.07,3.4,0
2024-03-28,51.1,45.0,   82,1013.5,0.45,8.7,0
2024-03-29,57.9,42.1,   37,1007.8,0.00,20.8,0
2024-03-30,63.0,41.0,   49,1009.5,0.01,14.8,0
2024-03-31,63.0,48.0,   49,1011.9,0.00,9.4,0
2024-04-01,55.0,48.9,   62,1014.2,0.04,4.9,0
2024-04-02,50.0,45.0,   87,1012.9,1.03,7.6,0
2024-04-03,45.0,42.1,   88,1003.0,1.84,14.3,0
2024-04-04,51.1,37.9,   70,996.3,0.19,11.9,0
2024-04-05,52.0,39.0,   56,1004.1,0.00,13.6,0
2024-04-06,55.9,41.0,   50,1009.8,0.00,15.9,0
2024-04-07,61.0,43.0,   49,1017.6,0.00,9.6,0
2024-04-08,69.1,39.0,   44,1020.0,0.00,4.0,0
2024-04-09,77.0,50.0,   40,1016.6,0.00,4.9,0
2024-04-10,64.9,52.0,   73,1016.6,0.00,6.5,0
2024-04-11,63.0,51.1,   86,1011.9,0.22,8.9,0
2024-04-12,68.0,55.0,   73,996.6,0.27,15.2,0
2024-04-13,57.0,48.9,   51,1004.7,0.00,20.1,0
2024-04-14,75.9,46.0,   45,1009.5,0.04,14.1,0
2024-04-15,82.9,55.0,   47,1009.5,0.00,10.7,0
2024-04-16,73.9,54.0,   34,1019.6,0.00,10.1,0
2024-04-17,61.0,51.1,   64,1019.6,0.02,8.3,0
2024-04-18,51.1,46.9,   81,1018.6,0.00,11.9,0
2024-04-19,55.0,44.1,   73,1019.6,0.00,7.6,0
2024-04-20,72.0,48.0,   58,1013.9,0.05,13.2,0
2024-04-21,54.0,42.1,   40,1015.9,0.00,10.1,0
2024-04-22,64.0,39.9,   39,1017.9,0.00,8.7,0
2024-04-23,61.0,42.1,   44,1018.6,0.00,8.1,0
2024-04-24,73.9,50.0,   47,1012.5,0.00,11.9,0
2024-04-25,57.0,42.1,   45,1026.1,0.00,9.6,0
2024-04-26,61.0,37.9,   50,1031.2,0.00,7.4,0
2024-04-27,62.1,44.1,   53,1031.2,0.00,8.5,0
2024-04-28,80.1,50.0,   70,1020.0,0.11,5.1,0
2024-04-29,86.0,60.1,   69,1014.2,0.02,6.0,0
2024-04-30,68.0,54.0,,,0.02,7.6,0
2024-05-01,79.0,55.0,   76,1013.2,0.01,6.3,1
2024-05-02,90.0,54.0,   60,1013.9,0.00,10.1,1
2024-05-03,66.0,51.1,   72,1021.7,0.00,7.4,1
2024-05-04,62.1,50.0,   70,1025.7,0.00,7.2,1
2024-05-05,54.0,50.0,   87,1023.4,0.31,7.8,1
2024-05-06,75.9,53.1,   81,1014.2,0.00,5.8,1
2024-05-07,82.9,60.1,   51,1007.5,0.00,7.8,1
2024-05-08,89.1,66.9,   55,1002.0,0.05,12.8,1
2024-05-09,73.0,55.9,   54,1006.4,0.00,8.5,1
2024-05-10,57.0,50.0,   79,1008.5,0.33,8.1,1
2024-05-11,64.0,46.0,   65,1010.8,0.00,8.3,1
2024-05-12,55.9,48.0,   78,1013.2,0.38,5.8,1
2024-05-13,68.0,46.0,   75,1017.3,0.00,6.3,1
2024-05-14,73.9,54.0,   72,1014.9,0.04,5.4,1
2024-05-15,66.0,60.1,   87,1008.8,0.34,9.6,1
2024-05-16,68.0,60.1,   82,1006.8,0.04,17.2,1
2024-05-17,75.0,59.0,   63,1013.5,0.00,8.3,1
2024-05-18,72.0,59.0,   71,1014.6,0.04,4.5,1
2024-05-19,78.1,55.9,   70,1015.6,0.00,7.8,1
2024-05-20,75.0,55.9,   72,1016.6,0.00,5.8,1
2024-05-21,87.1,57.9,   62,1014.6,0.00,7.6,1
2024-05-22,87.1,64.0,   59,1013.2,0.00,9.2,1
2024-05-23,82.0,69.1,   67,1011.2,0.63,8.3,1
2024-05-24,88.0,64.9,   42,1009.8,0.00,7.6,1
2024-05-25,81.0,63.0,   52,1011.2,0.00,6.0,1
2024-05-26,84.0,66.0,   75,1012.2,0.00,6.5,1
2024-05-27,78.1,66.0,   88,1008.8,0.33,6.9,1
2024-05-28,84.0,64.9,   55,1007.1,0.00,13.2,1
2024-05-29,80.1,62.1,   63,1012.2,0.22,6.7,1
2024-05-30,75.0,59.0,   54,1014.6,0.07,10.7,1
2024-05-31,79.0,60.1,   34,1020.0,0.00,11.4,1
2024-06-01,87.1,57.9,   33,1020.0,0.00,9.2,1
2024-06-02,86.0,62.1,   45,1016.3,0.00,7.4,1
2024-06-03,89.1,71.1,   45,1012.5,0.00,5.6,1
2024-06-04,82.0,66.9,   67,1015.6,0.00,5.8,1
2024-06-05,81.0,64.9,   78,1011.5,0.10,6.7,1
2024-06-06,87.1,70.0,   74,1000.7,0.45,8.3,1
2024-06-07,88.0,68.0,   50,1002.4,0.00,9.6,1
2024-06-08,82.9,63.0,   43,1007.5,0.00,13.0,1
2024-06-09,80.1,64.9,   51,1002.4,0.00,10.5,1
2024-06-10,78.1,63.0,   47,1005.1,0.00,11.2,1
2024-06-11,75.9,60.1,   54,1012.9,0.00,7.6,1
2024-06-12,81.0,61.0,   56,1016.3,0.00,7.6,1
2024-06-13,89.1,61.0,   55,1014.9,0.00,8.7,1
2024-06-14,91.0,66.9,   64,1011.5,0.21,7.6,1
2024-06-15,84.9,66.9,   45,1015.6,0.00,11.4,1
2024-06-16,77.0,62.1,   57,1023.0,0.00,9.2,1
2024-06-17,91.9,66.9,   60,1021.3,0.00,9.6,1
2024-06-18,91.0,72.0,   58,1023.4,0.00,10.1,1
2024-06-19,93.0,72.0,   57,1026.4,0.00,8.1,1
2024-06-20,97.0,71.1,   49,1024.7,0.00,8.9,1
2024-06-21,100.0,77.0,   52,1020.0,0.00,9.2,1
2024-06-22,95.0,77.0,   65,1014.9,0.04,6.3,1
2024-06-23,99.0,75.0,   59,1005.4,0.00,11.4,1
2024-06-24,84.0,73.0,   48,1004.4,0.00,18.6,1
2024-06-25,93.9,66.0,   33,1011.5,0.00,11.9,1
2024-06-26,98.1,72.0,   52,1006.8,0.27,11.2,1
2024-06-27,88.0,70.0,   56,1008.8,0.29,11.2,1
2024-06-28,79.0,63.0,   41,1020.3,0.00,8.7,1
2024-06-29,84.9,66.9,   73,1019.6,0.08,9.6,1
2024-06-30,91.0,71.1,   78,1012.5,0.31,12.5,1
2024-07-01,84.0,64.9,   50,1016.9,0.00,14.8,1
2024-07-02,84.9,64.0,   44,1023.0,0.00,7.8,1
2024-07-03,82.9,66.9,   49,1020.7,0.00,9.6,1
2024-07-04,89.1,70.0,   67,1013.2,0.16,7.2,1
2024-07-05,91.0,77.0,   77,1008.8,0.53,5.4,1
2024-07-06,93.0,73.9,   74,1010.2,0.08,5.4,1
2024-07-07,93.9,79.0,   58,1014.6,0.00,6.9,1
2024-07-08,93.9,77.0,   66,1016.3,0.00,5.4,1
2024-07-09,93.0,75.9,   70,1013.9,0.00,6.3,1
2024-07-10,93.9,79.0,   68,1010.2,0.01,10.7,1
2024-07-11,93.0,75.9,   59,1013.5,0.03,11.4,1
2024-07-12,84.9,72.0,   74,1020.7,0.43,6.7,1
2024-07-13,89.1,73.0,   75,1019.6,1.28,4.9,1
2024-07-14,90.0,75.9,   69,1015.6,0.26,6.9,1
2024-07-15,98.1,75.9,   63,1010.5,0.11,8.3,1
2024-07-16,99.0,78.1,   56,1008.5,0.00,11.2,1
2024-07-17,93.9,73.9,   69,1009.5,0.51,8.1,1
2024-07-18,88.0,73.0,   59,1012.5,0.00,9.8,1
2024-07-19,87.1,68.0,   48,1019.0,0.00,7.4,1
2024-07-20,87.1,66.9,   60,1018.3,0.00,8.9,1
2024-07-21,89.1,75.0,   62,1016.3,0.01,6.0,1
2024-07-22,84.9,73.9,   76,1016.9,0.02,6.5,1
2024-07-23,86.0,72.0,   80,1016.6,0.05,5.8,1
2024-07-24,84.9,75.0,   78,1019.0,0.00,5.8,1
2024-07-25,87.1,73.9,   60,1017.3,0.00,9.2,1
2024-07-26,86.0,68.0,   45,1018.6,0.00,9.2,1
2024-07-27,88.0,66.0,   49,1020.0,0.00,5.6,1
2024-07-28,90.0,69.1,   56,1019.0,0.00,6.3,1
2024-07-29,89.1,72.0,   68,1014.2,0.00,6.3,1
2024-07-30,91.9,73.9,   69,1013.5,0.00,9.6,1
2024-07-31,93.9,77.0,   66,1011.9,0.11,9.8,1
2024-08-01,100.0,73.0,   57,1013.2,0.00,6.3,1
2024-08-02,96.1,75.9,   71,1010.8,0.74,5.8,1
2024-08-03,93.9,73.9,   74,1009.8,0.84,7.6,1
2024-08-04,86.0,73.0,   83,1013.2,0.24,7.6,1
2024-08-05,91.9,72.0,   63,1015.2,0.00,5.8,1
2024-08-06,93.9,73.0,   77,1012.9,1.68,7.4,1
2024-08-07,75.0,66.0,   87,1015.2,0.13,7.8,1
2024-08-08,73.0,66.9,   90,1017.9,0.71,6.9,1
2024-08-09,84.9,73.0,   86,1011.2,0.34,13.4,1
2024-08-10,89.1,73.9,   56,1012.9,0.00,10.3,1
2024-08-11,84.9,70.0,   51,1015.2,0.00,7.2,1
2024-08-12,86.0,64.0,   53,1014.9,0.00,8.9,1
2024-08-13,84.0,66.9,   51,1016.3,0.00,8.5,1
2024-08-14,88.0,68.0,   52,1017.3,0.00,7.6,1
2024-08-15,90.0,68.0,   50,1016.9,0.00,6.0,1
2024-08-16,89.1,72.0,   65,1016.6,0.00,6.0,1
2024-08-17,82.0,71.1,   79,1014.9,0.09,7.6,1
2024-08-18,86.0,71.1,   82,1009.5,1.03,8.5,1
2024-08-19,87.1,70.0,   70,1005.4,0.03,8.9,1
2024-08-20,75.0,62.1,   52,1012.5,0.00,13.9,1
2024-08-21,75.9,57.0,   54,1017.3,0.00,11.4,1
2024-08-22,80.1,55.9,   56,1021.0,0.00,8.5,1
2024-08-23,84.0,59.0,   51,1024.7,0.00,5.1,1
2024-08-24,86.0,63.0,   53,1023.7,0.00,5.1,1
2024-08-25,88.0,64.0,   59,1022.7,0.00,6.0,1
2024-08-26,89.1,66.9,   65,1020.0,0.39,6.9,1
2024-08-27,87.1,66.9,   65,1018.3,0.00,6.7,1
2024-08-28,95.0,73.0,   63,1014.6,0.03,9.6,1
2024-08-29,81.0,71.1,   69,1022.4,0.08,8.3,1
2024-08-30,75.9,64.9,   72,1024.4,0.36,6.7,1
2024-08-31,79.0,68.0,   75,1017.9,0.00,5.4,1
2024-09-01,86.0,72.0,   75,1011.9,0.00,7.4,1
2024-09-02,82.0,63.0,   47,1016.6,0.00,13.4,1
2024-09-03,75.9,55.0,   47,1026.4,0.00,6.9,1
2024-09-04,79.0,55.9,   52,1030.1,0.00,4.3,1
2024-09-05,79.0,57.0,   63,1027.1,0.00,6.9,1
2024-09-06,80.1,62.1,   75,1018.6,0.00,6.9,1
2024-09-07,80.1,60.1,   78,1010.8,0.08,7.4,1
2024-09-08,73.0,55.0,   50,1015.6,0.00,11.4,1
2024-09-09,80.1,51.1,   47,1018.3,0.00,9.8,1
2024-09-10,82.0,61.0,   48,1018.6,0.00,7.8,1
2024-09-11,81.0,57.0,   56,1022.4,0.00,5.1,1
2024-09-12,82.0,59.0,   67,1024.0,0.00,3.8,1
2024-09-13,84.0,60.1,   67,1023.7,0.00,3.6,1
2024-09-14,87.1,63.0,   65,1024.0,0.00,5.6,1
2024-09-15,81.0,64.0,   64,1026.8,0.00,7.2,1
2024-09-16,78.1,57.9,   69,1026.1,0.00,6.3,1
2024-09-17,81.0,64.9,   69,1022.4,0.00,6.7,1
2024-09-18,78.1,66.9,   70,1017.3,0.00,10.3,1
2024-09-19,87.1,66.9,   55,1011.9,0.00,9.6,1
2024-09-20,84.0,66.9,   63,1013.9,0.00,11.4,1
2024-09-21,82.9,62.1,   59,1015.2,0.00,9.8,1
2024-09-22,77.0,61.0,   62,1016.6,0.00,9.2,1
2024-09-23,69.1,60.1,   65,1017.9,0.01,8.1,1
2024-09-24,71.1,61.0,   63,1020.3,0.00,8.1,1
2024-09-25,69.1,64.0,   73,1021.0,0.00,9.2,1
2024-09-26,77.0,66.0,   84,1017.6,0.05,4.5,1
2024-09-27,73.9,64.9,   76,1015.9,0.01,6.5,1
2024-09-28,68.0,62.1,   89,1014.2,0.40,9.4,1
2024-09-29,64.9,61.0,   88,1016.3,0.34,8.3,1
2024-09-30,75.0,61.0,   70,1017.3,0.00,8.1,1
2024-10-01,72.0,61.0,   71,1017.3,0.00,8.3,1
2024-10-02,70.0,59.0,   69,1015.9,0.00,5.8,1
2024-10-03,73.0,59.0,   68,1020.7,0.00,3.8,1
2024-10-04,75.0,57.9,   72,1022.0,0.00,4.5,1
2024-10-05,79.0,59.0,   59,1020.7,0.00,8.1,1
2024-10-06,72.0,53.1,   68,1017.9,0.00,7.4,1
2024-10-07,79.0,57.0,   57,1010.5,0.00,11.4,1
2024-10-08,72.0,54.0,   47,1012.5,0.00,8.9,1
2024-10-09,73.0,50.0,   45,1012.9,0.00,7.6,1
2024-10-10,64.0,48.9,   51,1017.9,0.00,12.5,1
2024-10-11,72.0,45.0,   48,1017.3,0.00,10.1,1
2024-10-12,78.1,53.1,   40,1013.5,0.00,9.6,1
2024-10-13,73.9,55.0,   58,1009.5,0.00,3.8,1
2024-10-14,70.0,46.9,   60,1005.8,0.00,12.8,1
2024-10-15,60.1,45.0,   51,1012.2,0.00,9.6,1
2024-10-16,62.1,43.0,   51,1017.6,0.00,11.6,1
2024-10-17,63.0,41.0,   49,1023.7,0.00,10.5,1
2024-10-18,70.0,43.0,   45,1028.4,0.00,8.9,1
2024-10-19,73.0,46.0,   50,1031.8,0.00,5.6,1
2024-10-20,79.0,44.1,   45,1025.7,0.00,4.7,1
2024-10-21,84.0,46.0,   40,1022.0,0.00,6.3,1
2024-10-22,82.9,59.0,   52,1023.0,0.00,3.1,1
2024-10-23,82.0,55.0,   56,1016.6,0.00,7.4,1
2024-10-24,72.0,55.0,   44,1013.9,0.00,13.6,1
2024-10-25,66.0,48.0,   45,1019.3,0.00,5.1,1
2024-10-26,66.0,50.0,   42,1020.7,0.00,7.6,1
2024-10-27,61.0,43.0,   46,1028.1,0.00,5.4,1
2024-10-28,61.0,42.1,   47,1029.5,0.00,2.9,1
2024-10-29,66.0,46.9,   77,1030.1,0.00,4.9,1
2024-10-30,79.0,55.9,   66,1025.4,0.00,7.2,1
2024-10-31,82.9,60.1,   61,1018.6,0.00,9.4,1
2024-11-01,82.0,57.9,   47,1015.2,0.00,13.6,0
2024-11-02,63.0,46.9,   43,1026.1,0.00,9.8,0
2024-11-03,57.9,39.9,   41,1031.5,0.00,8.7,0
2024-11-04,59.0,37.9,   62,1030.8,0.00,6.7,0
2024-11-05,75.9,51.1,   68,1022.4,0.00,9.6,0
2024-11-06,82.9,63.0,   57,1016.3,0.00,11.6,0
2024-11-07,78.1,54.0,   51,1017.6,0.00,10.5,0
2024-11-08,72.0,45.0,   43,1014.9,0.00,12.1,0
2024-11-09,57.0,43.0,   30,1026.1,0.00,11.4,0
2024-11-10,59.0,37.0,   52,1022.7,0.07,6.7,0
2024-11-11,70.0,54.0,   62,1007.1,0.12,13.0,0
2024-11-12,55.9,41.0,   43,1017.9,0.00,16.8,0
2024-11-13,52.0,36.0,   40,1031.2,0.00,11.9,0
2024-11-14,48.0,34.0,   49,1024.4,0.00,7.4,0
2024-11-15,61.0,39.9,   38,1011.9,0.00,9.2,0
2024-11-16,64.9,45.0,   35,1011.9,0.00,12.5,0
2024-11-17,66.0,42.1,   39,1016.3,0.00,6.7,0
2024-11-18,70.0,43.0,   43,1011.5,0.00,9.8,0
2024-11-19,64.0,46.9,   49,1012.5,0.00,4.7,0
2024-11-20,60.1,53.1,   58,1007.8,0.00,5.8,0
2024-11-21,55.9,39.0,   86,999.3,1.43,13.2,0
2024-11-22,41.0,37.0,   81,994.2,0.30,15.0,0
2024-11-23,52.0,37.0,   65,1001.7,0.01,15.4,0
2024-11-24,57.0,43.0,   54,1012.2,0.00,13.4,0
2024-11-25,57.0,39.9,   49,1016.9,0.00,6.3,0
2024-11-26,62.1,43.0,   65,1011.5,0.15,8.3,0
2024-11-27,54.0,37.0,   51,1016.3,0.00,7.8,0
2024-11-28,48.9,42.1,   75,1005.1,0.83,10.1,0
2024-11-29,48.9,34.0,   59,1012.2,0.01,10.7,0
2024-11-30,41.0,30.2,   46,1016.3,0.00,11.9,0
2024-12-01,39.0,24.3,   44,1019.0,0.00,10.1,0
2024-12-02,42.1,25.2,   50,1021.0,0.00,8.3,0
2024-12-03,44.1,32.0,   51,1024.0,0.00,9.8,0
2024-12-04,42.1,24.3,   56,1019.0,0.01,10.5,0
2024-12-05,41.0,31.1,   62,1004.7,0.06,17.9,0
2024-12-06,37.0,30.2,   38,1018.6,0.00,14.5,0
2024-12-07,44.1,31.1,   45,1019.3,0.00,13.0,0
2024-12-08,57.0,37.0,   41,1010.8,0.00,11.4,0
2024-12-09,54.0,36.0,   78,1014.9,0.20,4.0,0
2024-12-10,54.0,46.0,   88,1016.9,0.16,4.9,0
2024-12-11,63.0,42.1,   86,1003.7,0.76,10.5,0
2024-12-12,42.1,29.1,   41,1020.7,0.00,17.2,0
2024-12-13,36.0,25.2,   36,1038.3,0.00,10.5,0
2024-12-14,36.0,20.1,   50,1046.1,0.00,6.7,0
2024-12-15,39.9,22.1,   65,1041.3,0.03,7.2,0
2024-12-16,52.0,37.9,   90,1028.1,0.86,6.0,0
2024-12-17,61.0,46.0,   68,1020.3,0.02,11.6,0
2024-12-18,55.0,39.0,   65,1020.7,0.23,3.8,0
2024-12-19,46.9,36.0,   54,1023.4,0.04,12.3,0
2024-12-20,39.0,33.1,   73,1016.9,0.05,12.1,0
2024-12-21,33.1,20.1,   60,1018.3,0.08,15.2,0
2024-12-22,23.2,13.1,   47,1031.8,0.00,12.3,0
2024-12-23,29.1,11.1,   51,1035.9,0.00,6.0,0
2024-12-24,41.0,26.2,   65,1025.7,0.07,8.5,0
2024-12-25,36.0,27.1,   64,1028.8,0.00,6.9,0
2024-12-26,39.0,22.1,   60,1031.5,0.00,6.9,0
2024-12-27,44.1,22.1,   65,1030.1,0.00,3.4,0
2024-12-28,48.0,37.9,   91,1024.7,0.71,2.2,0
2024-12-29,64.9,46.0,   81,1016.6,0.19,6.0,0
2024-12-30,59.0,44.1,   61,1005.1,0.21,13.6,0
2024-12-31,54.0,37.9,   66,1009.1,0.71,6.5,0
